,track_id,song_id,artist_id,artist_name,song_title,genre,dot_match_1,dot_score_1,dot_match_2,dot_score_2,dot_match_3,dot_score_3,cov_match_1,cov_score_1,cov_match_2,cov_score_2,cov_match_3,cov_score_3,corr_match_1,corr_score_1,corr_match_2,corr_score_2,corr_match_3,corr_score_3,cossim_match_1,cossim_score_1,cossim_match_2,cossim_score_2,cossim_match_3,cossim_score_3,dotTFIDF_match_1,dotTFIDF_score_1,dotTFIDF_match_2,dotTFIDF_score_2,dotTFIDF_match_3,dotTFIDF_score_3,covTFIDF_match_1,covTFIDF_score_1,covTFIDF_match_2,covTFIDF_score_2,covTFIDF_match_3,covTFIDF_score_3,corrTFIDF_match_1,corrTFIDF_score_1,corrTFIDF_match_2,corrTFIDF_score_2,corrTFIDF_match_3,corrTFIDF_score_3,cossimTFIDF_match_1,cossimTFIDF_score_1,cossimTFIDF_match_2,cossimTFIDF_score_2,cossimTFIDF_match_3,cossimTFIDF_score_3
0,TRVYEUW128F148C08D,SOFCCWD12AF72A6BC0,ARXPPEY1187FB51DF4,Michael Jackson,All The Things You Are,blues,Interlude 5,3570.0,I'm A Winner (Amended Album Version),2865.0,Hot N Cold (Innerpartysystem Main),2436.0,Interlude 5,4.138199999999999,I'm A Winner (Amended Album Version),3.3693093750000003,Hot N Cold (Innerpartysystem Main),2.95577343750001,You're All The World To Me,0.7336968310393809,You're The Top,0.7271838626050462,You're A Soldier,0.6887269177639563,You're All The World To Me,0.73913808345401,You're The Top,0.7316274421252662,You're A Soldier,0.694669413787504,Happy Boys & Girls,108.95266031131071,Angel,101.61049527314846,Being With You,100.58760870915184,Happy Boys & Girls,0.11461210209096916,Being With You,0.10633677655567472,Baby Be Mine,0.10132398329466484,These Arms Of Mine,0.3338268050133829,Please Baby,0.2840742950004369,Baby Be Mine,0.2643398109394327,These Arms Of Mine,0.35382379729512425,Please Baby,0.3051595525279233,Baby Be Mine,0.30170735811526317
1,TRCXKPC128F92FD04C,SOEFNXT12AB017E829,ARZENOX1187B98A645,John Mayer,Vultures,blues,B-Boy Bouillabaisse: A.W.O.L. (2009 Digital Remaster),3132.0,Interlude 5,3012.0,I Mean (I Don't Mean It),2988.0,I Mean (I Don't Mean It),3.50526874999999,B-Boy Bouillabaisse: A.W.O.L. (2009 Digital Remaster),3.461068749999997,8 Mile,3.3624312500000086,Plastic World,0.6568703206763483,The Ups And Downs,0.6411269509265004,Keep Moving,0.6134740359507672,Plastic World,0.6692922727596603,The Ups And Downs,0.6557604034160445,Keep Moving,0.6349611011001333,Interlude 5,246.4825821114706,B-Boy Bouillabaisse: A.W.O.L. (2009 Digital Remaster),215.6073461275193,Honest Expression,200.28127094944304,Fire and Heights,0.1492023238177047,Mainstream,0.14315915967005902,Never Gonna Give You Up,0.13265033983240843,Never Gonna Give You Up,0.266908476260054,Fire and Heights,0.2615810013065227,Jerusalem,0.2548344826639173,Fire and Heights,0.3421506732540316,Never Gonna Give You Up,0.32940827919320403,Jerusalem,0.3182902209314574
2,TRMMALW128F92FD049,SOVUCRS12A58A7D207,ARZENOX1187B98A645,John Mayer,Out Of My Mind,blues,Interlude 5,4597.0,B-Boy Bouillabaisse: A.W.O.L. (2009 Digital Remaster),3722.0,I'm A Winner (Amended Album Version),3671.0,Interlude 5,5.327649999999998,I'm A Winner (Amended Album Version),4.315181249999995,B-Boy Bouillabaisse: A.W.O.L. (2009 Digital Remaster),4.302434374999995,Preacher On A Sunday Morning,0.6669323712356535,Ready For The Weekend,0.6648010039503683,Beyond Salvation,0.6619949063669038,Preacher On A Sunday Morning,0.6782620363865318,Ready For The Weekend,0.6750246601106777,Beyond Salvation,0.6703596100206974,Interlude 5,178.61903824220047,If I Had,162.43307034762321,B-Boy Bouillabaisse: A.W.O.L. (2009 Digital Remaster),155.14230418241527,If I Had,0.15170194478140175,Interlude 5,0.11663526023192171,Say Now,0.11527108174189943,Half Right,0.264818602170029,Hades Lady,0.24657499773370462,Sad Lover's Waltz,0.2441480542886448,Half Right,0.2977239544664077,If I Had,0.2921640239717054,Half Of My Mistakes,0.2764968207302844
3,TRJWAJC128F9327C4F,SORMDVX12AB01816AA,ARLMXEA1187B9A7D04,R. Kelly,Hump Bounce,blues,Interlude 5,5557.0,B-Boy Bouillabaisse: A.W.O.L. (2009 Digital Remaster),4567.0,I Want You,4088.0,Interlude 5,6.364350000000007,B-Boy Bouillabaisse: A.W.O.L. (2009 Digital Remaster),5.2221203124999995,I Want You,4.896135937499989,All I Do,0.6579208891618389,Overjoyed,0.6397699791344678,Day And Night,0.6306836382560363,All I Do,0.667718031491555,Overjoyed,0.6534939234987447,Day And Night,0.6430239888722205,Ear Drums Pop,207.07762687006067,1st Booty On Duty,197.7806105619291,B-Boy Bouillabaisse: A.W.O.L. (2009 Digital Remaster),196.09871987916364,Ear Drums Pop,0.16452041588604785,Let's All Get Drunk,0.15888242172574543,1st Booty On Duty,0.15483271271013072,Here We Go,0.301417285636223,Don't Stop,0.2948051861970324,Disco,0.29314565282763494,Here We Go,0.3460019266546868,Don't Stop,0.339255625264981,Here I Am (Come And Take Me),0.33139706999048885
4,TRPEBTH128F9327C4D,SOYTJAC12AF729F49D,ARLMXEA1187B9A7D04,R. Kelly,Intro - The Sermon,blues,Interlude 5,6673.0,B-Boy Bouillabaisse: A.W.O.L. (2009 Digital Remaster),5569.0,I'm A Winner (Amended Album Version),5237.0,Interlude 5,7.593749999999982,B-Boy Bouillabaisse: A.W.O.L. (2009 Digital Remaster),6.336132812500019,I'm A Winner (Amended Album Version),6.0577343750000034,Hook,0.7430112475755696,I Don't Want To Talk About It,0.742834840746948,B-Boy Bouillabaisse: A.W.O.L. (2009 Digital Remaster),0.7416846726916941,B-Boy Bouillabaisse: A.W.O.L. (2009 Digital Remaster),0.758552189169887,Hook,0.756381455883275,I Don't Want To Talk About It,0.7561220426091677,Interlude 5,386.3706230177961,Man In The Mirror,294.5114529659673,Honest Expression,281.1417357740439,Man In The Mirror,0.24848130900515789,Interlude 5,0.24490281548845658,Honest Expression,0.1876139693615449,The Way It Is,0.282788100711289,Pass The Mic (Pt. 2_ Skills To Pay The Bills) (2009 Digital Remaster),0.2700724555596224,Oh Well,0.2635720673885267,Pass The Mic (Pt. 2_ Skills To Pay The Bills) (2009 Digital Remaster),0.35258464957091423,Interlude 5,0.3430340905035263,The Way It Is,0.33825668397453373
5,TRNWHUD128F932E304,SOXUKQZ12AB01860EE,ARXPPEY1187FB51DF4,Michael Jackson,Call On Me,blues,Interlude 5,8789.0,I'm A Winner (Amended Album Version),7434.0,B-Boy Bouillabaisse: A.W.O.L. (2009 Digital Remaster),7016.0,Interlude 5,10.091550000000014,I'm A Winner (Amended Album Version),8.707784374999983,I Want You,8.426173437499976,G Up,0.8027120628514688,Club Megamix,0.7988456432230557,Hook,0.7916165377099591,G Up,0.8100800277820065,Club Megamix,0.8097786208426687,Hook,0.8019385595698869,Interlude 5,318.78860760677674,B-Boy Bouillabaisse: A.W.O.L. (2009 Digital Remaster),315.6372022753729,Just Right,271.10241459181435,Just Right,0.25692178294872775,I'm Gon' Change,0.18862640117406967,Oh Baby I,0.1876126910101873,Just Right,0.3209059754271076,Oh Baby I,0.29771596656992017,5:19,0.29373709373222323,Just Right,0.3835272957023939,Oh Baby I,0.36091538382648186,5:19,0.3492689868880622
6,TRFGGSX128F427A723,SOIBZAN12D02191BAF,ARS8GNX1187B9B5141,The Black Keys,Oceans and Streams,blues,Interlude 5,2328.0,B-Boy Bouillabaisse: A.W.O.L. (2009 Digital Remaster),2215.0,8 Mile,1918.0,Interlude 5,2.6109999999999984,B-Boy Bouillabaisse: A.W.O.L. (2009 Digital Remaster),2.5187031250000014,8 Mile,2.2087968749999995,Runaway,0.703824987969548,The Car Song,0.6949109189982319,I Don't Have Time To Stand Here With You Fighting About The Size Of My Dick,0.6864159482424174,Runaway,0.7156599537949512,The Car Song,0.7093541132995728,I Don't Have Time To Stand Here With You Fighting About The Size Of My Dick,0.7006955849653108,8 Mile,149.5988690591318,Man In The Mirror,137.7536234919156,Da Mystery Of Chessboxin',131.27990257475395,Man In The Mirror,0.10884926475401309,Dreams,0.1043157626134864,Living For Today,0.100036294938482,What Can I Say,0.23641812027629525,Dreams,0.2268792723221227,Time To Grow,0.2251760741248015,What Can I Say,0.2838778237769648,Time To Grow,0.2829780824267778,Dreams,0.2773085860343167
7,TRPTCMZ128F9340B09,SOLKOOO12AB018794A,ARS8GNX1187B9B5141,The Black Keys,10 A.M. Automatic,blues,Interlude 5,1913.0,I'm A Winner (Amended Album Version),1790.0,Man In The Mirror,1585.0,Interlude 5,2.1888499999999995,I'm A Winner (Amended Album Version),2.105225000000002,Man In The Mirror,1.807725000000003,Bad Tattoo,0.6446113692397293,Dimples,0.6116015460079236,Only You,0.6044967567223934,Bad Tattoo,0.6552596777324119,Dimples,0.6187185674368255,Only You,0.6164341452711488,Interlude 5,151.9749950372209,Hey Ya!,119.41702431327542,She Ain't Afraid,105.885959212277,Hey Ya!,0.12201836386939748,Interlude 5,0.10812559561140937,Alright,0.10140553429518727,Bonin' In The Boneyard,0.4012205699845248,Rockin' Pneumonia,0.3329003209936156,Baby Help Me,0.2904871980281086,Bonin' In The Boneyard,0.41092873200223495,Rockin' Pneumonia,0.3453251607258264,Baby Help Me,0.32280468340119545
8,TRVKLGW12903CB4523,SOZCSPA12AB0185672,ARS8GNX1187B9B5141,The Black Keys,Aeroplane Blues,blues,Interlude 5,1486.0,B-Boy Bouillabaisse: A.W.O.L. (2009 Digital Remaster),1480.0,I Mean (I Don't Mean It),1471.0,I Mean (I Don't Mean It),1.7725562500000054,B-Boy Bouillabaisse: A.W.O.L. (2009 Digital Remaster),1.7192062499999985,I Wanna Know,1.7113250000000066,I Don't Know Where I'm Bound,0.7786412276587289,I Am Not A Whore,0.7519388605715477,16,0.7472018993356718,I Don't Know Where I'm Bound,0.7834660807446496,I Am Not A Whore,0.7553117160686514,16,0.7532525144739896,Otha Fish,69.94024940338288,8 Mile,69.23213744542862,B-Boy Bouillabaisse: A.W.O.L. (2009 Digital Remaster),66.17074759325435,Land Of The Free,0.06661892742848656,13 Months Of Sunshine,0.061751378794401776,Otha Fish,0.05984029047435122,13 Months Of Sunshine,0.3345186615012746,Sufferin' In The Land,0.30445558606159817,Masters Of Revenge,0.26373792901032383,13 Months Of Sunshine,0.35608490895083494,Sufferin' In The Land,0.32122032787994115,Elephant Clouds,0.2887049104200338
9,TRFBNZN128F9340B0E,SONGYFE12AB018562D,ARS8GNX1187B9B5141,The Black Keys,All Hands Against His Own,blues,Interlude 5,2681.0,I'm A Winner (Amended Album Version),1936.0,Man In The Mirror,1542.0,Interlude 5,2.9533499999999986,I'm A Winner (Amended Album Version),2.159959375000001,My Darling,1.6401984375000007,Give Me You,0.4733953967025422,The Stranger Song,0.47191782769568896,New Project,0.470474472286763,The Stranger Song,0.4971205446381256,Give Me You,0.4888152706435525,New Project,0.4878990560684231,She Got Kids,301.63555337323805,Brotha,269.3721923276803,Find A Way,243.82556760932928,She Got Kids,0.31520325407290994,Brotha,0.3107156256303426,Gehenna,0.27058793480735616,Outside The Trains Don't Run On Time,0.4603499476131241,Brotha,0.43906797282796367,GO,0.4155353689642399,Outside The Trains Don't Run On Time,0.4779317461993667,Brotha,0.4585728531941819,GO,0.4407217351770495
10,TRBYDKJ12903CA9D33,SOTXSMC12AB0182217,ARS8GNX1187B9B5141,The Black Keys,Black Door,blues,I Wanna Know,1868.0,Interlude 5,1536.0,Everytime I...,1227.0,I Wanna Know,2.2830062500000023,Interlude 5,1.7842999999999973,Everytime I...,1.4922656249999917,I Wanna Know,0.8412829926310673,Genius,0.7249993384308547,I Want That,0.6876158558692317,I Wanna Know,0.8441646524652541,Genius,0.7291485984915439,I Want That,0.6922102848214412,Jeep Ass Niguh,92.00491687882672,Man In The Mirror,84.50928500481145,Take Me To The Backseat (Album Version),68.74978008302547,Jeep Ass Niguh,0.09108134007887847,Man In The Mirror,0.0800232651239584,Take Me To The Backseat (Album Version),0.0785825877669209,Take Me To The Backseat (Album Version),0.3807779530304718,Oh Baby I,0.27717412435678124,Don't Bother Me (Bad Brains),0.27168839310502146,Take Me To The Backseat (Album Version),0.40154929704540376,Jeep Ass Niguh,0.3091774593488237,Oh Baby I,0.30754823060929
11,TRWJKJK128F9338FEF,SOIFDQD12AB01822F5,ARS8GNX1187B9B5141,The Black Keys,Busted,blues,Interlude 5,8737.0,I'm A Winner (Amended Album Version),8094.0,I Want You,6661.0,Interlude 5,10.159949999999998,I'm A Winner (Amended Album Version),9.619965624999997,I Want You,8.046451562499984,Sunshine,0.7536221354329571,1-2 Crush On You,0.7443815803404372,Rescue Me,0.7314517269101137,Sunshine,0.7627562450752137,1-2 Crush On You,0.7517032510777701,Rescue Me,0.7407423330399565,B-Boy Bouillabaisse: A.W.O.L. (2009 Digital Remaster),311.76387959080284,Interlude 5,310.47891521588923,Slam Harder,268.31197110334307,Caught Up,0.2499368724790805,Slam Harder,0.2395647307457908,Slam,0.2395647307457908,If Trust Is Broken...,0.28022358990612267,Caught Up,0.26981837130739844,Walk The Proud Land,0.25365493122249955,Caught Up,0.324248368434438,If Trust Is Broken...,0.31815655403347143,These Boots Are Made For Walkin',0.29877986430275405
12,TRUULBP12903CA9D23,SORMOIW12AB01887F0,ARS8GNX1187B9B5141,The Black Keys,Give Your Heart Away,blues,Interlude 5,1215.0,Man In The Mirror,1196.0,B-Boy Bouillabaisse: A.W.O.L. (2009 Digital Remaster),1055.0,Man In The Mirror,1.3273906250000025,Interlude 5,1.3232500000000005,I'm A Winner (Amended Album Version),1.1684843749999987,Heart In The Right Place,0.5441008891197913,Endless love,0.5403284263397526,Share My World,0.5322735785615332,Heart In The Right Place,0.5617462530236114,Endless love,0.5577415118492398,Share My World,0.5532563735196885,Man In The Mirror,125.32897303728876,5 Miles To Empty,91.37112785293054,B-Boy Bouillabaisse: A.W.O.L. (2009 Digital Remaster),88.456962733862,Man In The Mirror,0.11921441984482165,5 Miles To Empty,0.09252650468789365,Share My World,0.08297047413604959,Share My World,0.29618802854079807,One Night,0.29503198293004,Take Me Away,0.2923842801749492,Share My World,0.3385618035136831,Anytime,0.33404400665249234,One Night,0.3323801756476486
13,TRYYJHJ128F9340B19,SOKGVJH12A58A77920,ARS8GNX1187B9B5141,The Black Keys,Grown So Ugly,blues,Interlude 5,1853.0,B-Boy Bouillabaisse: A.W.O.L. (2009 Digital Remaster),1496.0,My Darling,1283.0,Interlude 5,2.1069499999999985,B-Boy Bouillabaisse: A.W.O.L. (2009 Digital Remaster),1.6949671874999972,My Darling,1.4756390625000002,32 20 Blues,0.6710883643746631,Kindhearted Woman Blues,0.6515867411708326,The Dust Of A Town,0.651058363458038,32 20 Blues,0.6855150363674519,The Dust Of A Town,0.6679150172978023,My Phone,0.6672072895572354,Interlude 5,145.31602378060185,Snoopafella (Edited),138.6706013132764,Safe + Sound,110.3146965060428,Snoopafella (Edited),0.11572469970867745,Louise,0.10892772274129259,Interlude 5,0.09193945767832831,Whose Muddy Shoes,0.3298141133838013,Louise,0.2993066180195029,Snoopafella (Edited),0.2458717936370968,Whose Muddy Shoes,0.3607213994761934,Louise,0.33869978276733104,Snoopafella (Edited),0.3170216853353793
14,TRHHJCL12903CB44B7,SOFRWHG12A58A7DF46,ARS8GNX1187B9B5141,The Black Keys,Hard Row,blues,Interlude 5,2371.0,I'm A Winner (Amended Album Version),2137.0,Man In The Mirror,1713.0,Interlude 5,2.71305,I'm A Winner (Amended Album Version),2.507409375000002,Man In The Mirror,1.9263156250000026,Othello,0.6117260740013392,All You Ever Knew,0.6078508917863538,Skynet,0.6011325136942266,Othello,0.6276589313861644,All You Ever Knew,0.621784412849926,Skynet,0.6164340419701512,Man In The Mirror,169.6755062350144,Mr. Outsider,147.28314409005907,Pray For Me,132.10855843173542,Man In The Mirror,0.16513477384968794,Mr. Outsider,0.1302623872695623,Enjoy Yourself,0.12646691957837392,Enjoy Yourself,0.3842375826348626,Let Yourself Go,0.3217388192832376,Whatever Gets You Through The Day,0.2984525215735443,Enjoy Yourself,0.4127939008864306,Let Yourself Go,0.34947677663933147,Whatever Gets You Through The Day,0.3357116162525008
15,TRWZXDS128F427A71B,SOAJJDS12A8C13A3FB,ARS8GNX1187B9B5141,The Black Keys,I Got Mine,blues,Everytime I...,2429.0,8 Mile,2295.0,I Want You,2292.0,Everytime I...,2.9687500000000004,I Want You,2.7838499999999966,8 Mile,2.7293999999999965,Ain't Nobody,0.6978075195678669,I staden växer inga blommor,0.6900789820755567,I Got Rhythm,0.6830195837462248,Ain't Nobody,0.7023112300132486,I staden växer inga blommor,0.6898684822115774,I Got Rhythm,0.6884824576413187,You Left Me,114.37569097531079,Do The Bartman,105.97978663579781,A game,103.65163091631204,You Left Me,0.1272472584366823,Nobody,0.11133532886712567,Rock Wit U (Awww Baby),0.10322267895786902,Winter Rose,0.37716699258376135,Please Baby,0.3525920682233313,Rollin' Mama Blues,0.3201457760710307,Winter Rose,0.3867543745297671,Please Baby,0.37032913562248565,Rollin' Mama Blues,0.3451403260481923
16,TRZDLWE12903CB44DE,SOURIRH12A58A7B408,ARS8GNX1187B9B5141,The Black Keys,If You See Me,blues,I'm A Winner (Amended Album Version),2415.0,Interlude 5,2268.0,I Want You,2044.0,I'm A Winner (Amended Album Version),2.8879781249999983,Interlude 5,2.6348999999999996,I Want You,2.481457812499997,Smooth & Sweet,0.7373697365172481,Plastic Halo,0.7349057529957588,Only When ur Lonely,0.7277855959236345,Smooth & Sweet,0.7445770452629388,Plastic Halo,0.7422477473632884,Only When ur Lonely,0.7358409409036905,Man In The Mirror,115.49243408686776,Fool For Love,110.75874164326609,Soopaman Luva 3,102.2992338048218,Man In The Mirror,0.10957563192626381,Treat Me Like A Lady,0.09946365203630181,Fool For Love,0.09746774545696914,Treat Me Like A Lady,0.32073361853731674,Door To My Heart,0.31357215274242417,Candy Man,0.28851139042430307,Treat Me Like A Lady,0.35028464465302417,Door To My Heart,0.33299181842709674,Treat The Youths Right,0.31295832015709324
17,TRNZQVO128F427A71E,SOIQUSV12A8C13A402,ARS8GNX1187B9B5141,The Black Keys,Lies,blues,Interlude 5,1825.0,B-Boy Bouillabaisse: A.W.O.L. (2009 Digital Remaster),1532.0,I'm A Winner (Amended Album Version),1506.0,Interlude 5,2.0121499999999988,I'm A Winner (Amended Album Version),1.7066343750000001,B-Boy Bouillabaisse: A.W.O.L. (2009 Digital Remaster),1.6899578124999954,I've Always Been A Coward Baby,0.6242314817702757,Lügen Und Das Ich,0.6200440763937284,Lies  (LP Version),0.6084335483863229,I've Always Been A Coward Baby,0.6401766373602283,Lügen Und Das Ich,0.6287694619975158,Lies  (LP Version),0.6225176217771732,One of Us,133.94897306491728,Interlude 5,121.85371818425682,Hey Ya!,120.89324008646055,Hey Ya!,0.11104087345237212,Blinded By Love,0.10704847758801046,Kiss Of Death,0.1061483785710019,Where Are You?,0.2732428394341278,Crossover Interlude,0.2718689917707446,Kiss Of Death,0.2709885433631479,Kiss Of Death,0.3104165524557226,Close Your Eyes,0.3053264652465491,I've Always Been A Coward Baby,0.30069774358957896
18,TRAECHJ12903CC36DA,SOCQQSU12AB0185BF4,ARS8GNX1187B9B5141,The Black Keys,Next Girl,blues,B-Boy Bouillabaisse: A.W.O.L. (2009 Digital Remaster),2459.0,The Girls,2248.0,8 Mile,2121.0,B-Boy Bouillabaisse: A.W.O.L. (2009 Digital Remaster),2.7602296875000008,The Girls,2.702012500000012,8 Mile,2.414645312499998,I Want My Girl,0.7258311267502844,Be My Girl,0.6669760036417919,My Little Girl,0.6612700940139911,I Want My Girl,0.7358411173733655,Be My Girl,0.6751375721634584,My Little Girl,0.6748369848356612,She Ain't Afraid,183.64447542779783,B-Boy Bouillabaisse: A.W.O.L. (2009 Digital Remaster),182.49977402684848,Interlude 5,178.80420375329845,She Ain't Afraid,0.14467115953393914,Guajira (I Love U 2 Much),0.13597127909265055,What's On Your Mind,0.12751046744499456,The Girl That I Marry,0.31287622457790826,Cavatina,0.2961027636248223,The Girl Next Door,0.291793165077523,The Girl That I Marry,0.33575818723326717,Cavatina,0.3312260688596559,The Girl Next Door,0.32761495410447483
19,TRRVSIN128F9338FD5,SOSICNK12AB01876BB,ARS8GNX1187B9B5141,The Black Keys,No Fun,blues,Miss You,1584.0,Breakaway,1418.0,Kozmic Blues,1222.0,Miss You,1.9072656249999937,Breakaway,1.7282468750000035,Kozmic Blues,1.4527750000000017,No Fun (Remasterd LP Version),0.8684616207768383,No No No,0.5649271907256469,La Estación,0.5337115544310275,No Fun (Remasterd LP Version),0.8699962032182403,No No No,0.5712988047253571,La Estación,0.5381112296108773,No Fun (Remasterd LP Version),209.6796133760853,Girls Just Want To Have Fun,119.62478716033553,By The Way,113.74174409470577,No Fun (Remasterd LP Version),0.2515485911504685,Girls Just Want To Have Fun,0.13514622286955844,Time Out For Fun,0.12423955088176535,No Fun (Remasterd LP Version),0.6557596405180658,Kicking And Screaming,0.3460399580720266,Time Out For Fun,0.3265190706352253,No Fun (Remasterd LP Version),0.6646743300372232,Kicking And Screaming,0.36214574970551544,Time Out For Fun,0.34947955496185706
20,TRYMMVG128F9340B1B,SOHKBXW12AB0185660,ARS8GNX1187B9B5141,The Black Keys,Stack Shot Billy,blues,Interlude 5,655.0,B-Boy Bouillabaisse: A.W.O.L. (2009 Digital Remaster),542.0,Otha Fish,529.0,Interlude 5,0.6462500000000009,Otha Fish,0.571601562500001,B-Boy Bouillabaisse: A.W.O.L. (2009 Digital Remaster),0.5332421875000013,Who Shot Sam,0.4701107987034358,Unintended Long Term Effects,0.44545317329925066,Trudy And Dave,0.4317869468770393,Who Shot Sam,0.48924194357973777,Unintended Long Term Effects,0.4641938517020844,Trudy And Dave,0.4567400573695089,Shot Of Love,123.60052885098702,Face Down,117.55843660857778,B-Boy Bouillabaisse: A.W.O.L. (2009 Digital Remaster),116.83260286105872,Shot Of Love,0.13017111258793487,I Shot The Devil,0.12559169428361647,Down By The River [Live At Massey Hall 1971],0.1239440747636651,I Shot The Devil,0.34296503581870635,Down By The River [Live At Massey Hall 1971],0.32868272084891165,American Tale,0.3110107192658646,I Shot The Devil,0.36147734078795424,Down By The River [Live At Massey Hall 1971],0.3541920714938153,Shot Of Love,0.344489045378207
21,TRKSEEY12903CCD312,SOTEPSZ12AB018C99D,ARS8GNX1187B9B5141,The Black Keys,Ten Cent Pistol,blues,Queen Of Hollywood ( LP Version ),902.0,She Ain't Afraid,889.0,Interlude 5,799.0,Queen Of Hollywood ( LP Version ),1.0378781250000018,She Ain't Afraid,0.9519015625000001,B-Boy Bouillabaisse: A.W.O.L. (2009 Digital Remaster),0.7598609374999996,Diamond Smiles,0.5364552169732046,Queen Of Hollywood ( LP Version ),0.5226359783709548,Right About Now,0.48820273297993055,Diamond Smiles,0.5586788128389328,Queen Of Hollywood ( LP Version ),0.5431163452312806,Right About Now,0.5124992210182767,B-Boy Bouillabaisse: A.W.O.L. (2009 Digital Remaster),216.57804614439533,She Ain't Afraid,180.21644772384553,Interlude 5,172.8889613210213,She Ain't Afraid,0.1498266023443555,B-Boy Bouillabaisse: A.W.O.L. (2009 Digital Remaster),0.14656140543230722,Queen Of Hollywood ( LP Version ),0.12740479301169663,Cyclops,0.280751278813325,Right About Now,0.2763175987398164,You Do The Same For Me,0.2610752269483471,Right About Now,0.3215858754059264,Lady Down On Love,0.30384065086483375,Cyclops,0.3016933514840455
22,TRFOGQC12903CA9D2E,SOTDIMP12AB01821E8,ARS8GNX1187B9B5141,The Black Keys,The Flame,blues,Interlude 5,2219.0,I'm A Winner (Amended Album Version),1494.0,My Darling,1236.0,Interlude 5,2.5552500000000005,I'm A Winner (Amended Album Version),1.7247031249999996,Hold Me Down (Album Version),1.4300156250000007,Knew It All Along (Acoustic),0.6133117060829772,Sex Packets (LP Version),0.6126989488661176,Interlude 5,0.6102791149807213,Sex Packets (LP Version),0.6299231171848717,Interlude 5,0.6291489352766583,Knew It All Along (Acoustic),0.6268797913336144,Interlude 5,107.75685593204494,B-Boy Bouillabaisse: A.W.O.L. (2009 Digital Remaster),97.97994526950497,Kissing The Flames,90.6085081613586,Kissing The Flames,0.10382799570427441,Flames of Love,0.10039065477861234,All The Woman (Recorded Live In London '99),0.09230370341084868,Flames of Love,0.38220928144904254,Kissing The Flames,0.3744057304748057,Wheel Of Fortune,0.3308544379325872,Flames of Love,0.4074026792725457,Kissing The Flames,0.3945857045872346,Wheel Of Fortune,0.3559311966752845
23,TREVCQU12903CCD318,SOGECRB12AB018C9AB,ARS8GNX1187B9B5141,The Black Keys,These Days,blues,Interlude 5,2558.0,B-Boy Bouillabaisse: A.W.O.L. (2009 Digital Remaster),2148.0,I Want You,1884.0,Interlude 5,2.8455999999999992,B-Boy Bouillabaisse: A.W.O.L. (2009 Digital Remaster),2.3907140624999994,I Want You,2.2256671875000054,These Days,0.6577582435087541,The Sense,0.6141180233274958,These Days,0.6016157124684538,These Days,0.670605161857436,The Sense,0.6307612191887608,These Days,0.6219959378222331,Interlude 5,221.2329692253774,B-Boy Bouillabaisse: A.W.O.L. (2009 Digital Remaster),184.20043579657573,Last to Know,173.63880725733367,Last to Know,0.16606562271052105,Interlude 5,0.13496112378739533,Man In The Mirror,0.11592741731589225,Last to Know,0.27165432406266216,The Howling,0.26018836164575465,Death To The Dodgers Of Soap,0.2522794249669784,Last to Know,0.32736101450688254,The Howling,0.3222286435427447,Vincent (Starry_ Starry Night) (Album Version),0.29429713963293014
24,TRFLJNE12903CB44F1,SOBJBEU12AF729D526,ARS8GNX1187B9B5141,The Black Keys,When The Lights Go Out,blues,Interlude 5,2209.0,I'm A Winner (Amended Album Version),1781.0,I Want You,1457.0,Interlude 5,2.494449999999999,I'm A Winner (Amended Album Version),2.0518875000000008,I Want You,1.723193750000002,Do You Know?,0.565262225957534,Down And Dirty,0.5648937104498977,Superman Tonight,0.5602434622845053,Down And Dirty,0.5795693115308373,Do You Know?,0.5781506783083159,Superman Tonight,0.5774632974445119,B-Boy Bouillabaisse: A.W.O.L. (2009 Digital Remaster),117.88441118364432,Interlude 5,116.2962770185542,I Mean (I Don't Mean It),98.74623614769385,I Mean (I Don't Mean It),0.0879431986141337,Your Eyes,0.08570183067777641,Alright,0.0781117982396708,Just Don't Want To Be Lonely,0.30777913862449247,Alpha Beta Parking Lot,0.25984598016198285,Enemmän,0.25969686918024065,Just Don't Want To Be Lonely,0.3348353249530741,Force Quit,0.2912415674337765,Playgrounds And City Parks,0.2884330337169986
25,TRQNNKX12903CB44CA,SOCULJG12A8AE4714D,ARS8GNX1187B9B5141,The Black Keys,Have Love Will Travel,blues,I Want You,2215.0,Interlude 5,2205.0,I'm A Winner (Amended Album Version),2108.0,I Want You,2.6444890625000075,Interlude 5,2.4181499999999994,I'm A Winner (Amended Album Version),2.4140406250000024,Somewhere In Time,0.6597663237313405,My Forfeit,0.6182797427861539,I Feel Love,0.6164859183592444,Somewhere In Time,0.6698115401794407,My Forfeit,0.6271956421817664,Baby,0.6264826776685397,Plumskinzz (Loose Hoe_ God & Cupid),193.30564433264738,Slam Harder,189.28379570452975,Slam,189.28379570452975,Slam,0.18549709919728477,Slam Harder,0.18549709919728477,Plumskinzz (Loose Hoe_ God & Cupid),0.18307837501261123,I Miss You,0.40005766168963963,I'm Not In The Mood (To Say No)!,0.35313173769866435,Reggae On Broadway,0.34207793763701205,I Miss You,0.4311475064344073,I'm Not In The Mood (To Say No)!,0.3818669976174173,Reggae On Broadway,0.36837951516042927
26,TRKNKGC128F42A746A,SOUZEJD12D021B5336,AR20CFC1187B98A25D,Ray Charles,C.C. Rider,blues,Interlude 5,7547.0,I'm A Winner (Amended Album Version),6158.0,My Darling,5473.0,Interlude 5,8.718449999999999,I'm A Winner (Amended Album Version),7.230028124999999,I Want You,6.409607812499993,Angelina,0.7030176047073917,Can't You See,0.6977799812633991,Down And Dirty,0.6937393530547796,Angelina,0.713714348878679,Can't You See,0.7060401258180394,Down And Dirty,0.7038096574177413,B-Boy Bouillabaisse: A.W.O.L. (2009 Digital Remaster),206.36385099392734,The Hourglass,192.4842799510692,Overdose (Album Version),191.31120359443818,All Along The Water,0.19307408073387441,Forever Young,0.14578485567774924,Blinded By Love,0.1437337508176174,All Along The Water,0.30808077620946683,Careless Love,0.30044830643212467,Coming Home (Live At Sheffield City Hall),0.2684334403112229,All Along The Water,0.3406363422886934,Careless Love,0.3262360448926654,The Price You Pay,0.3095332777093186
27,TRWEHQE128F935A2D6,SOKQSDH12AB0188B1A,AR20CFC1187B98A25D,Ray Charles,I Got a Woman,blues,B-Boy Bouillabaisse: A.W.O.L. (2009 Digital Remaster),2251.0,Interlude 5,2160.0,She Ain't Afraid,2066.0,B-Boy Bouillabaisse: A.W.O.L. (2009 Digital Remaster),2.452143750000002,She Ain't Afraid,2.330756250000002,8 Mile,2.279606249999999,Passin' Me By,0.6087311125223496,Haywire,0.6038000443257087,Empress,0.6030790764798384,Passin' Me By,0.6271014613120457,Empress,0.6211101328495388,Haywire,0.6205870537019557,B-Boy Bouillabaisse: A.W.O.L. (2009 Digital Remaster),221.39316875832864,Luv Me Up,179.6494375605286,Ain't No Woman (Like The One I've Got),172.72057926336814,Only Fool In Town (2002 Digital Remaster),0.18338197725940908,Ain't No Woman (Like The One I've Got),0.17113045165035057,Luv Me Up,0.15787459387435343,Only Fool In Town (2002 Digital Remaster),0.40104074681102914,Full-Time Lover,0.3438143203314193,It's All Over,0.33383660629368395,Only Fool In Town (2002 Digital Remaster),0.4316836006551532,Full-Time Lover,0.3798647058354821,It's All Over,0.3717320833065939
28,TRPMJOK128F92F317A,SOQWJXH12AAF3B5B0F,AR20CFC1187B98A25D,Ray Charles,The Sun's Gonna Shine Again,blues,Interlude 5,2103.0,B-Boy Bouillabaisse: A.W.O.L. (2009 Digital Remaster),1440.0,I'm A Winner (Amended Album Version),1435.0,Interlude 5,2.3803500000000013,I'm A Winner (Amended Album Version),1.631412500000002,I Want You,1.5974562500000022,Devil Got My Woman,0.552626063150677,The Way You Treated Me (You're Gonna Be Sorry),0.5434697373049154,Interlude 1,0.5295659750403502,Devil Got My Woman,0.5696912691762414,The Way You Treated Me (You're Gonna Be Sorry),0.5577570277273353,Interlude 1,0.5491798622456296,Black Dog,138.57148134751674,Keepin' It Strong,128.00857569441874,One of Us,124.8100515847761,Black Dog,0.14673371763276774,I BELIEVE,0.12109540967254302,Davey Jones Locker,0.112765723705681,Black Dog,0.30043334976881575,I BELIEVE,0.2991976097052167,When The Saints Go Marching In,0.27890141769694704,Black Dog,0.3357026124527507,I BELIEVE,0.3323088721027486,When The Saints Go Marching In,0.3040397804141395
29,TRGXECP12903CDDC43,SOCLEEQ12D021B23E0,AR20CFC1187B98A25D,Ray Charles,Losing Hand,blues,Interlude 5,3227.0,I'm A Winner (Amended Album Version),2963.0,I Want You,2841.0,Interlude 5,3.7393499999999995,I'm A Winner (Amended Album Version),3.511350000000007,I Want You,3.443050000000004,Heroine,0.7490418712182741,Lollipop,0.7480762379464801,Baby,0.7397508372346332,Lollipop,0.7561962839199741,Heroine,0.756067027843703,Baby,0.747349575969435,Interlude 5,150.9591179839856,Caught Up,148.8373280875691,B-Boy Bouillabaisse: A.W.O.L. (2009 Digital Remaster),116.07342223157131,Caught Up,0.14983888150738708,I Don't Wanna Lose Your Love,0.11945237993391014,Higher,0.10793076943290501,Caught Up,0.2860103173739484,I Don't Wanna Lose Your Love,0.27265746529538465,Higher,0.2627590007544353,Caught Up,0.329169849090275,I Don't Wanna Lose Your Love,0.3111146676583439,Higher,0.3039388107958252
30,TREQYGT128E07859FA,SOZOJBP12A6701E425,ARV9LSS1187B98C471,Blake Shelton,Nobody But Me (Album Version),blues,Interlude 5,4601.0,I'm A Winner (Amended Album Version),3701.0,I Want You,3608.0,Interlude 5,5.2429499999999996,I Want You,4.323185937499996,I'm A Winner (Amended Album Version),4.2940593750000025,I Ain't Never,0.7001392651379786,Love Don't Love You (LP Version),0.6915751644784762,Let's Go,0.6873740898651609,I Ain't Never,0.7093228630758824,Love Don't Love You (LP Version),0.700632809590511,Let's Go,0.6958892324018713,Interlude 5,188.72763441896328,B-Boy Bouillabaisse: A.W.O.L. (2009 Digital Remaster),165.68065722584467,Nasty Grind,161.6104201861799,Nasty Grind,0.17548054636669824,Come On Around To My House Mama,0.14414003992191424,Joy,0.12408038093991296,Nasty Grind,0.36045147943402317,Nobody's Man,0.3292635571133772,It's All Over,0.31294272788879873,Nasty Grind,0.39344785018069933,Nobody's Man,0.3618780086241202,It's All Over,0.3470702918465385
31,TROFEVE12903CD8AAA,SONQLUB12D02199FCD,AR66H0N1187B9AE91E,Etta James,A Sunday Kind of Love,blues,Interlude 5,2268.0,B-Boy Bouillabaisse: A.W.O.L. (2009 Digital Remaster),2092.0,8 Mile,1772.0,Interlude 5,2.513000000000004,B-Boy Bouillabaisse: A.W.O.L. (2009 Digital Remaster),2.3457187499999987,8 Mile,2.0117812499999976,And Roses And Roses,0.6387857487434727,Fearless Love,0.624345821269852,Fistful Of Diamonds,0.6204365192080374,And Roses And Roses,0.6520805604100922,Fearless Love,0.6374657574594913,Fistful Of Diamonds,0.6311391808738567,Find A Way,211.96369010441828,Sprung,198.2383897484197,She Got Kids,190.85303739883008,Sprung,0.2178613246680483,Find A Way,0.20083896606355275,I'm Ready,0.1967538453088295,Sprung,0.36759595573591713,London Boys,0.3638562312955736,I'm Cool,0.32983582633734115,Sprung,0.39798701658819746,London Boys,0.3828997838040731,I'm Cool,0.357378210530358
32,TRCFPJF128F428A872,SOKCCML12D021B0FC6,AR66H0N1187B9AE91E,Etta James,I Just Want To Make Love To You,blues,Interlude 5,7889.0,I'm A Winner (Amended Album Version),7104.0,I Want You,6291.0,Interlude 5,9.362150000000003,I'm A Winner (Amended Album Version),8.553821874999985,I Want You,7.680317187499992,I Just Want To Make Love To You,0.8572527623051486,Love Struck,0.8294796744438512,Want You_ Miss You_ Love You,0.7970538844156012,I Just Want To Make Love To You,0.8602212578815764,Love Struck,0.8335277879280489,Want You_ Miss You_ Love You,0.8014557433217919,Interlude 5,150.22731499091103,Blue (I'm Still Here With You),130.73627575323727,Luv Me Up,125.88843649885,Blue (I'm Still Here With You),0.13714189443966265,I Just Want To Make Love To You,0.13659212659660805,Give Me What I Want (LP Version),0.1210763905351603,I Just Want To Make Love To You,0.6960461685141152,You Got Me,0.34563655271368326,Give Me What I Want (LP Version),0.3304930478460018,I Just Want To Make Love To You,0.7093138579497328,You Got Me,0.38218123753604194,Give Me What I Want (LP Version),0.36757191179765425
33,TRBFTHL128C7196B42,SODJRCC12D02192374,AR66H0N1187B9AE91E,Etta James,My Dearest Darling,blues,Interlude 5,1609.0,I'm A Winner (Amended Album Version),1603.0,My Darling,1567.0,I'm A Winner (Amended Album Version),1.8774874999999982,My Darling,1.8404937499999996,Interlude 5,1.8180499999999995,Endless love,0.6989731103223097,Snowflakes,0.6900703783444886,Breakin' My Heart (Pretty Brown Eyes),0.6869805448877149,Endless love,0.7090147186016058,Snowflakes,0.7016972764662263,Breakin' My Heart (Pretty Brown Eyes),0.6981418553632347,My Darling,152.51649691909785,Hold You,101.44192931450264,Your Eyes,92.88704938162866,My Darling,0.13865630325943057,Hold You,0.09975956996135522,Too Beautiful,0.09848417697044581,Come Back Darling,0.38824963885186237,Stir It Up,0.3822930110479691,My Special Prayer,0.36602336604672786,Come Back Darling,0.4076260866728643,Stir It Up,0.4053314550560442,My Special Prayer,0.3896993340669455
34,TRFEGGQ128E07898AA,SOMPSXS12D021B12D7,AR66H0N1187B9AE91E,Etta James,W.O.M.A.N.,blues,Interlude 5,2237.0,Cut And Run,1879.0,I'm A Winner (Amended Album Version),1744.0,Interlude 5,2.515649999999998,Cut And Run,2.2835562499999975,I'm A Winner (Amended Album Version),1.9966187499999988,Perfect Stranger,0.7352704095327459,Givin' Up (Clean Version),0.7313282315519756,Shimmy_ Shimmy_ Ko-Ko-Bop (Single Version),0.725829735335858,Perfect Stranger,0.7408304133687239,Givin' Up (Clean Version),0.7350005406724144,Shimmy_ Shimmy_ Ko-Ko-Bop (Single Version),0.7317444599241864,Take My Money,152.32534121660063,Touch Me,138.06478868617634,Man! I Feel Like A Woman!,132.01513515969464,Take My Money,0.15390309409344557,Man! I Feel Like A Woman!,0.14115422548491863,I'm A Woman,0.1323459591652182,The Great Collapse,0.4043369236069277,I'm A Woman,0.39291434656625013,Kind Hearted Woman Blues (Album Version),0.37769830055584663,I'm A Woman,0.4224368904492077,The Great Collapse,0.4136833020132849,Kind Hearted Woman Blues (Album Version),0.4042703634707603
35,TRDDDDX128E0793212,SOIOOIR12A58A7EBB8,ARLAUED1187B9ACEAF,Eric Clapton,Alberta,blues,Interlude 5,1647.0,I'm A Winner (Amended Album Version),1532.0,My Darling,1249.0,Interlude 5,1.8701500000000002,I'm A Winner (Amended Album Version),1.7917437500000002,My Darling,1.4458093750000003,Lovely To See You,0.6170007710107535,Down And Dirty,0.6132646651337105,Theme From Mahagony (Do You Know Where You're Going To),0.6086252255072351,Lovely To See You,0.626346080342961,Down And Dirty,0.623717588308047,Theme From Mahagony (Do You Know Where You're Going To),0.6182644199064222,Try Our Love Again,96.33294195918275,Ain't Had No Lovin',84.89185849967309,8 Mile,81.96100040334666,Try Our Love Again,0.10347242747207808,Ain't Had No Lovin',0.09594566564808733,Been So Long,0.0870788064929076,Ain't Had No Lovin',0.3748212781843243,Been So Long,0.3520447779730258,Try Our Love Again,0.3277826544825782,Ain't Had No Lovin',0.3984590490215958,Been So Long,0.3816175189730292,Try Our Love Again,0.35994184992519324
36,TRWBAGY128F93034BF,SOXIVQT12AB0181061,ARLAUED1187B9ACEAF,Eric Clapton,Before You Accuse Me (Take A Look At Yourself),blues,Interlude 5,1431.0,My Darling,1312.0,B-Boy Bouillabaisse: A.W.O.L. (2009 Digital Remaster),1285.0,Interlude 5,1.5679499999999984,My Darling,1.5048500000000025,I'm A Winner (Amended Album Version),1.4544499999999965,Before You Accuse Me,0.8800229295853705,Preacher On A Sunday Morning,0.6131911839346919,You Had Me (Live),0.6047578537285763,Before You Accuse Me,0.885745926261553,Preacher On A Sunday Morning,0.6330220103140114,You Had Me (Live),0.6217482026427427,Before You Accuse Me,195.34258570626298,B-Boy Bouillabaisse: A.W.O.L. (2009 Digital Remaster),134.73643097070268,Interlude 5,119.33567925290178,Before You Accuse Me,0.23012151328717098,Dirty Money,0.0969402190164721,Splurge,0.096327994199353,Before You Accuse Me,0.8209281184345218,Up To No Good,0.30738857028673855,four hearts,0.25764660243155213,Before You Accuse Me,0.8294753528199511,Up To No Good,0.33963777372007503,If You Want A Mother,0.28419799410805086
37,TRLWIBC128E0792E2C,SORMUAO12A6D4F9262,ARLAUED1187B9ACEAF,Eric Clapton,Early In The Morning,blues,Interlude 5,2719.0,B-Boy Bouillabaisse: A.W.O.L. (2009 Digital Remaster),2110.0,Hold Me Down (Album Version),1773.0,Interlude 5,3.0353500000000047,B-Boy Bouillabaisse: A.W.O.L. (2009 Digital Remaster),2.3335968749999942,Hold Me Down (Album Version),2.0478812500000054,Broken Buildings,0.5768927835311591,Me And The Devil,0.5755248582468123,The Moor,0.5619421027428303,Me And The Devil,0.5968675616148561,Broken Buildings,0.5930414797492458,The Moor,0.5812763812852317,B-Boy Bouillabaisse: A.W.O.L. (2009 Digital Remaster),177.3253408017631,All For One (Explicit) (2006 Remastered LP Version),135.4114122843105,What's On Your Mind,126.98308675170357,Lay Lady Lay,0.11043860155850123,Roni,0.10871221592822787,Morning After,0.10408799437475587,Allow Me One More Show,0.279649592328788,If I Needed You,0.2672287668917413,Shining Moon,0.2645675746192078,Allow Me One More Show,0.3173628368895967,If I Needed You,0.3008766240660049,Shining Moon,0.2952230874794378
38,TRAZQIG128F146372E,SOFZYKR12A6D4F72A5,ARLAUED1187B9ACEAF,Eric Clapton,Floating Bridge,blues,Interlude 5,2423.0,B-Boy Bouillabaisse: A.W.O.L. (2009 Digital Remaster),2285.0,8 Mile,1863.0,Interlude 5,2.66765,B-Boy Bouillabaisse: A.W.O.L. (2009 Digital Remaster),2.554270312499999,8 Mile,2.1008546874999987,Hurt Me Soul (Explicit Album Version),0.6499208281616761,About Cell Block #9,0.6376201798270444,Feel Me,0.6374150792990851,Hurt Me Soul (Explicit Album Version),0.6664681902367555,Feel Me,0.656911610446021,About Cell Block #9,0.653763644614063,B-Boy Bouillabaisse: A.W.O.L. (2009 Digital Remaster),176.58578830888158,Interlude 5,167.98133773368298,That's How I Beat Shaq,161.7411780743346,That's How I Beat Shaq,0.1350441746343526,If I Had My Way I'd Tear This Building Down,0.1282807178342311,Your Song,0.11815752423135724,Stormy Monday,0.28696926401100614,Down At The Landing,0.24337488303531107,Since Yesterday,0.23284613488148437,Stormy Monday,0.315000956786404,Since Yesterday,0.27637727069922596,Down At The Landing,0.27608648040312544
39,TRQUJCP128F4238206,SOICNJH12A81C22263,ARLAUED1187B9ACEAF,Eric Clapton,Kind Hearted Woman Blues (Album Version),blues,Interlude 5,1804.0,B-Boy Bouillabaisse: A.W.O.L. (2009 Digital Remaster),1711.0,I'm A Winner (Amended Album Version),1577.0,Interlude 5,2.001999999999997,B-Boy Bouillabaisse: A.W.O.L. (2009 Digital Remaster),1.9271718750000022,I Want You,1.848265625000006,Kindhearted Woman Blues,0.9459268741555747,Breakin Me,0.6862688998070384,Black Magic Woman,0.6838707621408097,Kindhearted Woman Blues,0.9482073883144873,Breakin Me,0.7003492917357614,Club Megamix,0.6961442495270542,Kindhearted Woman Blues,160.17813471173756,Just Right,110.67423059962273,Interlude 5,106.07046847951305,Kindhearted Woman Blues,0.18903846824893233,Just Right,0.10871498930463551,Rock Wit U (Awww Baby),0.10744703263565125,Kindhearted Woman Blues,0.9162718752646991,Woman Trouble,0.4157988794566186,W.O.M.A.N.,0.37769830055584985,Kindhearted Woman Blues,0.9205114386740807,Woman Trouble,0.44344685886782426,W.O.M.A.N.,0.40427036347076034
40,TRIDJMD128E078B984,SOWGAGY12A6701F305,ARN0YZ71187B9BA57B,Michael Bublé,That's All (Album Version),classical,Interlude 5,4289.0,I'm A Winner (Amended Album Version),2974.0,Man In The Mirror,2837.0,Interlude 5,5.025449999999999,I'm A Winner (Amended Album Version),3.4980437500000026,Man In The Mirror,3.258356249999998,Fascination (Album Version),0.7790582980879698,One Man Drinking Games,0.7268641223324006,All My Love,0.7260595305313376,Fascination (Album Version),0.7865780716762889,One Man Drinking Games,0.7373932721322488,All My Love,0.7342440698752284,Interlude 5,119.4537647237082,The Hourglass,112.46379417760906,B-Boy Bouillabaisse: A.W.O.L. (2009 Digital Remaster),110.19498330600292,Straight From The Heart,0.10200822676283318,Till The End Of The World,0.09664007923526313,Take Me,0.09151617358585701,Straight From The Heart,0.31303816661873296,Love Me Warm And Tender,0.29936880974010327,Even Tho',0.2968609206391675,Straight From The Heart,0.36127858567168114,Even Tho',0.33789735804776594,Love Me Warm And Tender,0.33456942975035703
41,TRYRCXF128F424183D,SOWXYFO12A8AE46AD3,ARGVJPK1187B9909EA,Josh Groban,America (Revised Live Version),classical,Interlude 5,2325.0,B-Boy Bouillabaisse: A.W.O.L. (2009 Digital Remaster),2240.0,8 Mile,1876.0,Interlude 5,2.607249999999999,B-Boy Bouillabaisse: A.W.O.L. (2009 Digital Remaster),2.5499531250000005,8 Mile,2.156296874999999,America,0.9944536467064781,All For One (Explicit) (2006 Remastered LP Version),0.7371923298814068,The Irony Of It All (Album Version),0.7230060150130502,America,0.9947246396459665,All For One (Explicit) (2006 Remastered LP Version),0.7508391938954497,The Irony Of It All (Album Version),0.7387241738395302,B-Boy Bouillabaisse: A.W.O.L. (2009 Digital Remaster),216.2677907865719,America,196.05663187288664,Interlude 5,179.91127711739477,America,0.22596229956475522,B-Boy Bouillabaisse: A.W.O.L. (2009 Digital Remaster),0.1410256376069361,Death Of A Ladies' Man,0.11869342636935087,America,0.9924969031656161,Death Of A Ladies' Man,0.29581013960420305,I Forgot,0.2913504025137258,America,0.993074251246281,Death Of A Ladies' Man,0.36231175218884376,I Forgot,0.3477847176137585
42,TRDQLTF128E0787809,SODUTDM12A67020476,ARGVJPK1187B9909EA,Josh Groban,Broken Vow (Album Version),classical,Interlude 5,4866.0,I'm A Winner (Amended Album Version),4115.0,I Want You,3892.0,Interlude 5,5.659300000000001,I'm A Winner (Amended Album Version),4.8671749999999925,I Want You,4.7094625000000185,Broken Vow,0.9990835607231936,Overcome,0.8109955569163267,Everytime I...,0.7977621163644573,Broken Vow,0.9991177766257915,Overcome,0.8176179338967285,Mama,0.8027262142956695,Broken Vow,283.2617644540798,B-Boy Bouillabaisse: A.W.O.L. (2009 Digital Remaster),227.82807632109308,Interlude 5,226.00654715112321,Broken Vow,0.3232612025784563,Last to Know,0.13385585129664668,The Hourglass,0.13297429016330387,Broken Vow,0.9939747241305562,More Than Words,0.28556102200530015,Broken Buildings,0.2669272023325925,Broken Vow,0.9944948253315913,More Than Words,0.338546173388738,Invisible Shield,0.3311355816254642
43,TRUAAEQ128F423C52D,SOGDUMI12A8AE45417,ARGVJPK1187B9909EA,Josh Groban,Gira Con Me Questa Notte (Album Version),classical,Move On,1407.0,Horse With No Name,1321.0,Istruzioni Per L'(Ill)uso,1148.0,Move On,1.7031515625000013,Horse With No Name,1.6012250000000006,Istruzioni Per L'(Ill)uso,1.4025109375000033,Istruzioni Per L'(Ill)uso,0.7512308791639801,Roma Sogna,0.7386685807760828,Nord,0.7384056412490718,Istruzioni Per L'(Ill)uso,0.75529830179037,Roma Sogna,0.7421281052485834,Nord,0.7413877951825896,Istruzioni Per L'(Ill)uso,502.3446325274821,Sinan Capudan Pascià,425.0526736911639,Quelli Che,403.03308082046465,Istruzioni Per L'(Ill)uso,0.6074235874427777,Sinan Capudan Pascià,0.5083827314932409,Quelli Che,0.48459508958826936,Piano (Memory),0.753782796573917,Caruso,0.7309865568449837,La Canzone Dell' Impossibile,0.7245461209958493,Piano (Memory),0.7586782853418743,Caruso,0.7360809436011486,La Canzone Dell' Impossibile,0.7301924554454451
44,TRYGDNA128E078780C,SOWLNSE12A67020479,ARGVJPK1187B9909EA,Josh Groban,Hymne A L'Amour (Album Version),classical,Yakamonéyé,923.0,L'Amour Du Risque,917.0,Panam All Star,906.0,Yakamonéyé,1.103387500000002,L'Amour Du Risque,1.0995000000000017,Panam All Star,1.070449999999999,L'Homme De La Situation,0.7661508738614391,Tomber Le Masque,0.7434953961936303,A Tes Côtés,0.7109584331368686,L'Homme De La Situation,0.7702577482588894,Tomber Le Masque,0.7484485448986042,A Tes Côtés,0.7160180143380986,Panam All Star,583.6038496216969,Yakamonéyé,578.8538584738046,Sans Rémission,557.0187128098565,Yakamonéyé,0.6831421387313331,Panam All Star,0.6801406659911855,Sans Rémission,0.6549502797251465,L'Homme De La Situation,0.7003391462524375,A Tes Côtés,0.6933665105605809,Mon Ange,0.6815853367033028,L'Homme De La Situation,0.7083673747139935,A Tes Côtés,0.7005620920030616,Mon Ange,0.6891230873666018
45,TRDFTPP128F427550C,SOWOPHG12A8C13DB44,ARGVJPK1187B9909EA,Josh Groban,It Came Upon A Midnight Clear (Album Version),classical,Weak Become Heroes,1169.0,Sing,949.0,Sing A Song,862.0,Weak Become Heroes,1.3568515624999988,Sing,1.1557031250000003,Sing A Song,1.0453359374999973,Sing,0.5430517263162132,Sing It,0.44851043563519016,Israel,0.39742930485657013,Sing,0.5495001711304566,Sing It,0.45772139224764413,Israel,0.40971024655971094,Angel,208.75611914581904,Chorus Of Angels,201.45265804122468,My Sweet Jane,169.1420466551778,Angel,0.22421947601031234,Chorus Of Angels,0.22371653503973477,My Sweet Jane,0.1810807702093814,The Crash Of Angel Wings,0.3918743105463606,You're My Angel,0.38357824041386196,Angel,0.32761992778670035,The Crash Of Angel Wings,0.41016872355538464,You're My Angel,0.4011534755404811,Angel,0.3562663194612972
46,TRRBWRX128F423C535,SOBFGZA12A8AE4542A,ARGVJPK1187B9909EA,Josh Groban,Let Me Fall (From Cirque du Soleil) (Album Version),classical,Interlude 5,2200.0,8 Mile,2187.0,B-Boy Bouillabaisse: A.W.O.L. (2009 Digital Remaster),2172.0,8 Mile,2.537789062499998,Everytime I...,2.5300781250000037,B-Boy Bouillabaisse: A.W.O.L. (2009 Digital Remaster),2.4553359374999992,Let Me Out,0.6617910751137918,Come Take Me Over,0.6458772537454096,Let The Chips Fall,0.6395527112980572,Let Me Out,0.6734951718494046,Come Take Me Over,0.6575239358312595,Let The Chips Fall,0.6524274900988363,The Fire In Which You Burn (feat. J-Treds & The Brewin From The Juggaknots),102.26492903598651,Dream Catch Me,96.90794807856005,Closer To You,96.80205866378388,Dream Catch Me,0.09836969798243951,Catch Me,0.09820867619566717,Let The Chips Fall,0.09289420328295711,Catch Me,0.3397484303576974,Let The Chips Fall,0.31126615890509896,If Only For One Night,0.2705499217891497,Catch Me,0.3668784056413571,Let The Chips Fall,0.34741019981699833,If Only For One Night,0.3068955281658607
47,TRJSTLV128F4241832,SOHCDYF12A58A7C604,ARGVJPK1187B9909EA,Josh Groban,Mi Mancherai (Il Postino) (Revised Live Version),classical,Luv Me Up,663.0,Sinan Capudan Pascià,500.0,Te Ando Buscando,478.0,Luv Me Up,0.776387499999997,Sinan Capudan Pascià,0.6047187499999976,Te Ando Buscando,0.5738078125000011,Adagio,0.7096432856876043,Musica,0.6900844975768087,Il Pugile Sentimentale ( Live ),0.671189096562739,Adagio,0.7146649400837465,Musica,0.6953392321425388,Il Pugile Sentimentale ( Live ),0.6764594891773381,Quelli Che,327.60768308953675,Sinan Capudan Pascià,320.94618488536554,Limiti,316.8352281752897,Quelli Che,0.3936335065188541,Sinan Capudan Pascià,0.3822161058717503,Limiti,0.38101760086443065,Come Primavera,0.7300384525900426,Il Pugile Sentimentale ( Live ),0.7163742956612587,Semplicemente (Canto Per Te),0.7025696769425643,Come Primavera,0.7351143383532531,Il Pugile Sentimentale ( Live ),0.7225305362850328,Semplicemente (Canto Per Te),0.7095144601757208
48,TRBRHPE128E0787803,SOJCMKN12A67020471,ARGVJPK1187B9909EA,Josh Groban,My Confession (Album Version),classical,B-Boy Bouillabaisse: A.W.O.L. (2009 Digital Remaster),3830.0,8 Mile,3532.0,Interlude 5,3498.0,B-Boy Bouillabaisse: A.W.O.L. (2009 Digital Remaster),4.433587499999994,Everytime I...,4.161874999999989,8 Mile,4.147912499999994,I Understand,0.7829224960131936,Book Of Life,0.7592618832784527,Don't Change Your Plans,0.7591900611297343,I Understand,0.7893759960732115,Book Of Life,0.7679380626950867,Don't Change Your Plans,0.7678209252492962,Interlude 5,176.3373980504818,Man In The Mirror,149.65581176903606,B-Boy Bouillabaisse: A.W.O.L. (2009 Digital Remaster),135.81328076552364,Blessed,0.12918896422478038,Man In The Mirror,0.11926463485858585,Beautiful Day,0.11089665021736839,Blessed,0.28328774443521765,Beautiful Day,0.27628380665497526,Careful,0.2685638653825855,Blessed,0.328182885281443,Beautiful Day,0.3264820509808616,Careful,0.3126373971025795
49,TRLJSTZ128F4241831,SOTEXNI12A8AE46AAE,ARGVJPK1187B9909EA,Josh Groban,Oceano (Revised Live Version),classical,Quelli Che,765.0,Sinan Capudan Pascià,631.0,Istruzioni Per L'(Ill)uso,587.0,Quelli Che,0.9359468749999987,Sinan Capudan Pascià,0.7636562499999974,Istruzioni Per L'(Ill)uso,0.706489062499996,Niente Per Scontato,0.8169154145436078,Mamma,0.793483584667806,Bellamore,0.7560820803505015,Niente Per Scontato,0.8193238354908697,Mamma,0.7964779230746887,Bellamore,0.7583766446398089,Quelli Che,505.17712155067426,Limiti,502.92249291142474,Gli Insetti Del Podere,501.0320465017283,Quelli Che,0.6103767179396332,Limiti,0.6086873854253814,Gli Insetti Del Podere,0.6054912512220747,Niente Per Scontato,0.8293011990468189,Mamma,0.8277286335406029,La Scala (The Ladder),0.8178316487647211,Niente Per Scontato,0.8322304092818276,Mamma,0.8311166699120336,La Scala (The Ladder),0.8204634178767166
50,TRGURIJ128E078780B,SORUSFO12A67020478,ARGVJPK1187B9909EA,Josh Groban,Remember When It Rained (Album Version),classical,Interlude 5,1644.0,Man In The Mirror,1486.0,B-Boy Bouillabaisse: A.W.O.L. (2009 Digital Remaster),1450.0,Interlude 5,1.788199999999998,Man In The Mirror,1.6287625000000003,B-Boy Bouillabaisse: A.W.O.L. (2009 Digital Remaster),1.5893812499999984,Remember When It Rained (Revised Live Version),0.9999999999999913,The Day I Lost My Voice (The Suitcase Song),0.534876631331535,I Can't Function,0.4813176335877616,Remember When It Rained (Revised Live Version),1.0000000000000002,The Day I Lost My Voice (The Suitcase Song),0.5532172062804781,I Can't Function,0.5002960267694229,Remember When It Rained (Revised Live Version),328.52953890073,Man In The Mirror,206.99040348991926,Blues For Suckers,165.97650630573193,Remember When It Rained (Revised Live Version),0.3953967473143368,Man In The Mirror,0.2021684213564484,Blues For Suckers,0.17462169993223106,Remember When It Rained (Revised Live Version),1.0000000000000002,Oh Na Na Na,0.41932698935959073,Dla Niego,0.41814257250206177,Remember When It Rained (Revised Live Version),0.9999999999999998,Oh Na Na Na,0.4217809096262354,Dla Niego,0.4202537417329966
51,TRYKKOX128F4241839,SOEIAOV12A8AE46AC4,ARGVJPK1187B9909EA,Josh Groban,Remember When It Rained (Revised Live Version),classical,Interlude 5,1644.0,Man In The Mirror,1486.0,B-Boy Bouillabaisse: A.W.O.L. (2009 Digital Remaster),1450.0,Interlude 5,1.788199999999998,Man In The Mirror,1.6287625000000003,B-Boy Bouillabaisse: A.W.O.L. (2009 Digital Remaster),1.5893812499999984,Remember When It Rained (Album Version),0.9999999999999913,The Day I Lost My Voice (The Suitcase Song),0.534876631331535,I Can't Function,0.4813176335877616,Remember When It Rained (Album Version),1.0000000000000002,The Day I Lost My Voice (The Suitcase Song),0.5532172062804781,I Can't Function,0.5002960267694229,Remember When It Rained (Album Version),328.52953890073,Man In The Mirror,206.99040348991926,Blues For Suckers,165.97650630573193,Remember When It Rained (Album Version),0.3953967473143368,Man In The Mirror,0.2021684213564484,Blues For Suckers,0.17462169993223106,Remember When It Rained (Album Version),1.0000000000000002,Oh Na Na Na,0.41932698935959073,Dla Niego,0.41814257250206177,Remember When It Rained (Album Version),0.9999999999999998,Oh Na Na Na,0.4217809096262354,Dla Niego,0.4202537417329966
52,TRUVBEG128F92F0B48,SORJUAX12AB017CB28,ARGVJPK1187B9909EA,Josh Groban,Smile,classical,Interlude 5,2716.0,I'm A Winner (Amended Album Version),2258.0,Man In The Mirror,1797.0,Interlude 5,3.0684000000000013,I'm A Winner (Amended Album Version),2.6090562500000005,Spitfall,2.0829125000000013,Learn To Fly,0.6785633382915318,Spitfall,0.6521045244466204,Jack_ You're Dead!,0.6304020480052973,Learn To Fly,0.6907654148388254,Spitfall,0.6683181023375242,Jack_ You're Dead!,0.6437249161036644,Don't Need The Sun To Shine (To Make Me Smile),145.1577660499266,My Love Remains,138.8650186167113,B-Boy Bouillabaisse: A.W.O.L. (2009 Digital Remaster),136.47778513528607,Don't Need The Sun To Shine (To Make Me Smile),0.1461774462703223,My Love Remains,0.13992569280037193,Corner Of The Earth,0.11028510304432347,My Love Remains,0.3568750628563207,By The Time It Gets Dark,0.27136495341974076,I Wish You Could Smile,0.2676773662841594,My Love Remains,0.4047722432508723,Don't Need The Sun To Shine (To Make Me Smile),0.31092592414298276,By The Time It Gets Dark,0.30989230675971347
53,TRJBNZG128EF35A1AA,SOMYGPN12A6D4F7E28,ARGVJPK1187B9909EA,Josh Groban,Solo Por Ti (Album Version),classical,Move On,1405.0,Horse With No Name,1331.0,Dale tiempo al rumor,798.0,Move On,1.7095984375000037,Horse With No Name,1.6217749999999953,Dale tiempo al rumor,0.9396703125000017,Solo Por Bailar,0.6296382700753193,League Chicanos,0.6250653123544234,De Camino a la Vereda,0.6156361000329554,Solo Por Bailar,0.6368036318282508,League Chicanos,0.6311773477025603,De Camino a la Vereda,0.6214542589736745,Dale tiempo al rumor,392.588026229006,Gitana,351.8123331660009,Que Voy A hacer Sin Tí,350.44668088111337,Dale tiempo al rumor,0.44396316512921064,Que Voy A hacer Sin Tí,0.40938200020317367,Gitana,0.403801344708019,Solo Con Un Beso,0.5805987261116121,En nuestro aniversario,0.57992037279596,Que Voy A hacer Sin Tí,0.570675564050055,Solo Con Un Beso,0.5942838768246879,En nuestro aniversario,0.5925813477690747,Que Voy A hacer Sin Tí,0.586012132370911
54,TRPJAPP128EF35A1AC,SOAGVMD12A6D4F7E2A,ARGVJPK1187B9909EA,Josh Groban,Un Giorno Per Noi (Album Version),classical,Otha Fish,378.0,Move On,373.0,Sinan Capudan Pascià,368.0,Sinan Capudan Pascià,0.44796875000000314,Move On,0.4438828124999983,Otha Fish,0.430664062499999,Oggi,0.717734684943876,Sana E Robusta,0.6646155564629691,L'Attesa,0.6516753202104459,Oggi,0.72109294214476,Sana E Robusta,0.6687940083445564,L'Attesa,0.6560733875680482,L'uomo vivo (inno al gioia),275.6771103798506,Niente Per Scontato,270.324839472387,In Fila Per Tre,251.91654958512544,L'uomo vivo (inno al gioia),0.3366810084319083,Niente Per Scontato,0.33202821454704146,In Fila Per Tre,0.30741893795256287,Niente Per Scontato,0.7510156629359955,Dentro Me,0.7395937454884619,Che Gelida Manina,0.7344120892156549,Niente Per Scontato,0.754107003853643,Dentro Me,0.7428934301459661,Che Gelida Manina,0.7378066331103266
55,TRUDTXB128F423C537,SOGQZMP12A8AE4542F,ARGVJPK1187B9909EA,Josh Groban,Vincent (Starry_ Starry Night) (Album Version),classical,Interlude 5,4657.0,B-Boy Bouillabaisse: A.W.O.L. (2009 Digital Remaster),2949.0,My Darling,2831.0,Interlude 5,5.345149999999994,B-Boy Bouillabaisse: A.W.O.L. (2009 Digital Remaster),3.288098437500002,My Darling,3.2473328124999954,Colony,0.6681568837212657,Nausea,0.662171160131957,Interlude 5,0.6588950984078992,Colony,0.6861895412846089,Interlude 5,0.6777439830339153,Nausea,0.6775570930475653,Interlude 5,259.0608340302408,B-Boy Bouillabaisse: A.W.O.L. (2009 Digital Remaster),237.3548624770976,Expansion Team Theme,176.68048507476206,Interlude 5,0.14821169650595256,Expansion Team Theme,0.14401546671598536,I'll Never Set You Free,0.1223283405954035,Never Ending Nights,0.2522987728300162,Set It Free,0.25222559295459696,Broken Buildings,0.24852471062327025,Never Ending Nights,0.30799056751897597,Set It Free,0.30462660615669357,Broken Buildings,0.2989363280963049
56,TRMVVDP128E0787806,SOTQRPK12A67020473,ARGVJPK1187B9909EA,Josh Groban,When You Say You Love Me (Album Version),classical,Interlude 5,7162.0,I'm A Winner (Amended Album Version),6206.0,I Want You,4726.0,Interlude 5,8.377500000000015,I'm A Winner (Amended Album Version),7.381718750000012,I Want You,5.6961718750000125,North Dakota,0.7949397208293707,Go On Ahead,0.791555622933007,Hurts The Most,0.7883585346125478,North Dakota,0.80153950644782,Go On Ahead,0.7994179058074643,Hurts The Most,0.7970711675926523,Interlude 5,211.7715553763261,B-Boy Bouillabaisse: A.W.O.L. (2009 Digital Remaster),206.14594134522517,8 Mile,172.05563362327646,I'm Going On A Long Journey Never To Return,0.14749623586490648,Heaven Is A Place On Earth,0.1279796657933807,Move On,0.12373808105989918,It's Time,0.2883305323347264,Bizarre Love Triangle,0.28596427135281627,Say Hello (Angello & Ingrosso Remix),0.2816851492881356,Bizarre Love Triangle,0.3415252432583346,It's Time,0.33564985230548966,When Your Eyes Say It,0.3323697510098559
57,TRIEQWR128E078780D,SOULFRO12A6702047A,ARGVJPK1187B9909EA,Josh Groban,You Raise Me Up (Album Version),classical,Interlude 5,4545.0,I'm A Winner (Amended Album Version),4530.0,B-Boy Bouillabaisse: A.W.O.L. (2009 Digital Remaster),3980.0,I'm A Winner (Amended Album Version),5.378409374999995,Interlude 5,5.246549999999998,B-Boy Bouillabaisse: A.W.O.L. (2009 Digital Remaster),4.6114703125000025,You Raise Me Up,0.9949111152533231,All Around Me,0.7043813639732505,Therapy,0.6975033815037822,You Raise Me Up,0.9950341894694665,All Around Me,0.7121688843972471,Therapy,0.7066703124759901,You Raise Me Up,288.01386296130624,Otha Fish,143.359690105341,Keepin' It Strong,133.76281629984396,You Raise Me Up,0.3471695821832712,Nobody,0.14069922754356556,Bleed By Yourself,0.12955385624565752,You Raise Me Up,0.9983611365895441,Raise Your God,0.36368003505042806,This Punishment,0.36360205798926537,You Raise Me Up,0.9984130353078996,This Punishment,0.38305360747223294,Raise Your God,0.37407872391898683
58,TRBEYYM128F1493C56,SOKMZQL12A58A76B19,ARGVJPK1187B9909EA,Josh Groban,Believe (Album Version),classical,Interlude 5,2718.0,I'm A Winner (Amended Album Version),2074.0,Man In The Mirror,1737.0,Interlude 5,3.034100000000001,I'm A Winner (Amended Album Version),2.3550062500000006,Move (If You Wanna),1.9272593749999978,Phoenix From The Fire,0.6117977647093786,Alfie,0.6045658836197512,Spitfall,0.5789936782914011,Phoenix From The Fire,0.626074851774407,Alfie,0.6253044259172873,Spitfall,0.6002286115458932,B-Boy Bouillabaisse: A.W.O.L. (2009 Digital Remaster),185.7119702159796,Interlude 5,157.45476121832013,Close My Eyes,142.28365057870803,I Believe,0.11434996536375718,Ants Of The Sky,0.11398201881871095,Believe,0.11320929771881694,I Believe,0.301985299471396,Stupid Girl,0.28487698389963584,Where Is Your Heart At?,0.28356270381770426,I Believe,0.35704130403920237,Where Is Your Heart At?,0.33116039218643367,Do You Believe Me Now,0.3264480967833296
59,TRPITXR128F427FA1B,SOEEMLZ12A8C136C5C,ARH861H1187B9B799E,Johnny Cash,Away In A Manger,classical,Interlude 5,824.0,B-Boy Bouillabaisse: A.W.O.L. (2009 Digital Remaster),787.0,8 Mile,604.0,Interlude 5,0.8368000000000009,B-Boy Bouillabaisse: A.W.O.L. (2009 Digital Remaster),0.8221812500000003,8 Mile,0.6330687500000001,Away In A Manger,0.9851946117751805,Daddy Sang Bass,0.4717626823815578,Raio No Terrasu (Jesus Wept),0.4613590640693604,Away In A Manger,0.9859194045679841,Daddy Sang Bass,0.49876140383270867,Matty Groves,0.47960640532661186,Away In A Manger,250.8750151378946,One of Us,141.06905466886687,The Hourglass,134.79324967747198,Away In A Manger,0.2990969369616452,Little Lord Obedience,0.13683271090418678,Raio No Terrasu (Jesus Wept),0.1289212530712953,Away In A Manger,0.9716862420571566,Raio No Terrasu (Jesus Wept),0.417923434765013,Little Lord Obedience,0.3333248617691862,Away In A Manger,0.9729581386973988,Raio No Terrasu (Jesus Wept),0.43437696075010485,Little Lord Obedience,0.3655171004479236
60,TRGFMUJ128F423C52F,SOKABLD12D021991AC,ARGVJPK1187B9909EA,Josh Groban,Cinema Paradiso (Se) (Album Version),classical,Istruzioni Per L'(Ill)uso,311.0,Sinan Capudan Pascià,305.0,Quelli Che,305.0,Istruzioni Per L'(Ill)uso,0.3756796875000004,Quelli Che,0.37151562499999935,Sinan Capudan Pascià,0.3692187500000015,La Promesa,0.7919585206062538,Se Tu Non Sei Lei,0.7275411124303072,Oggi,0.6879236235056071,La Promesa,0.7954084308108675,Se Tu Non Sei Lei,0.7318229110975953,Oggi,0.693043075881872,Istruzioni Per L'(Ill)uso,292.55200316419916,Quelli Che,287.81813331820035,Gli Insetti Del Podere,272.38652570454013,Istruzioni Per L'(Ill)uso,0.3532856034069354,Quelli Che,0.3481612287844901,Gli Insetti Del Podere,0.32903458297696253,Oggi,0.8028908689131316,La Promesa,0.7588527294732703,L'Attesa,0.7560136616827133,Oggi,0.8063033392396602,La Promesa,0.7630867127253084,L'Attesa,0.7604026952063446
61,TRGVTSO12903CABC19,SOPPSEF12AB018ADD4,ARFM3UU1187B994C88,David Crowder*Band,All Around Me,classical,Interlude 5,5833.0,I'm A Winner (Amended Album Version),5385.0,B-Boy Bouillabaisse: A.W.O.L. (2009 Digital Remaster),5004.0,Interlude 5,6.801350000000005,I'm A Winner (Amended Album Version),6.411084374999989,I Want You,5.918698437500002,Asleep,0.8567074364279983,Bitch,0.8038748392853713,Kraken,0.7992850251281435,Asleep,0.8592162924345821,Bitch,0.8086388634157978,Kraken,0.8051199261958836,Curse,150.0878883838765,Days Like These,147.14342353393056,Interlude 5,141.87515698815636,My Heart Belongs To You,0.1291905878695042,Will I Get Out Of Jail,0.11726043884981653,Days Like These,0.11617777119085497,Rather Be Dead,0.31400266268939764,Asleep,0.30636136981915213,Will I Get Out Of Jail,0.29910829088040514,Will I Get Out Of Jail,0.3451370795156783,Asleep,0.33851282654245834,My Heart Belongs To You,0.3350973881009542
62,TRJGMSL128F4230A6C,SOWYWPP12A81C20850,ARPBTRI1187FB52457,The Game,Black Opera,classical,Interlude 5,15262.0,I'm A Winner (Amended Album Version),14936.0,I Want You,11789.0,I'm A Winner (Amended Album Version),17.80420000000001,Interlude 5,17.752700000000008,I Want You,14.249350000000014,Revenge,0.7939266769314586,Brooklyn Zoo,0.7912797376236372,To Be With You Again,0.7823691771274286,Revenge,0.8012772171146152,Brooklyn Zoo,0.8002431245726551,To Be With You Again,0.7898154388967737,Overdose (Album Version),687.7508086500245,1st Booty On Duty,684.2599473475987,Ho's A Housewife,610.7471459341753,1st Booty On Duty,0.6135003878068882,Ho's A Housewife,0.5431232224268426,Overdose (Album Version),0.5402937400113341,Ho's A Housewife,0.41075457826529194,The Dayz Of Wayback,0.3908747666356378,Crossing the Boundary,0.3871145546083781,Ho's A Housewife,0.49482812814691834,Crossing the Boundary,0.47962279698105476,The Dayz Of Wayback,0.4713212849461285
63,TRBGUUE128F1494FB6,SOGDJWU12A58A7DA10,ARJA1841187FB3A029,David Bowie,Baal's Hymn,classical,Interlude 5,2626.0,B-Boy Bouillabaisse: A.W.O.L. (2009 Digital Remaster),2184.0,Ice Is Workin' It,1936.0,Interlude 5,2.7029000000000036,B-Boy Bouillabaisse: A.W.O.L. (2009 Digital Remaster),2.2452937499999983,Ice Is Workin' It,2.1459499999999974,The Fine Print,0.6091824319418303,Anarchist Bookstore part 1,0.5956694101641562,Architecture II,0.5882815523691887,The Fine Print,0.6432554026190045,Anarchist Bookstore part 1,0.6272950822072653,Architecture II,0.6132052770450744,Interlude 5,343.5186971779116,B-Boy Bouillabaisse: A.W.O.L. (2009 Digital Remaster),307.8906117427847,The Hourglass,287.5764415564448,Mortal City,0.18172886717820888,The Hourglass,0.17372812214334415,The Illest Brother,0.17108782155583022,Captain Anarchy,0.25854578983908083,A Thing Called Love,0.2585306565665732,Joy To The World,0.25743492843604143,A Thing Called Love,0.3372507483242537,The Illest Brother,0.33125096022519596,Mortal City,0.32813822348517907
64,TREPYPE128F92EB38C,SOBAQGA12AB017C9F2,ARNJ9LU1187B9A56A6,Il Divo,Adagio,classical,Istruzioni Per L'(Ill)uso,545.0,Quelli Che,487.0,Sinan Capudan Pascià,476.0,Istruzioni Per L'(Ill)uso,0.6595906250000008,Quelli Che,0.5926187500000009,Sinan Capudan Pascià,0.5750624999999985,Musica,0.9160747184901794,Adagio,0.9080379585676652,Mamma,0.7945504816947326,Musica,0.9176725071835744,Adagio,0.9098364354359195,Mamma,0.7979626251385126,Quelli Che,420.90028901666244,Istruzioni Per L'(Ill)uso,414.2269890385519,Gli Insetti Del Podere,401.7147575642363,Quelli Che,0.5087770387841358,Istruzioni Per L'(Ill)uso,0.49925067058312644,Gli Insetti Del Podere,0.48503845455295047,Musica,0.9484833645809833,Adagio,0.947491437480299,Il meglio di te,0.8139596266968562,Musica,0.9495538935594569,Adagio,0.948596727566053,Il meglio di te,0.8174680091975923
65,TRGZRPJ128F92EF7E2,SOJBCHJ12A8C140942,ARNJ9LU1187B9A56A6,Il Divo,Adeste Fideles,classical,It's A Party,666.0,Tell Your Momma Come,391.0,Aguas De Marco,372.0,It's A Party,0.7956406250000021,Tell Your Momma Come,0.4663828124999978,Aguas De Marco,0.45209375000000007,Maria & Jag,0.48686489794213855,Out On The Western Plain,0.42454888525329765,Belladonna,0.42205843106062335,Maria & Jag,0.49019783069304296,Out On The Western Plain,0.4324602385462706,Belladonna,0.4299960289311808,O Holy Night,111.1491107231244,O Holy Night,81.37853168105342,Aguas De Marco,80.11810015952226,O Holy Night,0.13078139640175163,Aguas De Marco,0.09602628689131644,O Holy Night,0.0960095215125223,O Holy Night,0.5023030535901173,O Holy Night,0.427303248012444,Flow,0.4021532961611801,O Holy Night,0.5116039351176067,O Holy Night,0.4392140524239273,Flow,0.406379478586352
66,TRGXTYR128F42ACF5F,SOJILSK12A8C13F427,ARNJ9LU1187B9A56A6,Il Divo,All By Myself (Solo Otra Vez),classical,El Negro Está Cocinando,666.0,Gitana,657.0,Horse With No Name,653.0,El Negro Está Cocinando,0.7942031249999956,Gitana,0.7771749999999987,Horse With No Name,0.7668000000000013,La Vida Sin Amor,0.5914294182866691,Mi Vida Sin Tu Amor,0.5446364791786943,Mienteme Otra Véz,0.5004269385304985,La Vida Sin Amor,0.5988617490341908,Mi Vida Sin Tu Amor,0.5525911709742081,Mienteme Otra Véz,0.5104334508883596,Amor Mio No Te Vayas,419.34522950610284,Mienteme Otra Véz,353.78701594018617,Sin Conocerte,344.6275885184892,Amor Mio No Te Vayas,0.5020310794963023,Mienteme Otra Véz,0.4169461106698322,Sin Conocerte,0.4035192422890924,Amor Mio No Te Vayas,0.6677300737001737,Otra Vez,0.5307496113204254,Sin Conocerte,0.5125435470848363,Amor Mio No Te Vayas,0.6756686421083888,Otra Vez,0.5405043191403179,Sin Conocerte,0.5260470687471664
67,TRVXXVG128F933AB88,SOHGPTR12AB01874F5,ARNJ9LU1187B9A56A6,Il Divo,Amazing Grace,classical,Interlude 5,2069.0,B-Boy Bouillabaisse: A.W.O.L. (2009 Digital Remaster),1701.0,Splurge,1376.0,Interlude 5,2.3056499999999973,B-Boy Bouillabaisse: A.W.O.L. (2009 Digital Remaster),1.8915906249999999,Splurge,1.5802718749999947,Amazing Grace,0.9352360411135207,Heavily Sedated,0.6420973266552683,Rugged Road,0.6365660706208448,Amazing Grace,0.9385832358180597,Heavily Sedated,0.660524748914091,Rugged Road,0.654630010608049,Amazing Grace,215.9470818653461,Curse,152.05320916885194,One of Us,132.96295656278676,Amazing Grace,0.2517583016528271,Curse,0.11163885953384196,How The Day Sounds,0.09732929564824207,Amazing Grace,0.9296111674057856,Peace,0.30836733313590003,Playstation Blues,0.2812484220833997,Amazing Grace,0.9340011811011582,Peace,0.35547724710242484,Playstation Blues,0.3092247342043
68,TRLFGML128F92EB391,SOMZKFD12AB017CA0C,ARNJ9LU1187B9A56A6,Il Divo,Angelina,classical,Dale tiempo al rumor,1313.0,Cantando,1097.0,El Negro Está Cocinando,944.0,Dale tiempo al rumor,1.5699531249999945,Cantando,1.3083906249999968,El Negro Está Cocinando,1.1399218750000017,El Camino Del Exceso,0.6899152110650126,Sonrisa especial,0.6389071264115237,Abre tu puerta (y cruza el universo),0.6333320060240291,El Camino Del Exceso,0.6951570020964439,Sonrisa especial,0.6471482610213863,Abre tu puerta (y cruza el universo),0.6427812990411076,Cantando,542.5164713796886,Dale tiempo al rumor,483.27038561318824,Todos Quieren A Raymond,414.5250755432951,Cantando,0.6205798651761468,Dale tiempo al rumor,0.5450011778485905,Todos Quieren A Raymond,0.46280132364801807,Cantando,0.6082930674664341,Sonrisa especial,0.5940857173032658,Abre tu puerta (y cruza el universo),0.5633497176388547,Cantando,0.6268493454940528,Sonrisa especial,0.6068640446098288,Abre tu puerta (y cruza el universo),0.5832852012365168
69,TRVFSWI128F42ACE94,SOJZKPG12A8C13F9E0,ARNJ9LU1187B9A56A6,Il Divo,Ave Maria,classical,Move On,468.0,Horse With No Name,434.0,Istruzioni Per L'(Ill)uso,407.0,Move On,0.5626328124999983,Horse With No Name,0.5223749999999975,Istruzioni Per L'(Ill)uso,0.4956796875000019,Roma Sogna,0.7834470209670636,La Promesa,0.7765437410035313,Fili,0.7362207740292013,Roma Sogna,0.786174672285308,La Promesa,0.7797835311013779,Fili,0.7397016455482035,Istruzioni Per L'(Ill)uso,313.7455844525342,Quelli Che,297.99541299054926,Sinan Capudan Pascià,287.0676372758408,Istruzioni Per L'(Ill)uso,0.37985557968448774,Quelli Che,0.3609558418417771,Sinan Capudan Pascià,0.3450499894332058,Come Primavera,0.8028859890649328,Fili,0.7682146198447862,Roma Sogna,0.7633716508365321,Come Primavera,0.8058842547566607,Fili,0.7718412323565418,Roma Sogna,0.7669142320225958
70,TRMKTUF128F42BC140,SOLHDOP12A8C13FB24,ARNJ9LU1187B9A56A6,Il Divo,Caruso,classical,Istruzioni Per L'(Ill)uso,690.0,Sinan Capudan Pascià,518.0,Move On,507.0,Istruzioni Per L'(Ill)uso,0.8430812499999996,Sinan Capudan Pascià,0.6296250000000024,Move On,0.6005187500000002,Caruso,0.9179863709908309,Istruzioni Per L'(Ill)uso,0.8266983567642652,La Canzone Dell' Impossibile,0.8020099597545647,Caruso,0.9193250772511166,Istruzioni Per L'(Ill)uso,0.8298857841304109,La Canzone Dell' Impossibile,0.8055613588617299,Istruzioni Per L'(Ill)uso,461.35881604505175,Sinan Capudan Pascià,423.06417584402413,Gli Insetti Del Podere,389.68639642008304,Istruzioni Per L'(Ill)uso,0.5599392840005597,Sinan Capudan Pascià,0.5100884435459149,Gli Insetti Del Podere,0.4716401495782887,Caruso,0.9505711425658039,La Canzone Dell' Impossibile,0.7945753628813397,Nessun dorma!,0.7902424760202351,Caruso,0.9514628332432756,La Canzone Dell' Impossibile,0.7985664860660135,Nessun dorma!,0.7928912576875771
71,TRXNYOZ128F42BC146,SOBTJJR12A8C13FB29,ARNJ9LU1187B9A56A6,Il Divo,Come Primavera,classical,Move On,1560.0,Horse With No Name,1442.0,Mother Nature,760.0,Move On,1.9218812499999955,Horse With No Name,1.7772000000000057,Mother Nature,0.9399625000000035,Spente Le Stelle,0.7972877016601237,Istruzioni Per L'(Ill)uso,0.7541673297397316,Roma Sogna,0.7224198266299345,Spente Le Stelle,0.7995198612873297,Istruzioni Per L'(Ill)uso,0.7571808488447995,Roma Sogna,0.725573753806455,Istruzioni Per L'(Ill)uso,356.14977675219086,Quelli Che,317.3821197523324,Sinan Capudan Pascià,284.77293807275754,Istruzioni Per L'(Ill)uso,0.4321027670547247,Quelli Che,0.38447963152342424,Limiti,0.3422464207344801,Ave Maria,0.8028859890649381,Passeggeri Distratti,0.7553772298611358,Tristesse,0.7542185447350547,Ave Maria,0.8058842547566606,Passeggeri Distratti,0.7597131133676572,Tristesse,0.7574706508152329
72,TRYFLQK128F92EF7F1,SOOVZJZ12A8C1399B9,ARNJ9LU1187B9A56A6,Il Divo,Dentro Un Altro Si,classical,Quelli Che,353.0,Istruzioni Per L'(Ill)uso,344.0,Sinan Capudan Pascià,308.0,Quelli Che,0.4279000000000019,Istruzioni Per L'(Ill)uso,0.41207500000000147,Sinan Capudan Pascià,0.36849999999999944,L'Abbraccio,0.697226756570674,Per combattere l'acne,0.661722903537536,Oceano (Revised Live Version),0.6614475128767484,L'Abbraccio,0.7027642214999338,Per combattere l'acne,0.6676322629936194,Oceano (Revised Live Version),0.6669873915233538,Gli Insetti Del Podere,417.6166282561685,Quelli Che,409.3616707430786,Limiti,375.03179361115286,Gli Insetti Del Podere,0.5046505227143778,Quelli Che,0.49408472209063126,Limiti,0.4521152285574476,Oceano (Revised Live Version),0.7435419439329124,Per combattere l'acne,0.7396457850513426,L'Età Dei Figuranti,0.7358990980673997,Oceano (Revised Live Version),0.7487291386000311,Per combattere l'acne,0.7449116797707365,L'Età Dei Figuranti,0.741945280711472
73,TRRWCOL128F42AD05D,SOOZNYR12A8C13D9F7,ARNJ9LU1187B9A56A6,Il Divo,En Aranjuez Con Tu Amor,classical,Dale tiempo al rumor,1672.0,Cantando,1408.0,Lloré Lloré,1254.0,Dale tiempo al rumor,2.002067187499998,Cantando,1.682473437499998,Lloré Lloré,1.5213656249999987,Aranjuez Ma Pensee,0.9321148223529364,Mediterraneo,0.7437784077572409,Tu Y Yo,0.7269128451580098,Aranjuez Ma Pensee,0.9335646034372748,Mediterraneo,0.750269999800567,Tu Y Yo,0.7335263532500625,Cantando,512.5586910582268,Dale tiempo al rumor,499.16656816613255,La ciudad nunca duerme,468.96252322325597,Cantando,0.5816061150731019,Dale tiempo al rumor,0.5633045454196859,La ciudad nunca duerme,0.5348721366075135,Aranjuez Ma Pensee,0.8931605198130922,Hermanos de sangre (Rulot 05),0.5942496151841762,No te creas,0.5908060397668368,Aranjuez Ma Pensee,0.895877075340782,Hermanos de sangre (Rulot 05),0.6044984317695127,No te creas,0.6020459800450251
74,TRVRPTI128F92EB390,SOCREBZ12AB017CA05,ARNJ9LU1187B9A56A6,Il Divo,Enamorado,classical,Dale tiempo al rumor,563.0,Te Vuelvo Loca,560.0,Gitana,524.0,Te Vuelvo Loca,0.6758499999999995,Dale tiempo al rumor,0.6657250000000006,Gitana,0.630400000000001,Te Amo,0.5971893382153631,Mi Vida Por Un Hombre,0.5932097832665288,De Oro,0.5830311984479122,Te Amo,0.6048569845242214,Mi Vida Por Un Hombre,0.600584856955925,De Oro,0.5906755821949019,Dale tiempo al rumor,366.1651750689192,Alejate De Mi,345.99549634595604,Como Y Vete,304.99759333091436,Dale tiempo al rumor,0.4208928214736772,Alejate De Mi,0.41534654303073376,Como Y Vete,0.3525691533475648,Alejate De Mi,0.702911609457062,Virgen De Riña,0.6134230120451366,Volcan,0.5612399428694619,Alejate De Mi,0.7107875507710657,Virgen De Riña,0.6226048291070387,Volcan,0.5730133744700155
75,TRGRNWU128F42AE46D,SOLRRGS12A8C13FD5A,ARNJ9LU1187B9A56A6,Il Divo,Esisti Dentro Me,classical,Tu Sonrisa,541.0,Como Y Vete,456.0,Tu Amor (Hecho En Madrid),431.0,Tu Sonrisa,0.6657687500000002,Como Y Vete,0.5436624999999998,Tu Amor (Hecho En Madrid),0.5153687499999999,Tu Sonrisa,0.7334557295919147,Tú Sólo Tú,0.6913094202203032,Tu Sei,0.6727634517307947,Tu Sonrisa,0.7364983154558858,Tú Sólo Tú,0.6946636272626638,Tu Sei,0.6764893218882425,Istruzioni Per L'(Ill)uso,310.7679735405636,Quelli Che,287.8358880707291,Salutandotiaffogo,256.2504323045662,Istruzioni Per L'(Ill)uso,0.37605014019802696,Quelli Che,0.34817834291927857,Salutandotiaffogo,0.3122813829929041,Ognuno Soffre,0.8255298921070621,Se Tu Non Sei Lei,0.7758893902556523,Ave Maria,0.7530123219241134,Ognuno Soffre,0.8284388412919859,Se Tu Non Sei Lei,0.7796971778030176,Ave Maria,0.7566493140514318
76,TRNXWLK128F92EC9A7,SOVINFL12A8C139286,ARNJ9LU1187B9A56A6,Il Divo,Everytime I Look At You,classical,Interlude 5,4220.0,B-Boy Bouillabaisse: A.W.O.L. (2009 Digital Remaster),3609.0,I'm A Winner (Amended Album Version),3545.0,Interlude 5,4.872500000000011,B-Boy Bouillabaisse: A.W.O.L. (2009 Digital Remaster),4.174648437500018,I'm A Winner (Amended Album Version),4.168203124999998,Broken Vow,0.7775174918345991,Broken Vow (Album Version),0.7772824984384743,Endless love,0.7578529350414315,Broken Vow,0.785685329769337,Broken Vow (Album Version),0.7854657595066026,I Will Survive,0.7666164037456286,Closer To You,161.44235232998565,Interlude 5,160.7579096872075,B-Boy Bouillabaisse: A.W.O.L. (2009 Digital Remaster),155.26505906441213,Lost In This Moment,0.14143831133979926,My Big Mistake,0.14102605494536177,I'm Going On A Long Journey Never To Return,0.12765609729302763,Playstation Blues,0.3703950812816397,Blinded,0.2993623002616209,My Big Mistake,0.2950146392291893,Playstation Blues,0.39349988388659773,My Big Mistake,0.342131123277503,Lost In This Moment,0.3367555464302271
77,TRITOVK128F92EC9A0,SOCVWFF12A8C13B6EE,ARNJ9LU1187B9A56A6,Il Divo,Feelings,classical,I've Grown Accustomed To Her Face,806.0,Can U Feel It?,617.0,Istruzioni Per L'(Ill)uso,589.0,I've Grown Accustomed To Her Face,0.9775656250000019,Can U Feel It?,0.7211984374999965,Istruzioni Per L'(Ill)uso,0.6977859374999982,30 Anni Che Non Ci Vediamo,0.555139335465623,Niente Per Scontato,0.5115784360217375,I've Grown Accustomed To Her Face,0.5072315955167674,30 Anni Che Non Ci Vediamo,0.561627704599423,Niente Per Scontato,0.5183294265427325,I've Grown Accustomed To Her Face,0.5147679216268106,Gli Insetti Del Podere,477.3675756669864,L'uomo vivo (inno al gioia),431.1222489071581,Quelli Che,419.075647526204,Gli Insetti Del Podere,0.5760132261251264,L'uomo vivo (inno al gioia),0.5219121919721273,Limiti,0.5036407670279669,Niente Per Scontato,0.7035648263536701,Semplicemente (Canto Per Te),0.6823031496546165,L'Età Dei Figuranti,0.6761532304194451,Niente Per Scontato,0.7086610974628859,Semplicemente (Canto Per Te),0.6892520915120307,L'Età Dei Figuranti,0.683258012918486
78,TRRLVOI128F92EB38D,SOKINKK12AB017C9F6,ARNJ9LU1187B9A56A6,Il Divo,Hallelujah (Aleluya),classical,Dale tiempo al rumor,1339.0,Cantando,1195.0,Lloré Lloré,1005.0,Dale tiempo al rumor,1.6167125000000013,Cantando,1.4434624999999994,Lloré Lloré,1.2263249999999979,El 28,0.8027166334162236,Buenaventura Y Caney,0.7878915708190367,Cantando,0.7839062020684392,El 28,0.8069257041942584,Buenaventura Y Caney,0.7925756164222795,Cantando,0.7887020809143154,Cantando,442.429543416537,Dale tiempo al rumor,426.4551386241692,No Paseis Por Alto A Los Genios,350.4793606139207,Cantando,0.5120441122654712,Dale tiempo al rumor,0.49099293812214223,No Paseis Por Alto A Los Genios,0.40782619881193555,Buenaventura Y Caney,0.7004885905311731,El ectoplasta,0.6282803405602213,Amores Como El Nuestro,0.6255609121426039,Buenaventura Y Caney,0.7099472325851968,El ectoplasta,0.6402591632599266,Amores Como El Nuestro,0.637196696957944
79,TRHPPNF128F42ACFA9,SOCXAJQ12A8C13FD4E,ARNJ9LU1187B9A56A6,Il Divo,Hasta Mi Final,classical,Dale tiempo al rumor,637.0,Te Vuelvo Loca,496.0,Cantando,495.0,Dale tiempo al rumor,0.7518875000000013,Te Vuelvo Loca,0.5918250000000004,Cantando,0.5796375000000009,Te Amo,0.7453735730132784,De Oro,0.7171267505320467,Clemencia,0.712711015634004,Te Amo,0.7518165289526645,De Oro,0.7238348508329221,Clemencia,0.7194831280019712,Dale tiempo al rumor,385.36028354875555,Cantando,369.88529602038074,Todos Quieren A Raymond,307.48610036354194,Dale tiempo al rumor,0.43337914257347443,Cantando,0.4152793480874242,Mañana que más da,0.3511955419723435,Llorar duele mas,0.6386382104809619,Tal Para Cual,0.6324230627135377,Vete De Mi,0.6037820742926179,Llorar duele mas,0.651388284577954,Tal Para Cual,0.6460608867967967,Todavía Me Amas,0.6186148978088802
80,TRUXYDP128F93234BD,SOYGKHG12AB01804C8,ARS54I31187FB46721,Taylor Swift,Crazier,country,Interlude 5,5210.0,I'm A Winner (Amended Album Version),4547.0,Hold Me Down (Album Version),3817.0,Interlude 5,6.0962,I'm A Winner (Amended Album Version),5.411684374999996,Hold Me Down (Album Version),4.578371874999999,Higher,0.8218904041266795,Between A Mother And A Child,0.7946808589311795,You Made Me Feel,0.7936992085754521,Higher,0.8285183629788707,Between A Mother And A Child,0.802752120542994,You Made Me Feel,0.8016222610211802,Interlude 5,182.31688892175325,B-Boy Bouillabaisse: A.W.O.L. (2009 Digital Remaster),160.93417208613567,Close My Eyes,156.4299187431156,Close My Eyes,0.11425385143474293,The Way You Make Me Feel,0.11264999124929079,Paprika Plains  (Remix),0.10841803722643839,Love Goes Down,0.2836092769703716,You Made Me Feel,0.26908655034403745,Manhattan,0.2589046789033014,Love Goes Down,0.33261700738359573,You Made Me Feel,0.3210586671651726,Watch The Sky For Me,0.3003972154864644
81,TRKVVVK12903CB592C,SODUDUN12AB018CCAB,ARS54I31187FB46721,Taylor Swift,Fifteen,country,Interlude 5,9661.0,I'm A Winner (Amended Album Version),7351.0,My Darling,6194.0,Interlude 5,11.262050000000002,I'm A Winner (Amended Album Version),8.656643750000006,My Darling,7.244134375000003,In 2 Deep,0.787368047892918,Nausea,0.7756037596087986,Double Shadow,0.7654663366520811,In 2 Deep,0.7915295297454146,Nausea,0.7846891050344484,The Lucky One,0.7736999489115346,Interlude 5,409.98454640481884,B-Boy Bouillabaisse: A.W.O.L. (2009 Digital Remaster),336.7766458828055,Snoopafella (Edited),267.15906286880636,Interlude 5,0.24431476274732147,The Illest Brother,0.17603197050749608,Man In The Mirror,0.1627557868606951,Bump What Your Friends Say,0.2192096686243516,Someday,0.21849941495384323,Rainbow Connection,0.21760954189029094,Interlude 5,0.34709387157986493,The Illest Brother,0.33065517678164397,Act A Fool,0.3255453235655843
82,TRUVVME12903CBA350,SORRBVQ12A58A7AA33,ARS54I31187FB46721,Taylor Swift,Change,country,Interlude 5,4066.0,Ice Is Workin' It,2498.0,Touch It / Technologic,2455.0,Interlude 5,4.502900000000007,Ice Is Workin' It,2.848449999999996,Touch It / Technologic,2.839981249999994,Manhattan,0.6896416646929415,Destination: Death or Better Days,0.6784816334852315,Side By Side,0.6523434053863244,Manhattan,0.7060299871271949,Destination: Death or Better Days,0.6951206402644413,Kinky Sex Makes the World Go 'Round,0.6751143643931528,Interlude 5,336.61162800690914,Indy 500,226.5926489440802,B-Boy Bouillabaisse: A.W.O.L. (2009 Digital Remaster),223.64766871746042,Interlude 5,0.20390510507691176,Indy 500,0.16332541122984814,Days Like These,0.15790274978359273,Prologue,0.2600682462285642,Handsworth Revolution,0.24445260402838895,Days Like These,0.23584141318102736,Days Like These,0.334669235048232,Interlude 5,0.31848655432494966,Handsworth Revolution,0.3085955354100418
83,TRZGWCY12903CEF521,SOVMMRT12D021B2E6E,ARHATLI1187FB52C76,Toby Keith,You Can't Read My Mind,country,Interlude 5,5014.0,B-Boy Bouillabaisse: A.W.O.L. (2009 Digital Remaster),3924.0,I'm A Winner (Amended Album Version),3840.0,Interlude 5,5.6902,I'm A Winner (Amended Album Version),4.422715624999997,B-Boy Bouillabaisse: A.W.O.L. (2009 Digital Remaster),4.422217187499998,Club Megamix,0.7715347166060157,Don't Worry,0.7486272854510231,Bizarre Love Triangle,0.7298497870849712,Club Megamix,0.7850343722677622,Don't Worry,0.7600207058389225,Bizarre Love Triangle,0.7419302606018228,B-Boy Bouillabaisse: A.W.O.L. (2009 Digital Remaster),300.95607568290416,Interlude 5,245.60440143769395,8 Mile,195.6065354232655,B-Boy Bouillabaisse: A.W.O.L. (2009 Digital Remaster),0.1879231827034458,Help Me Find A Way To Your Heart,0.13966550289927718,Not Your Baby,0.1380296153091473,Not Your Baby,0.28279822492703516,All Over Again,0.27462062204958837,Midnight Bottle,0.2700003671715561,Not Your Baby,0.3449416952596124,DHC,0.32800405915850256,Help Me Find A Way To Your Heart,0.32789803124502825
84,TRMAVQT128F4270DBF,SOLJTVT12A58A79F96,ARH861H1187B9B799E,Johnny Cash,Man In White,country,Interlude 5,6988.0,B-Boy Bouillabaisse: A.W.O.L. (2009 Digital Remaster),6505.0,8 Mile,4945.0,Interlude 5,7.824199999999999,B-Boy Bouillabaisse: A.W.O.L. (2009 Digital Remaster),7.36956875,8 Mile,5.606431250000006,Riverboat,0.7716132672660139,Snoopafella (Edited),0.7629610403632332,El Paso,0.7608241346319631,Riverboat,0.7816857758870969,Snoopafella (Edited),0.7777342903652562,El Paso,0.7755227431363245,B-Boy Bouillabaisse: A.W.O.L. (2009 Digital Remaster),455.1907407962608,Interlude 5,405.66073117574996,The Hourglass,394.74121215390045,The Hourglass,0.2481957399937753,Snoopafella (Edited),0.23639895446716216,Mortal City,0.22112747926490386,Flowers,0.27408341493413513,I Saw the Light,0.26309966191677314,Born And Raised In Black And White,0.25770540751652654,Snoopafella (Edited),0.35830260388016183,The Hourglass,0.34918453350868645,Oklahoma,0.3422686604569137
85,TRWVEDL128F4293EA3,SOOVRMN12AF72A0933,AR7ZFLN1187FB4830A,Rascal Flatts,Holes,country,Interlude 5,4084.0,B-Boy Bouillabaisse: A.W.O.L. (2009 Digital Remaster),3243.0,I'm A Winner (Amended Album Version),3005.0,Interlude 5,4.6979,B-Boy Bouillabaisse: A.W.O.L. (2009 Digital Remaster),3.7133015624999963,I'm A Winner (Amended Album Version),3.4901968749999974,Lesson In Survival  (LP Version),0.7158342283700385,Heavily Sedated,0.702714097708386,B-Boy Bouillabaisse: A.W.O.L. (2009 Digital Remaster),0.7006472589628846,Lesson In Survival  (LP Version),0.7300440017706726,Heavily Sedated,0.7170517807545665,B-Boy Bouillabaisse: A.W.O.L. (2009 Digital Remaster),0.7168010021690715,Interlude 5,213.60421931584895,B-Boy Bouillabaisse: A.W.O.L. (2009 Digital Remaster),163.41508458359723,Overdose (Album Version),156.0255507191231,Interlude 5,0.11881142380290335,One Love,0.10177478961941311,The Truth,0.09949346109416596,Safe Word,0.26562094879595827,The Truth,0.2524839746772332,Indian Queens,0.2307192591530168,Safe Word,0.2983658936167572,Indian Queens,0.2801293017790271,The Truth,0.27706952796538936
86,TRTVVYX128F9328DBA,SOMKEYV12AF72A20B2,ARFL99B1187B9A2A45,Sugarland,Baby Girl,country,Interlude 5,5955.0,B-Boy Bouillabaisse: A.W.O.L. (2009 Digital Remaster),5550.0,I'm A Winner (Amended Album Version),4906.0,Interlude 5,6.588150000000001,B-Boy Bouillabaisse: A.W.O.L. (2009 Digital Remaster),6.2219812500000025,I'm A Winner (Amended Album Version),5.573337499999992,Stuck In The Middle With You (Non-Album Track),0.749314842365335,Promise Broken,0.7431070002705576,Hot Sex,0.7297992515246892,Stuck In The Middle With You (Non-Album Track),0.7615568958346628,Promise Broken,0.7558746520014389,Hot Sex,0.7468510971169703,B-Boy Bouillabaisse: A.W.O.L. (2009 Digital Remaster),348.1125254988214,Closer To You,283.48603375787144,Interlude 5,281.76119008895824,Never Gonna Give You Up,0.20190765603845912,Closer To You,0.19479644545501212,Be My Girl,0.18596995753026438,Never Gonna Give You Up,0.2802916056159048,Send It To Me,0.27856401792344293,Please Come Home For Christmas,0.27662579689045164,Never Gonna Give You Up,0.34930527215368073,Send It To Me,0.3364470276073453,Please Come Home For Christmas,0.32879827725948746
87,TRTGPPK128F1459DD4,SOIHEED12A6D4F5E36,AR4DW2Q1187FB44DB6,Billy Currington,Growin' Up Down There,country,Interlude 5,2515.0,B-Boy Bouillabaisse: A.W.O.L. (2009 Digital Remaster),2423.0,I'm A Winner (Amended Album Version),1961.0,Interlude 5,2.690650000000001,B-Boy Bouillabaisse: A.W.O.L. (2009 Digital Remaster),2.649832812500003,I'm A Winner (Amended Album Version),2.155134375000005,The Irony Of It All (Album Version),0.591979430829526,Sex,0.5853366568201253,That's Life,0.5784479132598219,The Irony Of It All (Album Version),0.6201209486854647,Sex,0.6136865487323041,Ten Toes Tall,0.6060691722277157,Interlude 5,230.98524921550066,B-Boy Bouillabaisse: A.W.O.L. (2009 Digital Remaster),219.71417677651382,The Hourglass,213.58536592177546,Summer Time,0.130278415877517,The Hourglass,0.12998978091319466,"Pacifics (Sdtrk ""N.Y. Is Red Hot"")",0.1282294190825407,Summer In Dixie (Remastered Album Version),0.2500750805371259,Aerobicide,0.24830292964883974,Dumb,0.24525504196565062,Dumb,0.3026770690857638,Summer In Dixie (Remastered Album Version),0.2995683872052706,Summer,0.2864934181772651
88,TRHUIRM128F426BFD5,SOMDWHQ12A6D4F5E30,AR4DW2Q1187FB44DB6,Billy Currington,Hangin' Around,country,Interlude 5,5022.0,I'm A Winner (Amended Album Version),4542.0,I Want You,3645.0,Interlude 5,5.884199999999996,I'm A Winner (Amended Album Version),5.4204656249999985,I Want You,4.4117015625000064,Fever Moon,0.7753531320234759,Irresistible ( LP Version ),0.7564148458224577,I Wouldn't Change You If I Could,0.7445983195078374,Fever Moon,0.7820229244846428,Irresistible ( LP Version ),0.7622138448986552,I Wouldn't Change You If I Could,0.7510067808107522,B-Boy Bouillabaisse: A.W.O.L. (2009 Digital Remaster),167.1469018091852,Interlude 5,135.21827188100917,Weak Become Heroes,130.34035286224668,Day And Night,0.10993941035134805,Don't Fall Apart On Me Tonight,0.10965493594935126,Weak Become Heroes,0.10237458498420837,Wish,0.3110903178351304,I Forgot My Name,0.3011201428893838,Chase The Clouds Away,0.28150779672754433,Wish,0.34300327061903746,I Forgot My Name,0.31480246372992504,Chase The Clouds Away,0.31313701606742667
89,TRJNTQQ128F426BFD0,SOVXWMI12A8C13B667,AR4DW2Q1187FB44DB6,Billy Currington,Here I Am,country,Interlude 5,3109.0,B-Boy Bouillabaisse: A.W.O.L. (2009 Digital Remaster),2835.0,I'm A Winner (Amended Album Version),2564.0,Interlude 5,3.476850000000003,B-Boy Bouillabaisse: A.W.O.L. (2009 Digital Remaster),3.201378124999999,I'm A Winner (Amended Album Version),2.9374437499999964,Shovel,0.6528919046537501,Stuck In The Middle With You (Non-Album Track),0.6479928948893551,Closer To You,0.641411696412577,Shovel,0.6728972979458699,Stuck In The Middle With You (Non-Album Track),0.6639332944888543,Closer To You,0.660941877842382,B-Boy Bouillabaisse: A.W.O.L. (2009 Digital Remaster),188.40898327801477,Interlude 5,164.90125671945296,Fool For Love,155.77488604234443,Twizala,0.14180931969116922,Lookin' Through The Windows,0.13628187379452603,Beg For Mercy,0.1259371040113564,Looking Back On Vanity,0.2987140086277565,Lookin' Through The Windows,0.25952408747982686,Twizala,0.25115875282797284,Looking Back On Vanity,0.3370294899017328,Twizala,0.2933864906158084,Lookin' Through The Windows,0.29285580025123875
90,TRZJCNT128F426BFCC,SOWNWBW12A8C13B65E,AR4DW2Q1187FB44DB6,Billy Currington,She's Got A Way With Me,country,Interlude 5,2809.0,B-Boy Bouillabaisse: A.W.O.L. (2009 Digital Remaster),2606.0,She Ain't Afraid,2436.0,Interlude 5,3.085750000000001,B-Boy Bouillabaisse: A.W.O.L. (2009 Digital Remaster),2.901664062500001,By The Way,2.813953125000004,Haywire,0.6759041373871919,Hair,0.6666930975095194,Something In The Way She Moves,0.6477124268162401,Haywire,0.6877574022043238,Hair,0.6805413610899474,Something In The Way She Moves,0.661205222193382,B-Boy Bouillabaisse: A.W.O.L. (2009 Digital Remaster),182.59790793888985,Interlude 5,177.99800098426263,She Ain't Afraid,169.36015405376733,Never Gonna Give You Up,0.13806027049149583,Queen Of Hollywood ( LP Version ),0.12941383931058584,She Ain't Afraid,0.1272457879340547,Half The Man,0.4195525280913401,Never Gonna Give You Up,0.3349426185530176,She's Not the One,0.31370419047451026,Half The Man,0.45421533006061204,Never Gonna Give You Up,0.3874436263189469,A Thing Called Love,0.3543763955220061
91,TRPZEWS128F92F585E,SOOSFVL12AB018253F,AR4DW2Q1187FB44DB6,Billy Currington,That's How Country Boys Roll,country,Interlude 5,3190.0,Man In The Mirror,2087.0,B-Boy Bouillabaisse: A.W.O.L. (2009 Digital Remaster),2038.0,Interlude 5,3.5505000000000018,Man In The Mirror,2.234093749999997,B-Boy Bouillabaisse: A.W.O.L. (2009 Digital Remaster),2.182046874999998,The Molly Maguires,0.6494427371512216,Good Rats (Live),0.6411415645622998,False Profits,0.6093621931119322,The Molly Maguires,0.6627476516448516,Good Rats (Live),0.657535505639407,False Profits,0.6270120708038567,B-Boy Bouillabaisse: A.W.O.L. (2009 Digital Remaster),213.69381587585534,Interlude 5,176.62935323212346,The Hourglass,175.13648419706192,Indian Dance,0.17035074720332555,Roll On (Eighteen Wheeler),0.16141321869608688,Convoy,0.14048685004508768,North Dakota,0.2639353566251517,Roll On (Eighteen Wheeler),0.25958334769882496,Indian Dance,0.25693038550560676,North Dakota,0.3092469605338193,Roll On (Eighteen Wheeler),0.30853908992188234,Indian Dance,0.3049238535446386
92,TRYPBLE128F1459DD1,SOKHXYG12A6D4F5E33,AR4DW2Q1187FB44DB6,Billy Currington,Where The Girls Are,country,Interlude 5,3566.0,B-Boy Bouillabaisse: A.W.O.L. (2009 Digital Remaster),2353.0,My Darling,1938.0,Interlude 5,4.034300000000002,B-Boy Bouillabaisse: A.W.O.L. (2009 Digital Remaster),2.5873374999999994,My Darling,2.1634624999999974,Where Are You?,0.6110328052812775,Legions,0.5732716208749935,Wondering Where The Lions Are,0.5726762495305386,Where Are You?,0.615703793608475,Legions,0.5868124042218467,Wondering Where The Lions Are,0.5845351665659776,B-Boy Bouillabaisse: A.W.O.L. (2009 Digital Remaster),223.2602455142744,8 Mile,178.56151843098573,The Dance,162.8368094179767,Girls Just Want To Have Fun,0.16653761571292558,AJ Scratch,0.130031474230193,B-Boy Bouillabaisse: A.W.O.L. (2009 Digital Remaster),0.12797544359139496,Girls Just Want To Have Fun,0.30629013599856564,Girls Just Want To Have Fun (Demo),0.2972209353593559,Music Is Through,0.23360390776273632,Girls Just Want To Have Fun,0.33926047013349814,Girls Just Want To Have Fun (Demo),0.3317790515139425,Screen Kiss,0.28235398613387386
93,TRKVITQ128F4271B31,SOVALXP12D021B3DA8,ARH861H1187B9B799E,Johnny Cash,Daddy Sang Bass,country,Interlude 5,2915.0,B-Boy Bouillabaisse: A.W.O.L. (2009 Digital Remaster),2559.0,Otha Fish,2200.0,Interlude 5,3.167649999999993,B-Boy Bouillabaisse: A.W.O.L. (2009 Digital Remaster),2.800598437499993,Otha Fish,2.5025703125000036,Will the Circle Be Unbroken?,0.6355808356741084,Immortal Chant,0.5952875527376071,Brothers Under The Bridges ('83),0.587431450241216,Will the Circle Be Unbroken?,0.6466624512983471,Immortal Chant,0.6124981666150326,Brothers Under The Bridges ('83),0.6116343519536278,Interlude 5,215.5894242444755,8 Mile,212.13607791338615,Daddy's Moonshine Still,210.99818876469513,Daddy's Moonshine Still,0.19742257778761896,Daddy Frank,0.17720653479450912,Sing Me A Song (Non Album Track),0.17051957371446336,Lawrence,0.36832898054935703,Daddy Frank,0.3286368091712123,Mom And Dad's Waltz,0.31797298084774495,Lawrence,0.4112183181366746,Daddy Frank,0.3757294420746338,Daddy's Moonshine Still,0.3621773734842598
94,TRGZDBB128F4270A4C,SOLWDNH12D021B2402,ARH861H1187B9B799E,Johnny Cash,I Don't Know Where I'm Bound,country,B-Boy Bouillabaisse: A.W.O.L. (2009 Digital Remaster),4199.0,8 Mile,4173.0,I Mean (I Don't Mean It),3998.0,8 Mile,4.9578718749999995,B-Boy Bouillabaisse: A.W.O.L. (2009 Digital Remaster),4.906378124999996,I Mean (I Don't Mean It),4.824228124999994,I Am Not A Whore,0.8118491209507491,Fallin',0.8026720753057096,16,0.7868293085160659,I Am Not A Whore,0.8141630205966732,Fallin',0.8067178260046389,16,0.7922371132428139,B-Boy Bouillabaisse: A.W.O.L. (2009 Digital Remaster),145.04287224994246,Dos Factotum,139.19214608755482,Interlude 5,137.2166285735369,Dos Factotum,0.1206865154960445,Club Megamix,0.09473127609601331,One Nation (Album Version),0.08963495903876922,One Nation (Album Version),0.24374101529176853,Swept Away,0.2402923848318938,Dos Factotum,0.23889816306616576,Dos Factotum,0.30956487502080254,One Nation (Album Version),0.2968191643082354,Back water blues,0.292787024103905
95,TRMBNRH12903D02C23,SOWLYYP12D0219044F,ARH861H1187B9B799E,Johnny Cash,I Was There When It Happened,country,Interlude 5,4157.0,B-Boy Bouillabaisse: A.W.O.L. (2009 Digital Remaster),3696.0,8 Mile,3431.0,Interlude 5,4.736250000000015,B-Boy Bouillabaisse: A.W.O.L. (2009 Digital Remaster),4.235312500000018,8 Mile,3.99843750000001,Book Of Life,0.7336026365731173,Lovebite,0.732217227528859,Hurt Me Soul (Explicit Album Version),0.7233501322900806,Book Of Life,0.7439474803569341,Lovebite,0.7432422527106193,Hurt Me Soul (Explicit Album Version),0.7350361130647047,Interlude 5,214.58201563347913,Safe + Sound,185.26762036818937,B-Boy Bouillabaisse: A.W.O.L. (2009 Digital Remaster),180.71470294080515,Oh Jerusalem,0.1373952711292049,Villains (Full-Length),0.13649162208476304,Safe + Sound,0.12849113077526977,Villains (Full-Length),0.3049601661320135,Lord Of The Flies (Live In Dortmund),0.25054404994376606,Ginuwine 4 ur Mind,0.24121618498824304,Villains (Full-Length),0.3509954489749915,Lord Of The Flies (Live In Dortmund),0.29077330918098715,Ginuwine 4 ur Mind,0.2833144789309867
96,TRBXYKU128F427915D,SOEXZQP12D021B0F1D,ARH861H1187B9B799E,Johnny Cash,The Big Battle,country,Interlude 5,3952.0,B-Boy Bouillabaisse: A.W.O.L. (2009 Digital Remaster),3028.0,My Darling,2502.0,Interlude 5,4.424800000000002,B-Boy Bouillabaisse: A.W.O.L. (2009 Digital Remaster),3.3541499999999975,My Darling,2.8121500000000004,Loki Trickster God,0.6886809609253999,I'm On The Mic,0.6805643412469532,The Lightning Strike,0.675314073110403,Loki Trickster God,0.7077191201951414,I'm On The Mic,0.7025329622074038,The Lightning Strike,0.6990435157457604,B-Boy Bouillabaisse: A.W.O.L. (2009 Digital Remaster),270.32827777011624,Overdose (Album Version),225.05753182727605,Interlude 5,218.61112830058386,The Illest Brother,0.15282014894014678,Killin' Spree,0.14854585276804622,Temple,0.14615507373804448,Killin' Spree,0.2530320009111401,Livin In The West,0.24354160209444528,Mexico City,0.23351486460376952,Killin' Spree,0.32976829782724043,The Illest Brother,0.3238503671789651,El Paso,0.3188474839872365
97,TRFRXGD128F42717FF,SOHCAKG12A8BED7973,ARH861H1187B9B799E,Johnny Cash,A Thing Called Love,country,Interlude 5,2983.0,Man In The Mirror,2310.0,B-Boy Bouillabaisse: A.W.O.L. (2009 Digital Remaster),2168.0,Interlude 5,3.2641500000000008,Man In The Mirror,2.4891812499999975,B-Boy Bouillabaisse: A.W.O.L. (2009 Digital Remaster),2.3214656250000014,My Time,0.605647375369324,Broken Heart,0.6013665950816858,Mars Attacks,0.6013502505447986,Mars Attacks,0.6354993566190082,The Fire In Which You Burn (feat. J-Treds & The Brewin From The Juggaknots),0.628286960495905,My Time,0.6243052045826373,Interlude 5,248.2883386396661,B-Boy Bouillabaisse: A.W.O.L. (2009 Digital Remaster),237.9506391066945,The Hourglass,233.6580201429956,Man In The Mirror,0.1654685834786191,The Hourglass,0.1589437324775893,Soon You'll Understand,0.15508334782779223,She's Got A Way With Me,0.296599647270008,Baal's Hymn,0.25853065656657276,Intro: Guess I'm Into Feeling,0.2528390261307714,She's Got A Way With Me,0.35437639552200606,Baal's Hymn,0.33725074832425367,Travelin' Soldier,0.3213837186629252
98,TRYIYFG128F42603CC,SOOUGLY12A8BEE954A,ARH861H1187B9B799E,Johnny Cash,You Dreamer You,country,Interlude 5,4434.0,I'm A Winner (Amended Album Version),3783.0,I Want You,3295.0,Interlude 5,5.128499999999998,I'm A Winner (Amended Album Version),4.458187499999998,I Want You,3.9665937500000066,Tool,0.728635585919585,I fantasize of you,0.7221200548834398,Get Sick Soon,0.7167680783185889,Tool,0.73902950200792,I fantasize of you,0.732366781996161,Get Sick Soon,0.7259206311014332,B-Boy Bouillabaisse: A.W.O.L. (2009 Digital Remaster),199.2383605249176,Asking Around For You,178.2963416894867,Curse,164.95736940477968,Asking Around For You,0.19059541325396334,It Came Upon A Midnight Clear (Album Version),0.13911706641231142,Angel,0.13324764729704394,Asking Around For You,0.367416066464893,You're My Angel,0.30290745485271264,It Came Upon A Midnight Clear (Album Version),0.29768649734226316,Asking Around For You,0.4042444585166718,Just Like Heaven,0.347002906243515,You're My Angel,0.33581097563075984
99,TRQHDNY128F92E3A01,SOOFVUE12AB017B824,ARH861H1187B9B799E,Johnny Cash,I Walk The Line,country,Interlude 5,3771.0,I'm A Winner (Amended Album Version),3353.0,B-Boy Bouillabaisse: A.W.O.L. (2009 Digital Remaster),3267.0,Interlude 5,4.338850000000001,I'm A Winner (Amended Album Version),3.946240625,B-Boy Bouillabaisse: A.W.O.L. (2009 Digital Remaster),3.770229687500004,Holdin' On [Missin' U] (Album Version),0.7390007204118434,Don't Change Your Plans,0.7314184945530697,Everytime I...,0.7291790111232158,Holdin' On [Missin' U] (Album Version),0.7462065159147478,Don't Change Your Plans,0.7415873503133033,Killin' Time,0.7375417500873664,B-Boy Bouillabaisse: A.W.O.L. (2009 Digital Remaster),173.62382778394092,Interlude 5,166.09966077463935,Keep Your Shit The Hardest,161.21030356660364,Keep Your Shit The Hardest,0.12422842912922855,Until You're Mine,0.11639876049634947,Expansion Team Theme,0.10583046647675748,Close Your Eyes,0.28580561440689844,Until You're Mine,0.2676139804513266,Still In Love With You,0.26523798936395393,Until You're Mine,0.3156989401110696,Close Your Eyes,0.3137518930310808,Still In Love With You,0.3075673196217741
100,TRGCHXM128F429CBB9,SOKDAHN12A8C13F938,ARH861H1187B9B799E,Johnny Cash,Life's Railway To Heaven,country,Interlude 5,629.0,Man In The Mirror,486.0,Otha Fish,459.0,Interlude 5,0.6689499999999997,Otha Fish,0.5127890624999999,Man In The Mirror,0.5069343750000003,The Lords Prayer,0.5108215952909322,The Prayer,0.4791594826780463,Kingdom of Loss,0.43192543563044805,The Lords Prayer,0.5290289628252949,The Prayer,0.49985125687607795,Kingdom of Loss,0.4571726706119074,Angel,100.1675296251813,Interlude 5,77.66254968343665,She's A Star,76.47905120582985,Angel,0.10417166851946379,Different Places,0.07661768396932843,She's A Star,0.07385906529309644,Parallels Of Infinite Torture,0.31148778946711464,Angel,0.28442079967724443,Monster,0.25575277886003395,Parallels Of Infinite Torture,0.33055710283050305,Angel,0.31887852130213556,Monster,0.2843473589168619
101,TRSJGNV128F92F4124,SODVCJH12AF72A4A08,AR3ETJY1187B98ED15,Darius Rucker,If I Had Wings,country,B-Boy Bouillabaisse: A.W.O.L. (2009 Digital Remaster),3022.0,Interlude 5,3006.0,8 Mile,2863.0,B-Boy Bouillabaisse: A.W.O.L. (2009 Digital Remaster),3.4447453125000043,Everytime I...,3.3933593750000166,Interlude 5,3.3596,Intermission,0.7585475465480004,Runaway,0.7186512271556036,Here I Go Again,0.7048628584472296,Intermission,0.7678579905899893,Runaway,0.7288463950344173,Here I Go Again,0.7147333221352921,Interlude 5,179.30833741110936,B-Boy Bouillabaisse: A.W.O.L. (2009 Digital Remaster),155.148111399458,The Hourglass,149.93279645940535,fly,0.13429944657007212,The Traveling Song,0.11097772507175349,Resolution,0.11043528948703658,fly,0.2993022693279294,My Special Prayer,0.274541138949004,Why,0.25619326977398876,fly,0.3455919225360203,My Special Prayer,0.31082275711930324,Why,0.3036499412584859
102,TRHTOYT128F429FEF4,SOVZHIK12A8C1349BD,ARNNM56119B86686EA,Luke Bryan,Pray About Everything,country,Never Wanted to Dance,2125.0,Interlude 5,2120.0,I Mean (I Don't Mean It),1998.0,Never Wanted to Dance,2.532581249999989,I Mean (I Don't Mean It),2.3144937500000005,Interlude 5,2.2175999999999987,One More Day,0.6172788263769271,Stay While The Night Is Young,0.5532239337557733,Life It What It Is (Remastered LP Version),0.5245035346466119,One More Day,0.6298372370782167,Stay While The Night Is Young,0.5729797706813592,Life It What It Is (Remastered LP Version),0.5480171904245404,The Hourglass,200.02618790897353,Tell You Something (Nana's Reprise),170.85215452089477,Splurge,167.5267428168558,Crazy 'Bout You Baby,0.16550133176147314,Don't Worry (ReMastered),0.16434239762828035,Fantastic,0.16120796112199337,Don't Worry (ReMastered),0.31900778216674425,One Day Closer to You,0.29688913550243917,Work It Out,0.2846460959265057,Don't Worry (ReMastered),0.3493913366133375,One Day Closer to You,0.33687333796764446,Crazy 'Bout You Baby,0.3180443842278933
103,TRCFFVR128F145D6DF,SOYPMDY12A6D4F77DE,AR95IYB1187FB3FE0B,Keith Urban,Your Everything,country,Interlude 5,6064.0,B-Boy Bouillabaisse: A.W.O.L. (2009 Digital Remaster),4590.0,I'm A Winner (Amended Album Version),4571.0,Interlude 5,7.023399999999998,I'm A Winner (Amended Album Version),5.349993750000011,B-Boy Bouillabaisse: A.W.O.L. (2009 Digital Remaster),5.272028125000005,It's All Up To You,0.7611259490384019,Whisper of Angels,0.6982091345446289,Closer To You,0.6941897679290931,It's All Up To You,0.7678901566477074,Closer To You,0.7059135987895176,Whisper of Angels,0.7057303429263277,Interlude 5,191.1397482177889,B-Boy Bouillabaisse: A.W.O.L. (2009 Digital Remaster),181.75734056733904,The Hourglass,181.602205914536,Move (If You Wanna),0.12570957850146092,The Hourglass,0.12567156503069662,Man In The Mirror,0.12240488021860207,La Prima Volta (First Time Ever I Saw Your Face),0.32519955367752673,Snow,0.27319263809853106,Trapped,0.25371094934900235,La Prima Volta (First Time Ever I Saw Your Face),0.3624453522949435,Snow,0.3047686809272127,Trapped,0.2970113931282653
104,TRQSGEL128F4242DFC,SOAXCEO12CF5F873BF,ARHATLI1187FB52C76,Toby Keith,A Little Too Late,country,Interlude 5,2668.0,Man In The Mirror,1994.0,Over It (Acoustic),1876.0,Interlude 5,2.8221,Over It (Acoustic),2.1711296875000095,Man In The Mirror,2.052771874999997,Little Lucy,0.5026902029454298,My Little Tragedy,0.467265909856267,Too Late,0.4190112817670707,Little Lucy,0.5202315706346798,My Little Tragedy,0.48304258290331054,Too Late,0.43343563734591717,8 Mile,220.52370643940534,Interlude 5,209.90836873216514,B-Boy Bouillabaisse: A.W.O.L. (2009 Digital Remaster),209.50425835086997,Too Late,0.15737417606792484,Undun,0.14665300554876082,Piece Of My Heart,0.1450543263978939,Too Late,0.3766915179015441,Misled,0.2856631879557938,Here I Am,0.2752042957000625,Too Late,0.398312103602652,Misled,0.3336761038888032,Here I Am,0.32397848979837846
105,TRAIMRN128E0791E72,SOAOYPN12CF52D3231,ARHATLI1187FB52C76,Toby Keith,Who's Your Daddy?,country,Interlude 5,3735.0,I'm A Winner (Amended Album Version),3243.0,My Darling,3238.0,Interlude 5,4.19725,Cancel (Album Version),3.760773437499999,My Darling,3.7588984375000005,Who's Zoomin' Who?,0.6469346127396267,Cancel (Album Version),0.6217219044172894,Your Fire Your Soul,0.604282312876162,Who's Zoomin' Who?,0.654082332274138,Cancel (Album Version),0.6313135852066396,Your Fire Your Soul,0.6166592570147155,8 Mile,197.09691477411837,B-Boy Bouillabaisse: A.W.O.L. (2009 Digital Remaster),185.51757217305092,Interlude 5,183.71867287094392,Piece Of My Heart,0.17011595070962884,Chest Pain,0.1378982180883603,(You Can't Let The Boy Overpower) The Man In You,0.12556913701352274,(You Can't Let The Boy Overpower) The Man In You,0.28254425766932284,Evening,0.2777656038392345,Piece Of My Heart,0.2621746198750007,(You Can't Let The Boy Overpower) The Man In You,0.3309323173213569,Piece Of My Heart,0.3225624010827808,Chest Pain,0.3105961856283265
106,TRRSVGD128F4242DDC,SORPIQY12A8C13632E,ARHATLI1187FB52C76,Toby Keith,A Woman's Touch,country,Interlude 5,1783.0,B-Boy Bouillabaisse: A.W.O.L. (2009 Digital Remaster),1706.0,Man In The Mirror,1346.0,Interlude 5,1.8400499999999993,B-Boy Bouillabaisse: A.W.O.L. (2009 Digital Remaster),1.8074390624999994,8 Mile,1.3634359374999985,The Greatest Man In America,0.5065414082447312,Anarchist Bookstore part 1,0.4938226425855935,Oklahoma,0.4932612986174927,The Greatest Man In America,0.5358087570140317,Anarchist Bookstore part 1,0.5290166856468272,Oklahoma,0.5256962327859174,Interlude 5,271.9284434837045,Touch Me,227.9196722042728,B-Boy Bouillabaisse: A.W.O.L. (2009 Digital Remaster),215.43269325127872,Touch Me,0.18337222556962116,Interlude 5,0.15951657688050838,Contagious,0.15526189604789814,Empress,0.28884312897835,The Great Collapse,0.28444412099016264,W.O.M.A.N.,0.2837642298627734,Empress,0.34425342332668885,I Heard Love Is Blind,0.3327259719333492,Stupid Marriage,0.3262674975559461
107,TRTXHKL128F4242DD9,SOROSTR12A8C136324,ARHATLI1187FB52C76,Toby Keith,Big Ol' Truck,country,B-Boy Bouillabaisse: A.W.O.L. (2009 Digital Remaster),3201.0,Interlude 5,3016.0,Man In The Mirror,2922.0,B-Boy Bouillabaisse: A.W.O.L. (2009 Digital Remaster),3.5588593750000035,Interlude 5,3.241,She Ain't Afraid,3.222015625000002,She's In Love,0.6832871857418183,Magic,0.6377126508230692,Spanish Harlem (LP Version),0.6163465380041676,She's In Love,0.6945434263916861,Magic,0.6454462161065362,Spanish Harlem (LP Version),0.6299119776016854,B-Boy Bouillabaisse: A.W.O.L. (2009 Digital Remaster),270.03057198366946,8 Mile,220.71546255572318,She Ain't Afraid,215.27675112150297,She Ain't Afraid,0.16103339395078817,B-Boy Bouillabaisse: A.W.O.L. (2009 Digital Remaster),0.15969534227889703,She's Gonna Break Soon (Radio Edit) (w/o Horns),0.15327200971237798,One of these Days,0.26562545823705974,Figure It Out,0.2548549551691625,Diddy Wah Diddy,0.2515464049600432,One of these Days,0.30238934623168157,Big Bill Blues,0.2967748160654729,Shimmy_ Shimmy_ Ko-Ko-Bop (Single Version),0.29501401657292875
108,TRADETN128F148CF19,SOEKKYB12A6D4F81D4,ARHATLI1187FB52C76,Toby Keith,Blue Bedroom,country,Interlude 5,4244.0,I'm A Winner (Amended Album Version),3642.0,My Darling,3111.0,Interlude 5,4.927800000000001,I'm A Winner (Amended Album Version),4.305987499999999,My Darling,3.6578687499999982,Only You,0.802550728486843,Boxcutter Rap,0.7692676771309724,Suburban Ranger,0.7642991974896581,Only You,0.8089345253908576,Boxcutter Rap,0.7786658191366166,Suburban Ranger,0.7744312988988016,My Phone,162.15298295625834,B-Boy Bouillabaisse: A.W.O.L. (2009 Digital Remaster),138.41109847100165,Interlude 5,131.61542289966002,My Phone,0.1588658091017154,Where Do I Go From You,0.111604151211386,Blue Shoes,0.10909864509796599,After You've Gone (live),0.2929847659759292,California Blue,0.2843339934302152,My Phone,0.28406226307101556,After You've Gone (live),0.3366891751787661,My Phone,0.33596935515105514,California Blue,0.3256012367449334
109,TRKKXKG128E0791E74,SOJRPQW12B0B808689,ARHATLI1187FB52C76,Toby Keith,It's All Good,country,Interlude 5,3697.0,B-Boy Bouillabaisse: A.W.O.L. (2009 Digital Remaster),3044.0,Ice Is Workin' It,2401.0,Interlude 5,4.071550000000002,B-Boy Bouillabaisse: A.W.O.L. (2009 Digital Remaster),3.345298437499996,Ice Is Workin' It,2.7413374999999998,Flow On (Move Me No Mountain),0.7030167838313389,our ethos: a legacy to pass on,0.6718666167112812,LBC And The ING (Explicit),0.6635790160291493,Flow On (Move Me No Mountain),0.7257120292164673,our ethos: a legacy to pass on,0.6950123233311677,LBC And The ING (Explicit),0.6884230592779957,Interlude 5,283.5155121468439,B-Boy Bouillabaisse: A.W.O.L. (2009 Digital Remaster),244.56339108431717,Hair,222.50471748498978,Alright,0.1782765534501087,It's Alright,0.17353503782803956,She's A Star,0.166373865928714,Alright,0.3022532105585404,Believe,0.2684265892315354,Revolution,0.2615009955781118,Alright,0.3584529731122296,Believe,0.33352088838109545,She's A Star,0.3290288777106588
110,TRSSUAV128F148D60F,SOLBJPX12A6D4F901D,ARHATLI1187FB52C76,Toby Keith,Sweet,country,Interlude 5,6004.0,B-Boy Bouillabaisse: A.W.O.L. (2009 Digital Remaster),5723.0,I'm A Winner (Amended Album Version),5029.0,Interlude 5,6.7966000000000015,B-Boy Bouillabaisse: A.W.O.L. (2009 Digital Remaster),6.561331249999998,I'm A Winner (Amended Album Version),5.8232875,Book Of Life,0.8528984320076103,I'm,0.842321406375757,Claimin' True,0.8415004276059742,Book Of Life,0.8594451990301829,Claimin' True,0.8508988415463777,I'm,0.8492301658859397,Interlude 5,331.89438304193914,Overdose (Album Version),318.1728257628172,B-Boy Bouillabaisse: A.W.O.L. (2009 Digital Remaster),308.2582884197176,Live Foul,0.20511755969122142,Black Opera,0.19732409237604764,Overdose (Album Version),0.19339751645957384,Live Foul,0.2645514462342756,Futterman's Rule (2009 Digital Remaster),0.2585090718559419,9mm,0.25805177226914283,Live Foul,0.36604145314193115,9mm,0.36498724299069013,LBC And The ING (Explicit),0.3578946205188213
111,TRFROET128F148CF1F,SOPBTRI12A6D4F81DA,ARHATLI1187FB52C76,Toby Keith,You Shouldn't Kiss Me Like This,country,Interlude 5,5745.0,I'm A Winner (Amended Album Version),4144.0,B-Boy Bouillabaisse: A.W.O.L. (2009 Digital Remaster),3735.0,Interlude 5,6.622349999999995,I'm A Winner (Amended Album Version),4.814740624999998,B-Boy Bouillabaisse: A.W.O.L. (2009 Digital Remaster),4.201354687499997,Interlude 5,0.718975607784548,I Never Complain,0.7159224340786366,Stumble,0.7124575910656299,Interlude 5,0.7350399228983442,I Never Complain,0.7278782236379071,One,0.7255718294255774,Interlude 5,224.13625094732612,B-Boy Bouillabaisse: A.W.O.L. (2009 Digital Remaster),222.87758720789046,Closer To You,198.34619474513337,Not Leaving Without You (Album Version),0.1835205591283094,Kickin' It With Your Girlfriend,0.1611103468742573,One Kiss From Heaven,0.15322232838307173,Not Leaving Without You (Album Version),0.2903854874082472,Kiss Me,0.2870518055775715,One Kiss From Heaven,0.28488800391424807,One Kiss From Heaven,0.3451489610124346,Not Leaving Without You (Album Version),0.34373106199377834,The Way You Move,0.34206794099962884
112,TRFHVTT12903CF7CD9,SOBAAFP12D02198DCD,ARFR3E51187B9A0A85,Sara Evans,A Real Fine Place To Start,country,Interlude 5,3085.0,I'm A Winner (Amended Album Version),2497.0,Man In The Mirror,2206.0,Interlude 5,3.4146499999999964,I'm A Winner (Amended Album Version),2.832650000000001,I Want You,2.441449999999997,I'm Catching Hell (Living Here Alone) (Digitally Remastered 02),0.597463770863914,Sweet Leaf,0.5966517870801774,Sex Packets (LP Version),0.5928117920857613,I'm Catching Hell (Living Here Alone) (Digitally Remastered 02),0.624425897727655,Sex Packets (LP Version),0.6149362439930187,Sweet Leaf,0.6137182963203741,Man In The Mirror,232.4666681776553,Interlude 5,211.20113668370715,Keep Your Shit The Hardest,179.60834024274737,Man In The Mirror,0.20149194326922662,Hold Me Down (Album Version),0.14136791919857536,Waiting For The Day,0.13892977996924954,Electric Barbarella (Radio Edit),0.2746420167126041,You're So Fine,0.27024532795090417,Waiting For The Day,0.256680744408588,Waiting For The Day,0.3216580999148367,Electric Barbarella (Radio Edit),0.32074741980256594,You're So Fine,0.31411174559331523
113,TRXZNNF12903CA6F9B,SOWEIIN12AB018066C,ARO4WQR1187B9B9825,Kenny Rogers,Endless love,country,Interlude 5,4698.0,I'm A Winner (Amended Album Version),3862.0,B-Boy Bouillabaisse: A.W.O.L. (2009 Digital Remaster),3466.0,Interlude 5,5.504500000000008,I'm A Winner (Amended Album Version),4.587,I Want You,4.104749999999995,Get Sick Soon,0.8252726382151863,I Still Love You,0.8240806273792634,Seven Seas,0.814674432998892,Get Sick Soon,0.8306055308925484,I Still Love You,0.8292650210010611,Seven Seas,0.8197302991983271,Interlude 5,141.4266058889233,Mic Check,128.9184395943236,My Darling,118.24072949881403,I Still Love You,0.11295812434527626,My Heart Belongs To You,0.10959031150924478,Share My World,0.10712884774347506,My Heart Belongs To You,0.32753342048518863,Forever Yours,0.32637939121790555,Share My World,0.3191941186226726,My Heart Belongs To You,0.37857317937748836,Share My World,0.37057712077378174,I Still Love You,0.36783371780623036
114,TRTSAUB128E07859FC,SOGBBSX12A6701E426,ARV9LSS1187B98C471,Blake Shelton,Love Gets In The Way (Album Version),country,Interlude 5,3847.0,B-Boy Bouillabaisse: A.W.O.L. (2009 Digital Remaster),3846.0,I'm A Winner (Amended Album Version),3807.0,I'm A Winner (Amended Album Version),4.401006250000016,B-Boy Bouillabaisse: A.W.O.L. (2009 Digital Remaster),4.349721875000002,Interlude 5,4.261350000000001,Whispers,0.7249203320796188,Stranger In Paradise,0.7106971724492466,The Way It Is,0.705193775377792,Whispers,0.7393595774642931,Stranger In Paradise,0.7212734865577317,The Way It Is,0.7208883275875546,B-Boy Bouillabaisse: A.W.O.L. (2009 Digital Remaster),242.07027978333528,8 Mile,207.94369878184511,Fool For Love,204.9633929620987,Roni,0.1618791338983324,Passin' Me By,0.15688487358929573,Me Or The Papes,0.15419422331491853,Diddy Wah Diddy,0.3268085050774204,TV,0.25837345771792547,I'm Still Dancin' With You,0.24764435265168191,Diddy Wah Diddy,0.36873062575052656,Passin' Me By,0.3236772196822073,TV,0.31346155436996254
115,TRFMGIO128F42591F0,SOBCKDM12D021B3D99,ARK4ZEK1187B990A4F,George Strait,I'd Like To Have That One Back,country,Interlude 5,3479.0,B-Boy Bouillabaisse: A.W.O.L. (2009 Digital Remaster),3393.0,8 Mile,3098.0,Interlude 5,3.8519500000000035,B-Boy Bouillabaisse: A.W.O.L. (2009 Digital Remaster),3.8257874999999983,8 Mile,3.5589625000000105,Intermission,0.7206050145585913,My Little Girl,0.7053896461729835,Electric Lady,0.7022729560194432,Intermission,0.7329268484732367,My Little Girl,0.7178060087572243,Electric Lady,0.7172697428045745,B-Boy Bouillabaisse: A.W.O.L. (2009 Digital Remaster),273.47033704203983,Interlude 5,264.1988059629469,Snoopafella (Edited),223.3321022042705,Fool For Love,0.166807041402174,Slow Motion,0.15905009735655157,Snoopafella (Edited),0.15885858724242766,I Want My Girl,0.3332208894050523,I Feel Sorry For Him,0.30950214853109886,She Thinks,0.30379479798131237,I Want My Girl,0.38453582785011436,She Thinks,0.36306026904273475,I Feel Sorry For Him,0.35210125554843086
116,TRDYUVI128E078F725,SOEJDOV12D021B3BD5,ARK4ZEK1187B990A4F,George Strait,Marina Del Rey,country,Interlude 5,2010.0,B-Boy Bouillabaisse: A.W.O.L. (2009 Digital Remaster),1690.0,Otha Fish,1438.0,Interlude 5,2.2019999999999986,B-Boy Bouillabaisse: A.W.O.L. (2009 Digital Remaster),1.8528359374999976,Otha Fish,1.6361328124999992,Dead Spaces,0.5804213294157996,Sally's Pigeons,0.5751007267239415,Spanish Harlem (LP Version),0.5399669961493963,Dead Spaces,0.6004376258723121,Sally's Pigeons,0.5948603239449886,Brothers Under The Bridges ('83),0.5608716071395795,B-Boy Bouillabaisse: A.W.O.L. (2009 Digital Remaster),162.06996233809582,Mainstream,128.22367338790067,Snoopafella (Edited),128.200114672425,Joy Ride,0.11324163268804524,She's In Love,0.10606879587011886,The Curious Kind,0.10294451441338286,The Royal Mile,0.24221936243872627,She's In Love,0.2414165321111843,El Mauro,0.24121415344830976,She's In Love,0.2912196698353615,The Royal Mile,0.28862618672149526,The Curious Kind,0.2738274502384675
117,TRPNLLB128F14956A5,SOPBLAJ12D02193A82,ARK4ZEK1187B990A4F,George Strait,Milk Cow Blues,country,Interlude 5,4422.0,I'm A Winner (Amended Album Version),3751.0,B-Boy Bouillabaisse: A.W.O.L. (2009 Digital Remaster),3679.0,Interlude 5,5.035300000000001,I'm A Winner (Amended Album Version),4.367081250000002,B-Boy Bouillabaisse: A.W.O.L. (2009 Digital Remaster),4.1871343749999985,Revenge,0.7339075863975516,Never Gonna Give You Up,0.7335461186468103,My Darling,0.7274136259136309,Never Gonna Give You Up,0.746099403436712,Revenge,0.7443318892144923,My Darling,0.7417446849753278,B-Boy Bouillabaisse: A.W.O.L. (2009 Digital Remaster),241.756364349005,Snoopafella (Edited),180.48558592876515,Interlude 5,176.87483763430552,The Way You Treated Me (You're Gonna Be Sorry),0.15593574975350047,Louise,0.14420923752385215,Good Morning,0.14419107293279748,Good Morning,0.3689282686352625,The Way You Treated Me (You're Gonna Be Sorry),0.3590236220329223,Worried Life Blues,0.2927506995477938,Good Morning,0.4130896437194259,The Way You Treated Me (You're Gonna Be Sorry),0.40014084005615463,Johnson City,0.35101892637810905
118,TRTDHSB128F422B90F,SOWKMZU12A81C2165A,ARKZ13R1187FB54FEE,Josh Turner,Another Try,country,B-Boy Bouillabaisse: A.W.O.L. (2009 Digital Remaster),2793.0,8 Mile,2726.0,Interlude 5,2672.0,B-Boy Bouillabaisse: A.W.O.L. (2009 Digital Remaster),3.1508015624999985,8 Mile,3.150573437499992,Everytime I...,3.030546874999983,When I'm Gone,0.723260355616626,Killin' Time,0.720328060956678,Blowin' Smoke,0.7074885181726087,When I'm Gone,0.7343941248470012,Killin' Time,0.73122425780468,Keep Moving,0.7209197688752255,8 Mile,169.5311890817944,Diamonds From Sierra Leone,168.16252557078653,The Hourglass,162.8572964220668,Diamonds From Sierra Leone,0.12885908531248583,I Like It (Remix),0.12300414181332356,Dear Lover,0.12182762029970534,Amazed,0.3153618125403695,Christmas Island,0.2932249158987649,Killing Smile,0.2929663692948116,Amazed,0.35466661573746494,Killing Smile,0.3401891672329138,I Like It (Remix),0.3325047756159848
119,TREXZYC12903CA281A,SOLDPJZ12AB0186231,ARKZ13R1187FB54FEE,Josh Turner,As Fast As I Could,country,Interlude 5,4904.0,B-Boy Bouillabaisse: A.W.O.L. (2009 Digital Remaster),4482.0,I'm A Winner (Amended Album Version),4328.0,Interlude 5,5.582600000000001,B-Boy Bouillabaisse: A.W.O.L. (2009 Digital Remaster),5.144721875000001,I'm A Winner (Amended Album Version),5.052256250000015,Book Of Life,0.79045537367504,That's How I Beat Shaq,0.7649359733051778,Everytime I...,0.7638827224623027,Book Of Life,0.7988579052116475,That's How I Beat Shaq,0.7747084000132225,Everytime I...,0.767811373847845,B-Boy Bouillabaisse: A.W.O.L. (2009 Digital Remaster),222.2204738121604,Interlude 5,218.5821890880962,Fool For Love,181.89458022432444,Square One (Album Version),0.15507334949558163,Never Love You,0.1340975197272473,Woke Up Laughing,0.13108718989646057,Square One (Album Version),0.3038277599712093,Keepin' Up,0.2468481919959305,Never Love You,0.24475199224870448,Square One (Album Version),0.34983075338994535,Never Love You,0.3067185289236374,Keepin' Up,0.2967400958698983
120,TRDXSGX128F425F173,SOTSNDR12A8AE47599,ARF8HTQ1187B9AE693,Daft Punk,One More Time / Aerodynamic,electronic,Interlude 5,886.0,Hold Me Down (Album Version),685.0,B-Boy Bouillabaisse: A.W.O.L. (2009 Digital Remaster),588.0,Interlude 5,0.9648999999999981,Hold Me Down (Album Version),0.7901812499999998,One Tribe,0.6445875000000002,Take Me Up,0.5106393392788916,One More Time (Romanthony's Unplugged),0.4897199584040835,Midnight Bottle,0.4775923085151299,Take Me Up,0.527447359312641,One More Time (Romanthony's Unplugged),0.5057275636779099,Midnight Bottle,0.4960549176969501,It's Alright,102.99366696565036,Interlude 5,82.07794249333894,Not Leaving Without You (Album Version),81.93603040468038,It's Alright,0.10976665868133514,Not Leaving Without You (Album Version),0.08921865569590164,D.A.N.C.E [Jackson Remix],0.08711146283168296,Sweet Music,0.37778298969120294,So Much More,0.3700890669649117,One More Time (Romanthony's Unplugged),0.36860814321467283,Sweet Music,0.39088954992364155,One More Time (Romanthony's Unplugged),0.38866395216861593,So Much More,0.38683850440850787
121,TREAQSX128E07818CA,SOAWSML12A6310F1B7,ARF8HTQ1187B9AE693,Daft Punk,One More Time (Romanthony's Unplugged),electronic,Interlude 5,3417.0,I'm A Winner (Amended Album Version),2264.0,One of Us,2193.0,Interlude 5,3.8526500000000024,I'm A Winner (Amended Album Version),2.5564312500000033,One of Us,2.4881562500000016,One More Time,0.6853881370252313,Come Back Baby,0.6728828098696813,One Love At A Time,0.5739555978494562,One More Time,0.6955450382677406,Come Back Baby,0.6793139097191931,One Love At A Time,0.5912492162203798,Interlude 5,225.38921869801536,Splurge,184.10922474470513,B-Boy Bouillabaisse: A.W.O.L. (2009 Digital Remaster),173.39035528830019,Rock Wit U (Awww Baby),0.16681216306537824,Splurge,0.16026548223546097,The Hurt,0.1591595504913907,One More Time / Aerodynamic,0.36860814321467084,Baby Come Back,0.3284239851761951,The Hurt,0.3259487180355352,One More Time / Aerodynamic,0.3886639521686158,Baby Come Back,0.3739931544578756,The Hurt,0.36858595550829915
122,TRBVPVV128F425F14F,SOOHYOB12CF5F87A28,ARF8HTQ1187B9AE693,Daft Punk,Touch It / Technologic,electronic,Ice Is Workin' It,17762.0,Shake It And Break It,12393.0,If It Aint Broke Break It,9883.0,Ice Is Workin' It,21.570662500000058,Shake It And Break It,15.102706249999944,If It Aint Broke Break It,12.055079687499958,Whip It,0.8022483556158512,It's De-Lovely,0.801219394477016,It's Too Good To Talk About Now,0.7852561888559916,Whip It,0.8060299799284004,It's De-Lovely,0.8050355745285214,It's Too Good To Talk About Now,0.7886888273832221,B-Boy Bouillabaisse: A.W.O.L. (2009 Digital Remaster),419.26629248576853,Interlude 5,384.72702706530805,Overdose (Album Version),349.1717812790818,She Be The One,0.2535431270753011,Around The Way [Explicit Album Version],0.24270668961507336,Hoodrats,0.2418390923291903,She Be The One,0.30281051460371616,Tune Me Out,0.2770237254065959,The Street And Babe Shadow,0.2738547599642278,She Be The One,0.3623595611154398,Tune Me Out,0.32102186236446056,Black,0.3177116366552024
123,TRBROFT128F92F8769,SOYPPAZ12A8C143CD6,ARORMBJ1241B9CDB1A,Ke$ha,Boots &  Boys,electronic,Interlude 5,7159.0,B-Boy Bouillabaisse: A.W.O.L. (2009 Digital Remaster),5610.0,I'm A Winner (Amended Album Version),5042.0,Interlude 5,8.226549999999989,B-Boy Bouillabaisse: A.W.O.L. (2009 Digital Remaster),6.4085406249999926,Splurge,5.934121874999995,Overcome,0.6719483285043896,I And You,0.6600725475635777,Pray For Me,0.6520101000869691,Overcome,0.6839576875521296,I And You,0.6698112711198629,Pray For Me,0.6666235837587444,Manhattan,226.64172327181686,Joy Ride,221.23285128961103,Milkshake,214.0203501254395,Joy Ride,0.2126580858476146,Joy,0.21246784875897298,Manhattan,0.2059606884325704,Jonesy Boy,0.32694463865755685,Joy,0.2912940001683161,Infant Joy,0.27069966014376906,Jonesy Boy,0.36696545409618764,Joy,0.3296042400893413,Infant Joy,0.2896684459466826
124,TRIIWCU128F92F876A,SOQVJWF12A58A801EF,ARORMBJ1241B9CDB1A,Ke$ha,Animal,electronic,Interlude 5,2855.0,B-Boy Bouillabaisse: A.W.O.L. (2009 Digital Remaster),2445.0,8 Mile,2084.0,Interlude 5,3.1294500000000043,B-Boy Bouillabaisse: A.W.O.L. (2009 Digital Remaster),2.6888734375000034,8 Mile,2.3277515625000036,Lovely Thing,0.6375834916155423,Intro,0.580170769323683,Complicated,0.5798884517782943,Lovely Thing,0.654051801775045,I'm On The Mic,0.5985801754588809,Complicated,0.5968432700931395,B-Boy Bouillabaisse: A.W.O.L. (2009 Digital Remaster),164.85763691592345,Interlude 5,157.34335989547986,Undead,145.43890701299364,Sleep Tight,0.1380495848498379,The Monitor,0.12880521615465007,Back When,0.12532113158836886,A Viable Commercial,0.3653791871421412,Sleep Tight,0.3534631624657143,The 59th Street Bridge Song (Feelin' Groovy),0.2723949866403349,A Viable Commercial,0.3761050502720813,Sleep Tight,0.37310285923190006,The Monitor,0.3121596919713563
125,TRVDAHO128F92F231E,SOXUSKK12A8C144F94,AR0IVTL1187B9AD520,Katy Perry,Hot N Cold (Innerpartysystem Main),electronic,Interlude 5,12488.0,I'm A Winner (Amended Album Version),10641.0,My Darling,8864.0,Interlude 5,14.67850000000001,I'm A Winner (Amended Album Version),12.692484375000001,My Darling,10.509835937500004,Delicious,0.8796194992871724,You're A Soldier,0.8460667496659493,You're The Top,0.8429231955349011,Delicious,0.8817949394087483,You're A Soldier,0.8488816012487144,You're The Top,0.8453425561130551,Interlude 5,287.0695941430784,B-Boy Bouillabaisse: A.W.O.L. (2009 Digital Remaster),280.7131523699437,Safe + Sound,220.22149363264472,Interlude 5,0.17137802479822173,Warm Bed,0.16183893572204844,B-Boy Bouillabaisse: A.W.O.L. (2009 Digital Remaster),0.15982155072673815,It's Only Your Life,0.2920170971302667,Time Is Money (Bastard),0.28802786247301826,Dudley,0.2761897769533748,It's Only Your Life,0.348752606745734,Dudley,0.32576366481315516,Time Is Money (Bastard),0.312147984237235
126,TRUGOGT128F92F29E9,SONPGGS12AB0183AD2,AR0WLH6119B8669027,Owl City,Captains and Cruise Ships,electronic,Interlude 5,4515.0,I'm A Winner (Amended Album Version),3927.0,B-Boy Bouillabaisse: A.W.O.L. (2009 Digital Remaster),3868.0,Interlude 5,5.160749999999994,I'm A Winner (Amended Album Version),4.593093750000003,B-Boy Bouillabaisse: A.W.O.L. (2009 Digital Remaster),4.431078124999997,B-Boy Bouillabaisse: A.W.O.L. (2009 Digital Remaster),0.8014736013738506,Excuse You,0.7923761769762433,Fever Moon,0.7891953159490381,B-Boy Bouillabaisse: A.W.O.L. (2009 Digital Remaster),0.8141768003827177,Excuse You,0.8033942014035339,Bad Mutha,0.8008511948149708,B-Boy Bouillabaisse: A.W.O.L. (2009 Digital Remaster),220.34736165995287,Weak Become Heroes,210.42618874003713,My Darling,201.89358753638498,Weak Become Heroes,0.15231212552266687,Dear Suzie,0.12573279054069608,Spaceman,0.11932618502297103,faraway voice,0.327692884352396,Spaceman,0.2543371488264172,Mary,0.2338521247211966,faraway voice,0.3687846857423372,Spaceman,0.3336358501643367,Weak Become Heroes,0.32458371350965143
127,TRNEITZ128F92F29EA,SOIFHDS12AB0183AD5,AR0WLH6119B8669027,Owl City,Designer Skyline,electronic,Interlude 5,1541.0,B-Boy Bouillabaisse: A.W.O.L. (2009 Digital Remaster),1175.0,My Darling,842.0,Interlude 5,1.7859500000000037,B-Boy Bouillabaisse: A.W.O.L. (2009 Digital Remaster),1.3514203124999988,Splurge,0.9676359374999977,Viva ! blunt force trauma,0.7850568512363785,Snowbirds And Townies,0.758308676345705,Out of the sun,0.7471961108518543,Viva ! blunt force trauma,0.7851486506977174,Snowbirds And Townies,0.7651734526569165,Out of the sun,0.7534389410179979,8 Mile,101.93923517011756,Mortal City,84.94462022860576,Mr. Wiggles,75.01005503632568,8 Mile,0.07295967918707985,Mortal City,0.06858153157633542,Expansion Team Theme,0.06409559199916773,Sunny Road,0.2669421585478952,Marrakech,0.24190733817731336,Red Gold And Green,0.2400403210424623,Sunny Road,0.3017384485953608,Marrakech,0.2721113240411297,Where The Girls Are,0.2671219865284117
128,TRMIHFS128F92F2A01,SOLCHRP12AC468D757,AR0WLH6119B8669027,Owl City,Early Birdie,electronic,Interlude 5,1648.0,B-Boy Bouillabaisse: A.W.O.L. (2009 Digital Remaster),1532.0,I'm A Winner (Amended Album Version),1283.0,Interlude 5,1.7679000000000016,B-Boy Bouillabaisse: A.W.O.L. (2009 Digital Remaster),1.6707234374999975,I'm A Winner (Amended Album Version),1.4128531250000007,The Irony Of It All (Album Version),0.5385817768846347,Ten Toes Tall,0.5313540375936867,How We Do,0.5288951534172661,The Irony Of It All (Album Version),0.5676366039949823,Ten Toes Tall,0.562233593749491,How We Do,0.5587293207500901,Interlude 5,189.27527065447438,B-Boy Bouillabaisse: A.W.O.L. (2009 Digital Remaster),146.43345196372715,8 Mile,146.20737876552474,Interlude 5,0.11123772976388238,Hair,0.10263046245141508,Chorus Of Angels,0.09830608582572141,Sleeping With The Lights On,0.2275150972117516,How Deep Is The Ocean (How High Is The Sky),0.22612226659901938,From Underneath,0.22473442389075748,Adam Lives In Theory,0.2869410362092643,Hair,0.28582116046010686,2 Deep,0.281726427929073
129,TRDEVZQ128F931BAED,SOQLHST12AB0184A27,AR0WLH6119B8669027,Owl City,Meteor Shower,electronic,Interlude 5,1163.0,B-Boy Bouillabaisse: A.W.O.L. (2009 Digital Remaster),1160.0,I Want You,1140.0,I Want You,1.3827343749999996,B-Boy Bouillabaisse: A.W.O.L. (2009 Digital Remaster),1.3538281250000057,Interlude 5,1.3387500000000037,Soobax,0.7593739172246354,I Don't Need This,0.7287674858818637,Keep Moving,0.7274486509287478,Soobax,0.7650891375745664,I Don't Need This,0.7358109493375435,Keep Moving,0.7335432208111056,Interlude 5,63.676632391920194,8 Mile,58.35438406543567,Memorial Day,49.21859284733896,Memorial Day,0.047651931494734276,Down On My Knees,0.046821138859700254,Ain't No Stopping Us Now,0.046283946604514646,Don't Let It Get To You (Album Version),0.32791548010765637,Banstead,0.31804458575632666,Summer On The West Hill,0.27402522869661855,Don't Let It Get To You (Album Version),0.3515805632071388,Banstead,0.3336213465557215,Summer On The West Hill,0.2959439780332499
130,TRCXWLU128F92F2A0D,SOWHUXB12AB01816EE,AR0WLH6119B8669027,Owl City,This Is The Future,electronic,Interlude 5,1856.0,My Darling,1367.0,Spitfall,1234.0,Interlude 5,2.154400000000002,My Darling,1.6073874999999984,Spitfall,1.4628499999999993,Disgrace (Unholy Remix),0.690277251599624,Fat And Alone,0.678623613676433,Spitfall,0.6645160295322211,Disgrace (Unholy Remix),0.6985047749255158,Fat And Alone,0.6852745463773746,Spitfall,0.6745163695357015,Interlude 5,113.24063127101992,8 Mile,89.97390478700257,Black Smif-n-Wessun (LP Version),84.50544474868572,Black Smif-n-Wessun (LP Version),0.08257004071170751,Interlude 5,0.08053777440611654,Turn It On,0.0779051586369856,Crime,0.26036318657777435,Wake Up Call (Album Version),0.23964713409713645,Curse,0.23810928447841972,Crime,0.2859332024512943,Tears,0.26977733587255986,Modern Crusaders.,0.26376791634394103
131,TRVJTNA128F934D19D,SOKTUGM12AB0184005,ARRBF3M1187FB4D59F,30 Seconds To Mars,Kings and Queens (Innerpartysystem Remix Main),electronic,Interlude 5,2013.0,One of Us,1452.0,B-Boy Bouillabaisse: A.W.O.L. (2009 Digital Remaster),1150.0,Interlude 5,2.2494499999999995,One of Us,1.6536875000000026,Crazy World,1.3471500000000005,Goons of Hazzard,0.6314949282611061,Black Milk,0.6311563772142186,Tyrants,0.6297434736907238,Goons of Hazzard,0.6419693117332821,Black Milk,0.6414269805898185,Tyrants,0.639052040676579,Resolution,159.31219842993636,I Love U In Me ( LP Version),150.6865203606929,B-Boy Bouillabaisse: A.W.O.L. (2009 Digital Remaster),139.67960090498997,Resolution,0.1413622842254931,Sticky,0.13836139024587513,I Love U In Me ( LP Version),0.12111369468070993,Starbound,0.3089424410130948,Heaven's In Here (1999 Digital Remaster),0.28263746489770813,Africa Unite,0.25882315527582983,Starbound,0.3318515510809983,Heaven's In Here (1999 Digital Remaster),0.30656894932007134,Africa Unite,0.28749776808572775
132,TRRBLPE128F9311B20,SOMSZSA12AB0182E3A,ARVKJGO12086C15075,LMFAO,Bounce,electronic,Interlude 5,5836.0,B-Boy Bouillabaisse: A.W.O.L. (2009 Digital Remaster),5283.0,I'm A Winner (Amended Album Version),4858.0,Interlude 5,6.618799999999998,B-Boy Bouillabaisse: A.W.O.L. (2009 Digital Remaster),6.038259375000006,I'm A Winner (Amended Album Version),5.630581250000006,Claimin' True,0.7861324977280734,Soopaman Luva 3,0.7719323700847756,We Brings Heat,0.7713215963318163,Claimin' True,0.7984691070649035,Soopaman Luva 3,0.7856642453075681,We Brings Heat,0.7856556202122472,Strictly 4 My N.I.G.G.A.Z.,419.3217218481028,Keep Your Shit The Hardest,405.2345792813434,Safe + Sound,397.89074623171047,Strictly 4 My N.I.G.G.A.Z.,0.3660921820601723,Keep Your Shit The Hardest,0.3520663459557718,Still On It,0.3461649647079824,Strictly 4 My N.I.G.G.A.Z.,0.36160318060314195,Rowdy Rowdy,0.35271833116456897,24's,0.35210822608285625,Strictly 4 My N.I.G.G.A.Z.,0.44467211953671476,Rowdy Rowdy,0.4275822731995316,The Worst,0.4241325453644074
133,TRWQYOY128F425BD4C,SOODXDV12A8AE4807F,AR5K3CW1187FB45B46,Crystal Castles,Vanished,electronic,Interlude 5,3888.0,B-Boy Bouillabaisse: A.W.O.L. (2009 Digital Remaster),3138.0,My Darling,2836.0,Interlude 5,4.2758,B-Boy Bouillabaisse: A.W.O.L. (2009 Digital Remaster),3.4339468749999997,My Darling,3.1874156249999985,Cheatin',0.626212234722071,She's On Drugs,0.6200279075286195,We Don't Need You,0.6191947739464817,Cheatin',0.6459466467702077,She's On Drugs,0.6432865071081605,The Man In You,0.641279012996349,Mortal City,223.13512896948038,8 Mile,207.10002379149225,1st Booty On Duty,190.14652147223234,Mortal City,0.17108691902922973,An Open Letter To NYC,0.13974385854154797,Holding On,0.1276685790439458,On Bedford and Grand,0.2951622723316004,Dead Cities,0.2919240939508569,Riot City,0.27036548880273326,Dead Cities,0.32739206622353273,Greensleeves,0.323274967620348,On Bedford and Grand,0.31749762671844695
134,TRLLRQA128F427C709,SOSKKKY12A8C13ED21,AR5K3CW1187FB45B46,Crystal Castles,Xxzxcuzx,electronic,Interlude 5,1470.0,B-Boy Bouillabaisse: A.W.O.L. (2009 Digital Remaster),850.0,I'm A Winner (Amended Album Version),775.0,Interlude 5,1.6719000000000002,B-Boy Bouillabaisse: A.W.O.L. (2009 Digital Remaster),0.924012499999999,I'm A Winner (Amended Album Version),0.8605250000000008,Kinky Sex Makes the World Go 'Round,0.6109624207020938,The Place We Dwell,0.5894185888591058,Tea For Two (Featuring Jimmy Scott),0.5860526591609085,Kinky Sex Makes the World Go 'Round,0.6341422287171887,The Place We Dwell,0.6127327547271881,Tea For Two (Featuring Jimmy Scott),0.6055912252321028,Interlude 5,113.34502912159012,Dirty Money,103.05102964806271,Face Down,92.1418623972868,Dirty Money,0.0925948960956342,Face Down,0.0673316202775165,Interlude 5,0.0663678959999627,Left For Dead,0.23634435364816614,Love Is (What I Say),0.235677780371363,You're The Voice,0.23286222057637745,Left For Dead,0.2821290124467563,You're The Voice,0.2706703968320984,Love Is (What I Say),0.26677345279170933
135,TRDFWPG128F148D4DF,SOIWRAH12A6D4F66C0,ARBEOHF1187B9B044D,Madonna,Die Another Day [Live],electronic,Everytime I...,6749.0,8 Mile,6677.0,B-Boy Bouillabaisse: A.W.O.L. (2009 Digital Remaster),6560.0,Everytime I...,8.235859374999986,8 Mile,7.93255468750002,B-Boy Bouillabaisse: A.W.O.L. (2009 Digital Remaster),7.651820312499989,Cynically Depressed,0.7041875228920784,School Days,0.6952795734270457,I'll Die,0.6837579398186397,Cynically Depressed,0.7094642914514258,School Days,0.7007093700486069,I'll Die,0.6895672809576248,Interlude 5,196.14971368321497,B-Boy Bouillabaisse: A.W.O.L. (2009 Digital Remaster),182.8263677198128,Life of Tha Party,178.29641244708125,Life of Tha Party,0.17984558331475908,Can't Tell Me Nothing,0.16307179502848151,Plumskinzz (Loose Hoe_ God & Cupid),0.14226787742243974,Just Another Day (Album Version),0.2905881995991858,My Dearest Friend,0.27040672032005947,Woke up Dreaming,0.2639266719614289,Just Another Day (Album Version),0.30621783158344656,Woke up Dreaming,0.298390084879642,Life of Tha Party,0.2900531536105366
136,TRVWMWN128E0788952,SOMANNK12A6701F0A1,ARN5NHX1187FB4F755,The Smashing Pumpkins,Perfect (Nellee Hooper Instrumental),electronic,Interlude 5,2808.0,I'm A Winner (Amended Album Version),1708.0,I Want You,1654.0,Interlude 5,3.2064000000000017,I Want You,1.955918750000001,I'm A Winner (Amended Album Version),1.9365874999999966,Ship Jumper,0.6266795042970366,Dude_ What Is a Land Pirate?,0.6205517855389093,We Are In Love,0.6146350709181152,Dude_ What Is a Land Pirate?,0.636663868729615,Ship Jumper,0.6354443948563383,On the Outside,0.6318878355032662,Interlude 5,145.41776012624743,Closer To You,127.95992398353327,The Lover In Me,127.44539119781935,The Lover In Me,0.13403819853610066,Survive,0.1077829913782885,Lovers In Captivity,0.10511215327927177,Pass The Dutchie,0.43770101648108306,The Lover In Me,0.2969454133775443,Lovers In Captivity,0.27392085003994615,Pass The Dutchie,0.4606872902089256,The Lover In Me,0.3341250733874397,Lovers In Captivity,0.3165024596205422
137,TRDHPGJ128F4289C44,SOESBMW12A8AE48210,AR8V1X71187B9B919B,Kylie Minogue,Love At First Sight (The Scumfrog's Beauty And The Beast Vocal Edit),electronic,Interlude 5,4574.0,I'm A Winner (Amended Album Version),3212.0,B-Boy Bouillabaisse: A.W.O.L. (2009 Digital Remaster),3103.0,Interlude 5,5.1286999999999985,I'm A Winner (Amended Album Version),3.6301999999999954,B-Boy Bouillabaisse: A.W.O.L. (2009 Digital Remaster),3.386350000000002,Delirious Love,0.5979906907297174,Hear Me Lord,0.582595733005173,Cruisin',0.581623972743572,Delirious Love,0.6164540227043704,Hear Me Lord,0.6009380536653515,Cruisin',0.5990691303805199,Interlude 5,275.4736481809744,Kickin' It With Your Girlfriend,222.60356888886525,Weak Become Heroes,212.79121977806605,Kickin' It With Your Girlfriend,0.209955974856554,Kiss,0.19365490812880778,I Believe,0.1754144732453753,You Are The Only One I Love,0.3149695140493983,I Believe,0.29444602202971043,Kiss,0.27263275225607586,You Are The Only One I Love,0.3521592571438869,I Believe,0.3359674143990639,Kiss,0.3201759839308523
138,TRFSQXF128F9311B25,SOCHMTD1288D3E7D9D,ARVKJGO12086C15075,LMFAO,I Am Not A Whore,electronic,8 Mile,5184.0,Over It (Acoustic),4802.0,B-Boy Bouillabaisse: A.W.O.L. (2009 Digital Remaster),4730.0,8 Mile,6.265168750000002,Over It (Acoustic),5.88710625000002,Everytime I...,5.760937500000019,Not A Heel,0.8576282426995355,Hunter,0.8558602835677456,Bitch,0.8534008405706027,Not A Heel,0.8594093108896051,Hunter,0.8576710520204935,Bitch,0.8550069600086608,8 Mile,131.00532506010433,Interlude 5,99.85494803898675,B-Boy Bouillabaisse: A.W.O.L. (2009 Digital Remaster),98.74180590237066,8 Mile,0.10264051579952879,Hoodrats,0.0851750205247863,Mr. Cool (Featuring Mario Winans) (Album Version),0.08301663201183543,Love Me Tender,0.31854017313493255,Mr. Cool (Featuring Mario Winans) (Album Version),0.3100672673663246,Rush,0.3022154706822806,Love Me Tender,0.34785581362280493,Mr. Cool (Featuring Mario Winans) (Album Version),0.34513787363099524,Rush,0.3411187295666945
139,TRXACXM12903CEC365,SOEFTYS129F06C1DEB,ARPD2KK1187B9B8B98,Cascada,Fever,electronic,Touch It / Technologic,5679.0,I'm A Winner (Amended Album Version),5491.0,Ice Is Workin' It,5158.0,Touch It / Technologic,6.815512500000007,I'm A Winner (Amended Album Version),6.394774999999998,Ice Is Workin' It,6.108200000000021,Whip It,0.6581809624414552,Corruption,0.6498733519758743,Save It,0.6492831485413356,Whip It,0.666852218837513,Save It,0.6596086700523046,French Kissing,0.6588063430184941,Interlude 5,239.16003148358712,B-Boy Bouillabaisse: A.W.O.L. (2009 Digital Remaster),234.77934564245027,8 Mile,216.2760587803248,Man In The Mirror,0.17567024947799798,Make Me Lose Control,0.17448990409120213,Better Than Making Love,0.17056088561590713,Better Than Making Love,0.3520683516865283,Call Me Up,0.338890764439992,Kiss me now,0.337118726125073,Better Than Making Love,0.3921186844704685,Call Me Up,0.3794707938205795,Kiss me now,0.37649473936888583
140,TRWWVGC12903CB5C50,SOBSJQH12AB01876C3,AR6LZB61187B9AF431,Depeche Mode,Freestate,electronic,Cancel (Album Version),1426.0,Acid 8000,1375.0,My Darling,1059.0,Cancel (Album Version),1.7104812499999995,Acid 8000,1.6740437499999998,All Day Sucker,1.2244750000000002,Firefly (LP Version),0.5771870902534981,Cancel (Album Version),0.569373270873363,Brother Sport,0.5593264021266143,Firefly (LP Version),0.590293211050988,Cancel (Album Version),0.5794378650979687,Saint Judas (LP Version),0.572026772174609,Mr. Outsider,127.62049683095826,Man In The Mirror,121.16608010207747,Interlude 5,111.89103886530515,Let Yourself Go,0.1200267524919807,Get This Party Started: Ghost Remix,0.10963347374564324,Enjoy Yourself,0.10912627922543733,Let Yourself Go,0.42766778697652535,Phoenix From The Fire,0.32678884553538345,Enjoy Yourself,0.31396784612837264,Let Yourself Go,0.44948175367934534,Phoenix From The Fire,0.35782039434616286,Enjoy Yourself,0.3434940883838622
141,TRYIJWH128F146948C,SOXZUAV12A6310F21A,AR6LZB61187B9AF431,Depeche Mode,Personal Jesus,electronic,Interlude 5,2846.0,My Darling,2012.0,B-Boy Bouillabaisse: A.W.O.L. (2009 Digital Remaster),1960.0,Interlude 5,3.2446999999999986,My Darling,2.323537500000002,B-Boy Bouillabaisse: A.W.O.L. (2009 Digital Remaster),2.188412500000002,Personal Jesus,0.9556725161526053,Just What Can Happen,0.5727308994552022,Hold You,0.5218987340759413,Personal Jesus,0.9567355016832566,Just What Can Happen,0.5862709205077544,Hold You,0.538524382315772,Personal Jesus,380.04131267677946,Reach Out And Touch (Live @ Fillmore West),136.95508324849544,Overdose (Album Version),120.95932721551331,Personal Jesus,0.4606107468700265,Reach Out And Touch (Live @ Fillmore West),0.15294719235469803,Talk To My Heart (Recorded Live In London '99),0.12586734319335616,Personal Jesus,0.9379098186577383,-9-,0.3391252456370376,Reach Out And Touch (Live @ Fillmore West),0.3184344927771661,Personal Jesus,0.93941902608718,-9-,0.3492553067000145,Reach Out And Touch (Live @ Fillmore West),0.34240930257453567
142,TRDIAZY12903CB6532,SOWUJPS12AB018ACA8,ARAXU5Z1187B98FECD,Gorillaz,Broken,electronic,Interlude 5,1744.0,B-Boy Bouillabaisse: A.W.O.L. (2009 Digital Remaster),1294.0,I'm A Winner (Amended Album Version),1283.0,Interlude 5,1.8763999999999994,I'm A Winner (Amended Album Version),1.4053375000000008,B-Boy Bouillabaisse: A.W.O.L. (2009 Digital Remaster),1.3636062500000017,The Circus,0.4592891307750474,Magical,0.4581981702050645,Operation Rescue,0.44841412695586297,The Circus,0.4823046022550818,Magical,0.4778119969101455,Operation Rescue,0.4722981058001945,Spitfall,177.77718170976814,B-Boy Bouillabaisse: A.W.O.L. (2009 Digital Remaster),167.16972425110708,The Hourglass,164.19958862098406,Spitfall,0.15514178801816503,I'm a Broken Heart,0.1337997053032669,Forgiveness,0.12818420538602762,I'm a Broken Heart,0.35568230196207384,Broken Hearted,0.33196649039336346,The Weak Shall Prevail,0.316677804513629,I'm a Broken Heart,0.3825200966801381,Broken Hearted,0.3646538893197652,Forgiveness,0.3535806019585915
143,TRTUJAL128F423E18D,SOGNWLL12AF72AAA61,ARAXU5Z1187B98FECD,Gorillaz,Kids With Guns (Quiet Village Remix),electronic,Touch It / Technologic,6595.0,Ice Is Workin' It,5509.0,Shake It And Break It,3836.0,Touch It / Technologic,8.053109375000018,Ice Is Workin' It,6.657874999999979,Shake It And Break It,4.654562499999991,Touch It / Technologic,0.7012722158831275,Doesn't Make It Alright,0.6553017338529172,Whip It,0.6496500809905021,Touch It / Technologic,0.706104038330947,Doesn't Make It Alright,0.6607096038317538,Whip It,0.6556942447870098,Kids With Guns (Jamie T's Turns To Monsters Mix),293.6547151476459,Interlude 5,204.41340613238597,Push Me Away,189.56821956593234,Kids With Guns (Jamie T's Turns To Monsters Mix),0.31675685153340144,Push Me Away,0.20602918403361012,Keep It Real,0.15062003983947314,Kids With Guns (Jamie T's Turns To Monsters Mix),0.39777715218654014,To Satellite,0.27633101030597573,Push Me Away,0.27145226174714765,Kids With Guns (Jamie T's Turns To Monsters Mix),0.4244911011041733,To Satellite,0.3056133981680549,Push Me Away,0.2990007822763472
144,TRBTXNE12903CB6528,SOCMRWF12AB018AC92,ARAXU5Z1187B98FECD,Gorillaz,Rhinestone Eyes,electronic,Interlude 5,2670.0,B-Boy Bouillabaisse: A.W.O.L. (2009 Digital Remaster),2212.0,Otha Fish,1948.0,Interlude 5,2.893599999999999,B-Boy Bouillabaisse: A.W.O.L. (2009 Digital Remaster),2.3937765625000007,Otha Fish,2.2043046875000023,Bump,0.584997775103003,Peace_ Prosperity & Paper,0.5839860179193035,Flow On (Move Me No Mountain),0.5766482991474806,Peace_ Prosperity & Paper,0.6151066731770107,Bump,0.6122319443189098,Flow On (Move Me No Mountain),0.6092094824177163,Interlude 5,211.93394754701947,B-Boy Bouillabaisse: A.W.O.L. (2009 Digital Remaster),181.89601421132005,Beautiful Struggle,175.4842090166142,Dandelion Hill,0.1527060873644758,Soul Power,0.14150829311921886,Beautiful Struggle,0.13754708897674003,Dandelion Hill,0.2826285152244256,99 Red Balloons,0.2676781990634799,California Blue,0.24821366784460197,Dandelion Hill,0.3424992934672941,99 Red Balloons,0.3257388345814948,Soul Power,0.30332739141015597
145,TRKQRSQ128F92D5134,SOTTAJB12A8C142C18,AR4L4WQ1187FB51996,The Prodigy,Invaders Must Die,electronic,NDW 2005,420.0,Stand,390.0,The Earth Dies Screaming,308.0,NDW 2005,0.5137875000000001,Stand,0.47988749999999586,The Earth Dies Screaming,0.3795999999999964,Popkultur / Meide,0.5327178845109605,Immersed In Pain,0.48563179862019645,We'll Never Die,0.4788709714230998,Popkultur / Meide,0.534686377234948,Immersed In Pain,0.48780783917080295,We'll Never Die,0.4816192562600812,The Earth Dies Screaming,66.69748153327708,Nipple To The Bottle,66.47623233293108,I'll Die,61.71497280631587,The Earth Dies Screaming,0.08128286105775803,Nipple To The Bottle,0.08002377531121127,I'll Die,0.07238184954742857,Stavesail,0.35879529532093524,Nipple To The Bottle,0.3560957537014022,The Earth Dies Screaming,0.35261303105242936,Stavesail,0.3626264430535606,Nipple To The Bottle,0.3590613390561848,The Earth Dies Screaming,0.35664074518968136
146,TRBFVAA128F423C356,SOCWAFA12A8AE48A78,AR4L4WQ1187FB51996,The Prodigy,Wake Up Call (Album Version),electronic,Interlude 5,777.0,I'm A Winner (Amended Album Version),641.0,Do The Bartman,553.0,Interlude 5,0.8838500000000004,I'm A Winner (Amended Album Version),0.7441312500000002,Do The Bartman,0.6441062500000011,Undertaker,0.5534850779073099,Come Back When It Ain't Rainin',0.524782946328693,Strike It Up,0.5048330364924183,Undertaker,0.5655267117210215,Come Back When It Ain't Rainin',0.5364768537952223,Put It On Me,0.5190370341141012,Right Here Right Now,66.53728136644654,Chorus Of Angels,61.29516466563742,Interlude 5,60.4649154214116,Right Here Right Now,0.08088616646288405,Chorus Of Angels,0.0692726338943284,Therapy,0.06421694203904421,Right Here Right Now,0.43422917615953854,From This Dream,0.4335003203019053,Therapy,0.3650243899379726,From This Dream,0.44656514660042845,Right Here Right Now,0.4409438124277464,Therapy,0.38061242939014556
147,TRFSCLD12903CD213F,SOENGNL12AB018E1BD,AR4L4WQ1187FB51996,The Prodigy,We Gonna Rock,electronic,Stop The Rock,5616.0,Here We Go,5217.0,It's A Party,4548.0,Stop The Rock,6.898874999999996,Here We Go,6.355950000000002,It's A Party,5.364850000000003,Rock Lobster (Live),0.5274072335093796,Good Times,0.47977002212269504,Convoy,0.47322679039581944,Rock Lobster (Live),0.5313037291440534,Good Times,0.48373375565738,Convoy,0.4750964702244586,The Answer,189.035316771614,Baby We've Got A Date (Rock It Baby),180.002538242739,Stop The Rock,177.66371131891302,Stop The Rock,0.21708656747386176,Baby We've Got A Date (Rock It Baby),0.2168362894392371,The Answer,0.21524573487281162,Stop The Rock,0.4458328497067583,Rock Lobster (Live),0.4360719078708809,Baby We've Got A Date (Rock It Baby),0.40419368677043666,Stop The Rock,0.45110282764449916,Rock Lobster (Live),0.442294757135648,Baby We've Got A Date (Rock It Baby),0.41114532763898065
148,TRZTQEP128E0792526,SOYMEOT12A6701DE9A,ARK9TRQ1187B99C095,Nine Inch Nails,The Great Collapse,electronic,Interlude 5,1597.0,Ice Is Workin' It,1109.0,Touch It / Technologic,1086.0,Interlude 5,1.8651500000000008,Ice Is Workin' It,1.324262499999997,Touch It / Technologic,1.3057546874999986,A Floater Left With Pleasure In The Executive Washroom.,0.5841683088269369,Day Like This,0.5678809889455769,C.O.A.,0.5574882644141799,A Floater Left With Pleasure In The Executive Washroom.,0.5900304305670155,Day Like This,0.5743497742760909,C.O.A.,0.5625056747804826,Take My Money,63.21509600329282,That Kind Of Woman,58.09105971709026,Ain't That Just Like A Woman,53.297716107622286,Take My Money,0.07048444840290602,That Kind Of Woman,0.06829942034130215,Ain't That Just Like A Woman,0.06266101851708865,W.O.M.A.N.,0.40433692360692725,Ain't That Just Like A Woman,0.38568031832582156,I'm A Woman,0.3844249468342652,W.O.M.A.N.,0.41368330201328496,Ain't That Just Like A Woman,0.3960260237739651,I'm A Woman,0.39479681622085405
149,TRLTFVP128E0782B34,SOITPXC12A6310E0DA,AR9L6R11187B9AA3F2,Duran Duran,Electric Barbarella (Radio Edit),electronic,Interlude 5,4025.0,I'm A Winner (Amended Album Version),3075.0,B-Boy Bouillabaisse: A.W.O.L. (2009 Digital Remaster),2731.0,Interlude 5,4.690849999999998,I'm A Winner (Amended Album Version),3.6212875000000007,B-Boy Bouillabaisse: A.W.O.L. (2009 Digital Remaster),3.1290812499999974,Epilogue,0.7478695192864779,Famous Blue Raincoat,0.7292397946188018,She's The Source,0.7290728805281566,Epilogue,0.7587906862592929,Famous Blue Raincoat,0.7413997674492591,Boxcutter Rap,0.740232121292283,Interlude 5,172.60310317316765,B-Boy Bouillabaisse: A.W.O.L. (2009 Digital Remaster),158.91219985293347,Time To Make You Mine,136.7216418877903,Time To Make You Mine,0.1408524789539301,Kiss,0.12274336878593665,A Real Fine Place To Start,0.11071030637922277,Time To Make You Mine,0.2926685799942584,You're So Fine,0.28866689528081746,A Real Fine Place To Start,0.2746420167126036,Time To Make You Mine,0.33421830898413857,You're So Fine,0.3266321021927309,A Real Fine Place To Start,0.32074741980256594
150,TRFVWXW128F931A0E9,SOPERLI129F0824AA5,ARAOQ5T1187FB435AB,Björk,Pluto,electronic,8 Mile,494.0,Interlude 5,465.0,B-Boy Bouillabaisse: A.W.O.L. (2009 Digital Remaster),416.0,8 Mile,0.5768562499999996,Interlude 5,0.5168500000000001,Everytime I...,0.4828125000000012,Wasteland,0.5476552289852917,Pardon Me,0.5251614858386762,Birds Of Paradise,0.5123571601648227,Wasteland,0.5566522713077471,Pardon Me,0.5346991212454282,Birds Of Paradise,0.5230191827264211,Undead,52.81882331866292,8 Mile,49.71297668748816,Interlude 5,49.2640818184852,Tomorrow's Just Another Day,0.051839064743249424,Undead,0.051250294123852486,This Is The New Shit,0.04953470996238615,i like the sunrise,0.29129890932998337,All The Bodies,0.2863536719079956,Wait,0.2810389917891566,i like the sunrise,0.30550308404555837,All The Bodies,0.2976694632831061,Wait,0.2970687618940029
151,TRKQQMW128F92D54DF,SOMXUUY12A8C141D38,ARD063K11C8A422ED7,Empire Of The Sun,Delta Bay,electronic,Otha Fish,1518.0,B-Boy Bouillabaisse: A.W.O.L. (2009 Digital Remaster),1437.0,I'm A Winner (Amended Album Version),1404.0,Otha Fish,1.728960937499992,I'm A Winner (Amended Album Version),1.5430593750000017,B-Boy Bouillabaisse: A.W.O.L. (2009 Digital Remaster),1.5250453125000016,Down In The Alley,0.5411379504774838,The What,0.4868686956592924,Unintended Long Term Effects,0.4793278095282879,Down In The Alley,0.5580896364022438,The What,0.5145079969904688,Unintended Long Term Effects,0.49927693761814484,B-Boy Bouillabaisse: A.W.O.L. (2009 Digital Remaster),238.83333763928732,Interlude 5,165.40293684714683,The Dance,158.8138525845525,B-Boy Bouillabaisse: A.W.O.L. (2009 Digital Remaster),0.14513743290146322,Who Shot Sam,0.1335245528962436,Shot In The Dark,0.12624921596394925,Who Shot Sam,0.2768341133611828,The Messiah Will Come Again,0.2572045225457648,Shot In The Dark,0.2301931614801937,Who Shot Sam,0.31281904134940375,The Messiah Will Come Again,0.29250533277793395,Shot In The Dark,0.27618702534912903
152,TRFYMPB128F93100C0,SOXKRRQ12AB017C0F2,ARD063K11C8A422ED7,Empire Of The Sun,We Are The People (Shazam Remix),electronic,Interlude 5,8737.0,I'm A Winner (Amended Album Version),7195.0,I Want You,6302.0,Interlude 5,10.146150000000004,I'm A Winner (Amended Album Version),8.487196874999997,I Want You,7.592629687499985,Revenge,0.7456428303160773,Rush,0.7304206635896473,Irresistible ( LP Version ),0.7152316350031789,Revenge,0.7544107678533769,Rush,0.7390582047411307,Irresistible ( LP Version ),0.7226488246114888,Interlude 5,237.1749834381805,B-Boy Bouillabaisse: A.W.O.L. (2009 Digital Remaster),234.56914843720247,My Darling,204.46535830135576,Believe,0.17473637679303688,One of Us,0.15372772966927065,One Tribe,0.15085085222408115,Even So,0.3099236766398572,Believe,0.2877995190747719,The End Of The World,0.2789582020957456,Even So,0.35737347409449255,Believe,0.33854633531399747,The End Of The World,0.31817618595298797
153,TRBCSDW128F424D686,SOQWSGM12A6D4FC3C6,ARIRCA31187FB58E84,The Maine,You Left Me,electronic,Interlude 5,9266.0,Hold Me Down (Album Version),8377.0,That's What You Told Me,7883.0,Interlude 5,10.6924,Hold Me Down (Album Version),10.058853125000004,That's What You Told Me,9.512706250000006,It's Too Late,0.6832478050671903,Touch Me,0.6442541133802631,Play With Fire,0.6283818352416847,It's Too Late,0.692284114430058,Touch Me,0.6547758611089833,Play With Fire,0.6392680317217907,Touch Me,377.4792119188556,Can't Get You Off My Mind,349.00735958729734,Kozmic Blues,346.50142538704245,Can't Get You Off My Mind,0.38380854733653613,Touch Me,0.3616384451559942,Kozmic Blues,0.3595425044297032,Can't Get You Off My Mind,0.4632653364311487,Outside World,0.4594772301665587,Love Is Strange,0.41492702275675164,Can't Get You Off My Mind,0.4945001572828496,Outside World,0.4848285721380405,Love Is Strange,0.43888075762057516
154,TRRXQJA128F1472A56,SOYPJMP12AF72A901D,ARWA8AH1187FB3FC84,Hot Chip,The Warning,electronic,I'm A Winner (Amended Album Version),3859.0,Interlude 5,3739.0,B-Boy Bouillabaisse: A.W.O.L. (2009 Digital Remaster),3551.0,I'm A Winner (Amended Album Version),4.505087499999991,Interlude 5,4.186149999999999,B-Boy Bouillabaisse: A.W.O.L. (2009 Digital Remaster),4.0309812499999955,Hunter killer,0.6989437317707898,Waiting For The Day,0.6974372227790097,It's All Up To You,0.6843409112271108,Waiting For The Day,0.7080898506941884,Hunter killer,0.7060697363811239,It's All Up To You,0.6936925649838742,B-Boy Bouillabaisse: A.W.O.L. (2009 Digital Remaster),208.85106802297767,"Pacifics (Sdtrk ""N.Y. Is Red Hot"")",199.2061810683037,Mainstream,173.26880606862892,"Pacifics (Sdtrk ""N.Y. Is Red Hot"")",0.19693399208554258,Show Me The Money,0.16063787027376286,Mainstream,0.12934127992191097,"Pacifics (Sdtrk ""N.Y. Is Red Hot"")",0.303973558671145,Show Me The Money,0.2858316754137332,Lullaby of the Moths,0.2683643670295009,"Pacifics (Sdtrk ""N.Y. Is Red Hot"")",0.35449374455319593,Show Me The Money,0.3401445796720205,Lullaby of the Moths,0.3005183251256821
155,TRMDYBW128F14A17E8,SOODBDC12A8C13E4E9,ARTH03J1187FB3E00C,Enter Shikari,Keep It On Ice,electronic,B-Boy Bouillabaisse: A.W.O.L. (2009 Digital Remaster),1426.0,My Darling,1253.0,New Town,1231.0,B-Boy Bouillabaisse: A.W.O.L. (2009 Digital Remaster),1.6228546875000032,Acid 8000,1.4746671875000006,New Town,1.4595109374999973,Captor Of Sin (Slayer Cover),0.6284530678419455,Lord Of Eternity,0.6160767380690609,Super Reality,0.5959436238059821,Captor Of Sin (Slayer Cover),0.6381371265238076,Lord Of Eternity,0.6254869980354952,Super Reality,0.6057689414782675,She Ain't Afraid,121.23163416557938,8 Mile,110.17693308371841,Undead,98.59210165147893,She Ain't Afraid,0.11833488547511939,8 Mile,0.09452837283094442,Undead,0.09426937229774031,My Funny Valentine,0.27917263633118233,His Name Is Mutty Ranks,0.2695327166178967,My Funny Valentine,0.2654796730720836,His Name Is Mutty Ranks,0.29725595585998216,My Funny Valentine,0.2970242569667876,Fluffy Pup,0.286430816550381
156,TRCNUNL128F93437CF,SOYQNWH12AB0180C07,ARTH03J1187FB3E00C,Enter Shikari,The Jester,electronic,Interlude 5,3529.0,B-Boy Bouillabaisse: A.W.O.L. (2009 Digital Remaster),2594.0,I'm A Winner (Amended Album Version),2319.0,Interlude 5,4.008750000000004,B-Boy Bouillabaisse: A.W.O.L. (2009 Digital Remaster),2.9058984374999977,I'm A Winner (Amended Album Version),2.635703124999996,Keep It Real,0.7098437463373438,You & I,0.6838021961195,Flow On (Move Me No Mountain),0.6829748169205642,Keep It Real,0.7272648260569898,Flow On (Move Me No Mountain),0.7033017724963556,You & I,0.702882205347534,Interlude 5,181.50829313039554,Overdose (Album Version),176.42946928174143,Touch Me,149.37425430257483,Get Your Hands Up,0.11633356758255323,Overdose (Album Version),0.1112016566825849,Everything For Free,0.107724458169789,10_000 Feet,0.23970792597042023,Black And Blue Again,0.23795377445420052,Intro,0.23632768464963314,Get Your Hands Up,0.29135951240106783,10_000 Feet,0.2895783654264619,Here I Go Again,0.28702278700958306
157,TRIPJIJ128F1453AE0,SORSPQO12A6D4F782F,AREACYD1187FB566DE,Enya,Lazy Days,electronic,Interlude 5,1240.0,Ice Is Workin' It,1176.0,Touch It / Technologic,1144.0,Interlude 5,1.4027999999999994,Ice Is Workin' It,1.4003999999999954,Touch It / Technologic,1.3719000000000043,Mistress Of Disguise,0.5859491664024653,Swept Away,0.5791766037625492,It's Okay To Think About Ending,0.5725591622596256,Mistress Of Disguise,0.5985239830039881,Swept Away,0.5920586402617903,It's Okay To Think About Ending,0.5829845869535093,B-Boy Bouillabaisse: A.W.O.L. (2009 Digital Remaster),76.99578484263118,St. Louie,63.934243381128326,Close My Eyes,62.04035028152351,One Happy Day,0.05816616890159907,Jordan River,0.056526739476819035,Dandelion Hill,0.05644200609206112,One Happy Day,0.25960088694063166,Take It Back,0.2488970239798505,Ocean Floor,0.24289014308895546,One Happy Day,0.2896591662966506,Take It Back,0.2790197063272354,Something I Can Never Have,0.2769930461723918
158,TRPLRVY128F1473EBE,SOTCEXG12A6D4F60FE,AREACYD1187FB566DE,Enya,Someone Said Goodbye,electronic,Interlude 5,4463.0,I Want You,3086.0,I'm A Winner (Amended Album Version),3037.0,Interlude 5,5.11415,I Want You,3.686746874999995,I'm A Winner (Amended Album Version),3.492618749999999,I Don't Know Why You Don't Want Me,0.7192580977680852,I Don't Know Why I Love You,0.6600251045552675,I Don't Know That You Don't Know My Name (2004 Digital Remaster),0.6196878869366148,I Don't Know Why You Don't Want Me,0.7267854833606897,I Don't Know Why I Love You,0.6681571071763651,Why Can't You Behave?,0.6295711050428603,Never Did Say Goodbye,176.62202905194317,Words Get In The Way,167.30741708187114,Interlude 5,155.93289549365574,Never Did Say Goodbye,0.1898257363482325,Words Get In The Way,0.17155338273732423,Walking The Backstreets And Crying,0.15900616879271146,Never Did Say Goodbye,0.3615303135023706,Treason,0.34935217173501065,All We Ever Do Is Say Goodbye,0.34599724965388673,Never Did Say Goodbye,0.39694997754250677,Treason,0.3840785179067216,All We Ever Do Is Say Goodbye,0.3746574163606201
159,TRWPUDX128F148F907,SODFLBN12A6D4F923A,AREACYD1187FB566DE,Enya,The Magic Of The Night,electronic,Interlude 5,1640.0,I'm A Winner (Amended Album Version),1374.0,Otha Fish,1350.0,Interlude 5,1.7303000000000006,Otha Fish,1.5213515624999991,I'm A Winner (Amended Album Version),1.5085656250000028,The Power Of Lard,0.5713510788110243,Lost,0.5432385530818851,MAPS OF REALITY,0.5154597811191144,The Power Of Lard,0.5896322973574187,Lost,0.5583246731243598,MAPS OF REALITY,0.5369008030934663,Close My Eyes,175.41421305747178,Angel,159.32847281748658,Angel Without A Prayer,155.61399159019373,Angel Without A Prayer,0.16203184007337776,Angels on Earth,0.15848374380208796,Angel,0.15656274852335383,Flying high,0.40386955572728844,Angels on Earth,0.3752978811135125,When I Needed an Angel,0.34244354781328584,Flying high,0.43020221611915915,Angels on Earth,0.4107779528565765,When I Needed an Angel,0.3814907524949486
160,TRZQTSM128F9328120,SOZDITZ12A58A7B41A,AR91C8S1187B990901,Bruce Springsteen,Gave It A Name,folk,Interlude 5,1133.0,Ice Is Workin' It,985.0,B-Boy Bouillabaisse: A.W.O.L. (2009 Digital Remaster),970.0,Interlude 5,1.2161499999999992,Ice Is Workin' It,1.1366375000000009,Touch It / Technologic,1.1297703125000025,Mr. E. Leon Rauis,0.5796968952234606,Ninja Of Love (Album Version),0.5787355657786709,Mongoloid,0.550751776519566,Mr. E. Leon Rauis,0.5931226425529182,Ninja Of Love (Album Version),0.5901834567271025,Wolfman Jack,0.5632297693626623,B-Boy Bouillabaisse: A.W.O.L. (2009 Digital Remaster),133.567681742384,One of Us,130.0544113208159,Interlude 5,107.35001736856847,One of Us,0.11740282312242431,Travelin' Soldier,0.09357133474419094,El Lute,0.08977602055853731,I Feel Sorry For Him,0.3011649613066463,Bungee,0.29217774603442265,Captain Anarchy,0.27237766536139174,I Feel Sorry For Him,0.3285586584275754,Bungee,0.32099293867802975,Captain Anarchy,0.30378743649674683
161,TRNZCWJ128F427099F,SODXHZV12A8C1340B6,ARH861H1187B9B799E,Johnny Cash,The Vanishing Race,folk,B-Boy Bouillabaisse: A.W.O.L. (2009 Digital Remaster),1696.0,Interlude 5,1648.0,8 Mile,1139.0,B-Boy Bouillabaisse: A.W.O.L. (2009 Digital Remaster),1.9430437499999957,Interlude 5,1.8484,8 Mile,1.290206249999999,The Ride Of The Valkyries,0.672340334049815,Peaceful,0.6598012519105695,The Sound of Silence,0.6452087927872592,The Ride Of The Valkyries,0.6842119717617625,Peaceful,0.6732444622478669,The Sound of Silence,0.6597289562238479,B-Boy Bouillabaisse: A.W.O.L. (2009 Digital Remaster),162.98310891715153,Roll On (Eighteen Wheeler),114.26305099379377,The Dance,105.17858669505884,Roll On (Eighteen Wheeler),0.11953333020649672,B-Boy Bouillabaisse: A.W.O.L. (2009 Digital Remaster),0.11921598803061847,Peace Train,0.09796802144603102,Willie,0.3095393633834326,Wabash Cannonball,0.30397324855427327,Black Train Blues,0.28473132976564997,Willie,0.33640327582233054,Wabash Cannonball,0.334025614188483,Roll On (Eighteen Wheeler),0.31452617156832535
162,TRJQRAP128F9314B3F,SOMSWGY12AB017F755,ARZENOX1187B98A645,John Mayer,All We Ever Do Is Say Goodbye,folk,Interlude 5,4058.0,I Want You,3182.0,I'm A Winner (Amended Album Version),2569.0,Interlude 5,4.578000000000004,I Want You,3.795757812499998,Don't You Say No,3.0388046874999985,Don't Say Goodbye,0.5440054369177466,Goodbye,0.501685680317277,Part Of The Process,0.4957130333776111,Don't Say Goodbye,0.5576360185477601,Goodbye,0.515954481420897,See You Next Summer,0.5087351263108321,Don't Say Goodbye,180.24430206928514,Interlude 5,170.62780228579226,Never Did Say Goodbye,160.82168479362196,Don't Say Goodbye,0.19578026535540494,Never Did Say Goodbye,0.17573594963067157,Goodbye,0.17053484206538502,This Lull-a-bye (Album Version),0.4289649792662922,Don't Say No More,0.4204002497039537,Goodbye,0.3975247591180877,This Lull-a-bye (Album Version),0.4543797741172964,Don't Say No More,0.4428886507658018,Goodbye,0.4241971053889823
163,TRETJUU128F426402A,SOYHOTV12A8C132B9B,ARZENOX1187B98A645,John Mayer,Clarity,folk,I Mean (I Don't Mean It),3416.0,B-Boy Bouillabaisse: A.W.O.L. (2009 Digital Remaster),3347.0,Interlude 5,3332.0,I Mean (I Don't Mean It),4.050003125000001,B-Boy Bouillabaisse: A.W.O.L. (2009 Digital Remaster),3.7490531249999988,Interlude 5,3.6452000000000027,Rubylove,0.7899779050641508,Honeymoon With You,0.5841660214865244,Dear Lover,0.5288989868982447,Rubylove,0.7914090893574053,Honeymoon With You,0.592999738458225,Dear Lover,0.5409967898181834,Don't Take Away The Music,210.610332625489,Tell You Something (Nana's Reprise),208.13738723007177,Been A Long Time (Featuring Nate Dogg),195.76097111476406,Don't Take Away The Music,0.22924694211576535,Tell You Something (Nana's Reprise),0.2070107323243899,Rubylove,0.2051678924997174,Rubylove,0.5202500032504951,Ooh La La,0.44018545283266086,Throb,0.3843294062235887,Rubylove,0.5273252542506163,Ooh La La,0.45350963770818403,Throb,0.3983442967749673
164,TRNOUUF128F4280B8D,SOHREDT12A8C13862F,ARZENOX1187B98A645,John Mayer,Why Georgia,folk,8 Mile,3749.0,B-Boy Bouillabaisse: A.W.O.L. (2009 Digital Remaster),3657.0,Over It (Acoustic),3583.0,8 Mile,4.407549999999995,Over It (Acoustic),4.329050000000012,B-Boy Bouillabaisse: A.W.O.L. (2009 Digital Remaster),4.201949999999993,8 Mile,0.7480160130617194,Rabbit Run,0.7477634748512699,Book Of Life,0.7462799898868091,8 Mile,0.75774016369134,Rabbit Run,0.7575083177970414,Book Of Life,0.7555192686623954,8 Mile,199.77976454468487,Interlude 5,182.27748219342735,Curse,180.848050769931,Curse,0.13429310034330805,8 Mile,0.1293340115568523,Hair,0.1277225473424181,Grey (from Revelling Reckoning),0.25605486834292346,I Wonder If I Care As Much,0.2539129866471818,Life It What It Is (Remastered LP Version),0.25228706829830816,Life It What It Is (Remastered LP Version),0.31015292989056314,Hair,0.3092680248169846,Grey (from Revelling Reckoning),0.30843301702029485
165,TREKVTY128E0784BA3,SOBHKVI12A6701F1C8,ARC8CQZ1187B98DECA,Jack Johnson,Mudfootball (For Moe Lerner),folk,Interlude 5,2367.0,B-Boy Bouillabaisse: A.W.O.L. (2009 Digital Remaster),1514.0,Man In The Mirror,1355.0,Interlude 5,2.5309499999999967,B-Boy Bouillabaisse: A.W.O.L. (2009 Digital Remaster),1.5347406250000006,Man In The Mirror,1.3269812500000018,More Pricks Than Kicks,0.5190026997832143,Devil,0.5055528952192916,East Coast Fuck You,0.4955270649658352,Devil,0.5392784452354596,More Pricks Than Kicks,0.5382528517857033,S.U.C.,0.5233054874891184,Interlude 5,340.7155117996388,B-Boy Bouillabaisse: A.W.O.L. (2009 Digital Remaster),240.01358116234525,8 Mile,191.84246301204493,Interlude 5,0.23984636770075865,She's Everything,0.13279190809148733,Kill The President,0.12747926500676213,Neptune,0.2508490759333885,lucky to be me,0.24582464015221808,She's Everything,0.2443558651163125,Interlude 5,0.3368904172257143,Find My Way Back To My Heart,0.30083445009634635,New Song,0.29679865522139326
166,TRYNAAP128F427EF64,SOCJTTL12A8C14009F,AR7OA5G1187B98D3A0,Sufjan Stevens,Sister Winter,folk,Interlude 5,3703.0,B-Boy Bouillabaisse: A.W.O.L. (2009 Digital Remaster),3494.0,I'm A Winner (Amended Album Version),3410.0,Interlude 5,4.274549999999998,B-Boy Bouillabaisse: A.W.O.L. (2009 Digital Remaster),4.071290625,I'm A Winner (Amended Album Version),4.0310187499999985,Friends/Oh My My (LIve),0.7716130694009664,Tears of Laughter,0.6869066333973649,Waterloo,0.6837850855869907,Friends/Oh My My (LIve),0.7771210723403891,Tears of Laughter,0.6946715261934102,Waterloo,0.6914900399419549,Stone Cold Heart,115.16622048911093,Love Is Wicked,112.54983681986005,Your Eyes,110.76667198117914,Stone Cold Heart,0.12282842450431375,Your Eyes,0.1167775849378279,Don't Worry_ Be Happy,0.10994615574728674,I Wish You Love,0.3292798450167637,Put Your Dreams Away,0.2984866343442397,Stone Cold Heart,0.2957681389749391,I Wish You Love,0.35234949232297286,Stone Cold Heart,0.3287648244891755,Put Your Dreams Away,0.32342425848096695
167,TRFMWVJ128E0791E70,SODZLMJ127D977E810,ARE0WH81187B9A7BA3,Rufus Wainwright,In A Graveyard,folk,Interlude 5,613.0,One of Us,541.0,B-Boy Bouillabaisse: A.W.O.L. (2009 Digital Remaster),461.0,Interlude 5,0.6466499999999997,One of Us,0.6039374999999986,B-Boy Bouillabaisse: A.W.O.L. (2009 Digital Remaster),0.4762312500000016,Gamma Ray,0.4731157847452228,Indulge In Frenzy,0.43662632922430333,And The World Shall Be Your Grave,0.4298124676005156,Gamma Ray,0.49465706503974505,Indulge In Frenzy,0.45727531472419775,Doom Over The World,0.4545166287977355,Weak Become Heroes,111.94654881792685,I'm Going On A Long Journey Never To Return,87.8568212763781,The Hourglass,83.34877525273843,Weak Become Heroes,0.10244753226517168,I'm Going On A Long Journey Never To Return,0.09279814052231718,Cat's In The Cradle,0.065668897592485,Static Age,0.29851900162013045,I'm Going On A Long Journey Never To Return,0.2715442467681087,Weak Become Heroes,0.24579356815098583,Static Age,0.31613263462761815,I'm Going On A Long Journey Never To Return,0.30580221756849907,Weak Become Heroes,0.30042804062007916
168,TRLTTDC128E079380E,SOCTYHG12A679D7E2B,ARE0WH81187B9A7BA3,Rufus Wainwright,Baby,folk,Interlude 5,5681.0,I'm A Winner (Amended Album Version),5126.0,B-Boy Bouillabaisse: A.W.O.L. (2009 Digital Remaster),4861.0,Interlude 5,6.606749999999998,I'm A Winner (Amended Album Version),6.084328124999989,I Want You,5.83575781250001,I Think I Love You,0.8339074933245704,I Still Love You,0.8239305960493865,Everytime I...,0.8152414104270819,I Think I Love You,0.8386664591573368,I Still Love You,0.8289853313139036,Everytime I...,0.8183457283868151,B-Boy Bouillabaisse: A.W.O.L. (2009 Digital Remaster),208.71315954220637,Interlude 5,191.8056718815248,8 Mile,187.9254089589583,Slow Motion,0.14807274244482324,Roni,0.1467282513392513,Fall On My Knees,0.1358857723588435,Fall On My Knees,0.3612814564853565,My Little Girl,0.35232467461146744,Blister In The Sun,0.30860039707852477,Fall On My Knees,0.40278043696486227,My Little Girl,0.3953298781696503,Love Won't Let Me Wait,0.34558626564564665
169,TRUCWXA128F92E4944,SOYGQGR12AF72ABAB8,ARQEBGJ122E6447D2B,Edward Sharpe & The Magnetic Zeros,Janglin,folk,Interlude 5,1710.0,B-Boy Bouillabaisse: A.W.O.L. (2009 Digital Remaster),1085.0,My Darling,1072.0,Interlude 5,1.8637999999999995,We Gonna Rock,1.2522249999999997,My Darling,1.1724703125000002,Dead March,0.6719954819835102,Goons of Hazzard,0.6659943286996238,We Are Detective,0.6419592206954037,Goons of Hazzard,0.6786363838670403,Dead March,0.6777057515773306,We Are Detective,0.6545859675012985,Interlude 5,175.77796105238792,Daddy's Moonshine Still,143.73433398328118,B-Boy Bouillabaisse: A.W.O.L. (2009 Digital Remaster),140.1033242101066,Daddy's Moonshine Still,0.13729317184248838,Likkle Africa,0.12408686339056783,Carry On,0.10781214278213183,Dead Weight Falls (Album Version),0.2878260719220251,Daddy's Moonshine Still,0.2868064408578379,Sigillum Diaboli,0.27714291401156405,Daddy's Moonshine Still,0.3424473443939047,Dead Weight Falls (Album Version),0.3239903800367966,Likkle Africa,0.3138151391571557
170,TRGQBAX128F426EFCA,SOERZLJ12A8C132D53,AR5FP401187FB523C9,Bob Dylan,Ballad In Plain D,folk,Interlude 5,4363.0,B-Boy Bouillabaisse: A.W.O.L. (2009 Digital Remaster),4319.0,8 Mile,3527.0,B-Boy Bouillabaisse: A.W.O.L. (2009 Digital Remaster),4.835182812499998,Interlude 5,4.779849999999995,8 Mile,3.983442187499999,Electric Lady,0.765677105830507,Birthday Card,0.7493331908470023,Caroline (Album Version),0.7444217104322884,Electric Lady,0.7786801438980581,Birthday Card,0.7638939200181829,Caroline (Album Version),0.7600571652544487,B-Boy Bouillabaisse: A.W.O.L. (2009 Digital Remaster),339.3361676610126,Interlude 5,331.3249124560037,8 Mile,275.66685447540203,Queen Of Hollywood ( LP Version ),0.20938507614278065,Passin' Me By,0.16662363377839612,Day Of The Eagle,0.15985652185076746,Nothing Left to Mutilate,0.28106162482340025,Mommy For A Day,0.2754729855709487,Albino,0.2700297436169814,Mommy For A Day,0.3443253650467543,Passin' Me By,0.3429570087615945,Nothing Left to Mutilate,0.3399942274645225
171,TRGSDTP128F92F76D1,SOHMZEX12A8C132F5F,AR5FP401187FB523C9,Bob Dylan,One Of Us Must Know (Sooner Or Later),folk,Interlude 5,8617.0,I'm A Winner (Amended Album Version),6823.0,I Want You,5664.0,Interlude 5,10.124949999999998,I'm A Winner (Amended Album Version),8.106371875000008,I Want You,6.842467187500009,I Try,0.8249023999190257,Chelsea Hotel #2,0.8194665364814024,Revenge,0.8091981097180713,I Try,0.8300310278249087,Chelsea Hotel #2,0.8255527888645763,Revenge,0.8158894872455159,Interlude 5,343.357483734174,8 Mile,223.35633658421605,Trife Life,223.2065102150014,Interlude 5,0.24210423624131305,Kickin' It With Your Girlfriend,0.1762150537348677,That's How I Beat Shaq,0.1670240981806858,The Skeleton Song,0.3128856631886968,I Didn't Mean To Turn You On,0.30092040769335193,I Didn't Know That You Cared,0.2813307245806403,The Skeleton Song,0.36687025271666296,Interlude 5,0.35095037550855823,Numbers,0.3493588569218356
172,TRMRMTN128F92D426F,SOIZDJI12A8C1435C7,ARSF0K11187B9AF319,James Taylor,It's Growing,folk,Interlude 5,5582.0,Touch It / Technologic,4204.0,Ice Is Workin' It,4069.0,Interlude 5,6.285199999999998,Touch It / Technologic,4.981748437500006,Ice Is Workin' It,4.758912500000004,Big And Bad,0.6544471983993573,Coal Black Horses,0.6411735414584462,Shock Dat Monkey,0.5359128863342352,Big And Bad,0.6623058767432092,Coal Black Horses,0.6494944600193853,Shock Dat Monkey,0.5487054736705547,Interlude 5,295.4894528590804,Hey Ladies (2009 Digital Remaster),190.04396009560924,Coal Black Horses,185.32815500511254,Interlude 5,0.20169658916702393,Coal Black Horses,0.19049543359305485,Stop Playin',0.18756218143649303,Hey Now,0.30656438500759736,Tin Pan Alley (aka Roughest Place In Town),0.3018520599308681,Stop Playin',0.2991924150558754,Stop Playin',0.33726486448287496,Blues Prelude,0.33725926716918364,Tin Pan Alley (aka Roughest Place In Town),0.33724674125748405
173,TRDFPTZ128F14B108C,SOJKUOG12A6D4FD11D,ARSF0K11187B9AF319,James Taylor,Oh_ Susannah (LP Version),folk,B-Boy Bouillabaisse: A.W.O.L. (2009 Digital Remaster),2513.0,Interlude 5,2392.0,I'm A Winner (Amended Album Version),2121.0,B-Boy Bouillabaisse: A.W.O.L. (2009 Digital Remaster),2.8988968749999993,Interlude 5,2.7002000000000006,I'm A Winner (Amended Album Version),2.461856250000006,Snoopafella (Edited),0.7393268470616022,Act A Fool,0.7233995794695326,Shape I'm In,0.7175666732967755,Snoopafella (Edited),0.751170263555241,Act A Fool,0.7361404325547102,B-Boy Bouillabaisse: A.W.O.L. (2009 Digital Remaster),0.7270736977073202,B-Boy Bouillabaisse: A.W.O.L. (2009 Digital Remaster),153.16021068654572,Overdose (Album Version),145.9016385648593,Interlude 5,119.77905038635221,Love Henry,0.1209148751323333,Down On My Knees,0.11342713115415026,Overdose (Album Version),0.10443346222545712,Love Henry,0.3520951102877337,Down On My Knees,0.35181210608088237,Needles And Pins (Remastered Album Version ),0.32758077132392294,Love Henry,0.39651264630031463,Down On My Knees,0.38260432040445475,Needles And Pins (Remastered Album Version ),0.3671005272113304
174,TROZEMN128F4262CCA,SOHSTLE12A8C132425,ARSF0K11187B9AF319,James Taylor,Something In The Way She Moves,folk,Interlude 5,4724.0,B-Boy Bouillabaisse: A.W.O.L. (2009 Digital Remaster),3817.0,She Ain't Afraid,3260.0,Interlude 5,5.286299999999995,B-Boy Bouillabaisse: A.W.O.L. (2009 Digital Remaster),4.253845312499995,She Ain't Afraid,3.7147921874999996,Hair,0.6717997645006921,Got Some Teeth,0.6500910799894744,Passin' Me By,0.6495420206197321,Hair,0.6898237509042626,Got Some Teeth,0.6668673603111734,Passin' Me By,0.6661505056060111,Interlude 5,275.30180702816136,B-Boy Bouillabaisse: A.W.O.L. (2009 Digital Remaster),274.046451458833,What's On Your Mind,199.11079994225133,Interlude 5,0.14948214878604388,B-Boy Bouillabaisse: A.W.O.L. (2009 Digital Remaster),0.14416360965646105,What's On Your Mind,0.14249059461788272,Cherry Ball Blues,0.3369846401821774,You're So Fine,0.3065615508251552,By The Bed,0.2665642585772226,Cherry Ball Blues,0.3780098941250011,You're So Fine,0.351721794442239,By The Bed,0.33532986353410316
175,TRGAZWQ12903CB0BA9,SOGJZZZ12AF72AA43B,ARYQES41187B9B960F,David Gray,Draw The Line,folk,Interlude 5,1466.0,B-Boy Bouillabaisse: A.W.O.L. (2009 Digital Remaster),1176.0,Cancel (Album Version),1002.0,Interlude 5,1.4506999999999994,B-Boy Bouillabaisse: A.W.O.L. (2009 Digital Remaster),1.1507093750000008,Cancel (Album Version),1.122553125000001,Stand In Line,0.43708266604311063,Farewell Ride,0.43543919986695345,California,0.43100933238323774,Stand In Line,0.4568882237507943,Farewell Ride,0.4554883361460728,California,0.4541322126490904,Interlude 5,191.81334705411317,B-Boy Bouillabaisse: A.W.O.L. (2009 Digital Remaster),191.19847189165057,8 Mile,181.34059263617064,Strike It Up,0.13084724164714928,The Irony Of It All (Album Version),0.12399572337843884,We're Going To Live For A Very Long Time (2006 Digital Remaster),0.12041129321748203,Strike It Up,0.2911785957889379,Move Me On Down The Line [Remastered Album Version],0.24485867066984507,Farewell Ride,0.22593237765019317,Strike It Up,0.33855783817561613,The Irony Of It All (Album Version),0.30192869119615884,Adam Lives In Theory,0.28747704529722773
176,TRSNACX128E078AA88,SOKYDGS12A6701E3CB,ARYQES41187B9B960F,David Gray,Sail Away,folk,The Rockafeller Skank,4327.0,Interlude 5,3842.0,Hold Me Down (Album Version),3580.0,The Rockafeller Skank,5.172750000000033,Interlude 5,4.259700000000007,Hold Me Down (Album Version),4.22351250000001,Angelica,0.6312952792090791,Nice & Slow,0.6208463246777821,Misled,0.6154786750501673,Angelica,0.6422368518882587,Nice & Slow,0.6338410188205807,Misled,0.6288536656274727,Kozmic Blues,173.04798650455666,Piece Of My Heart,170.47049789996035,Interlude 5,157.5002207994897,Kozmic Blues,0.1613934809309358,Piece Of My Heart,0.15667657551263636,Never Go Away,0.12093927037720559,Give Me Back My Wig,0.3185958725761544,Shining Star,0.2768965031095681,Never Go Away,0.27206141236389936,Give Me Back My Wig,0.3470198645883835,Never Go Away,0.32411122742946746,Shining Star,0.31730949483214216
177,TRXCQOC12903CB0BBA,SOEWUQY12AB0188156,ARYQES41187B9B960F,David Gray,Stella The Artist,folk,Interlude 5,1637.0,B-Boy Bouillabaisse: A.W.O.L. (2009 Digital Remaster),1278.0,She Ain't Afraid,1016.0,Interlude 5,1.774850000000003,B-Boy Bouillabaisse: A.W.O.L. (2009 Digital Remaster),1.3705343749999992,She Ain't Afraid,1.111990625,Ballad In Plain D,0.4701420897661209,Vapors,0.4701387893544142,Song Of Lies,0.4632499483995309,Vapors,0.5017708039497569,Ballad In Plain D,0.49636157511637835,Song Of Lies,0.48815745465517957,B-Boy Bouillabaisse: A.W.O.L. (2009 Digital Remaster),155.05705659531193,Interlude 5,144.17071674873955,1st Booty On Duty,132.98878084525415,1st Booty On Duty,0.11319607580193486,B-Boy Bouillabaisse: A.W.O.L. (2009 Digital Remaster),0.09937686448083279,The Hourglass,0.09502918759366179,Winter Rose,0.3702640300282833,Keep Your Hands Off Her,0.3160247809652,ROSE IN THE SAND,0.27321296510626936,Winter Rose,0.3813226439364804,Keep Your Hands Off Her,0.3352663093334754,Prayer for Beauty,0.3081853878406747
178,TRPGPVH128F429B2F0,SOGACYC12A8C13C528,ARZWK2R1187B98F09F,Rise Against,Swing Life Away (Acoustic),folk,Interlude 5,4554.0,B-Boy Bouillabaisse: A.W.O.L. (2009 Digital Remaster),3753.0,I'm A Winner (Amended Album Version),3492.0,Interlude 5,5.133599999999994,B-Boy Bouillabaisse: A.W.O.L. (2009 Digital Remaster),4.223854687499997,I'm A Winner (Amended Album Version),3.9997406249999994,Soulmate,0.7046213058004958,On the Outside,0.689861665468378,Gas In My Car,0.6801670204477913,Soulmate,0.7189496142418095,On the Outside,0.706768690944044,Gas In My Car,0.697442950464658,Interlude 5,264.3623515797914,8 Mile,228.5564923940259,1st Booty On Duty,207.5670691028537,1st Booty On Duty,0.15297847826657965,Live This Life (Album Version + Non-Music Hidden Track),0.1446705706173208,Interlude 5,0.14443396593704222,Bourbon Borderline,0.293542191841726,Summer On The West Hill,0.29314164239178414,Moonlight,0.2798146658557229,Bourbon Borderline,0.3369133426887831,Summer On The West Hill,0.3345087140609896,Revenge,0.3316314430806765
179,TRHLRGU128F42643FB,SORGTNE12D02193408,AR5FP401187FB523C9,Bob Dylan,Billy 4,folk,Interlude 5,3007.0,I'm A Winner (Amended Album Version),2423.0,My Darling,2140.0,Interlude 5,3.259649999999998,I'm A Winner (Amended Album Version),2.702571875000002,Spitfall,2.4249437500000024,Spitfall,0.6418661041430578,The Dance,0.5932247393876987,Hollywood (So Far_ So Good),0.5865989028345368,Spitfall,0.6626789551653871,The Dance,0.6265403539181253,Graham Greene,0.6059454199125038,B-Boy Bouillabaisse: A.W.O.L. (2009 Digital Remaster),283.085508821287,The Hourglass,222.76604678842045,The Dance,216.29327259886193,St. Louie,0.15726779416109174,B-Boy Bouillabaisse: A.W.O.L. (2009 Digital Remaster),0.13833005410463728,Plumskinzz (Loose Hoe_ God & Cupid),0.13523485078556474,Something to remember you by,0.2613074161251401,Down By The River [Live At Massey Hall 1971],0.24875308379808042,Whisper,0.23739091673434248,St. Louie,0.30874551175074394,The Illest Brother,0.3048027732187867,Something to remember you by,0.3015859154017813
180,TRFCCKL128F426EE8E,SORACYK12D02193097,AR5FP401187FB523C9,Bob Dylan,Stuck Inside Of Mobile With The Memphis Blues Again,folk,Interlude 5,7190.0,B-Boy Bouillabaisse: A.W.O.L. (2009 Digital Remaster),5605.0,I'm A Winner (Amended Album Version),4521.0,Interlude 5,7.920299999999995,B-Boy Bouillabaisse: A.W.O.L. (2009 Digital Remaster),6.113775,I'm A Winner (Amended Album Version),4.953800000000005,Vapors,0.6353965509281033,Ridiculous,0.6167885032279086,Kill The President,0.6160583982478228,Vapors,0.6678006172278396,Ridiculous,0.6462188123703354,Hair,0.6437198518961156,B-Boy Bouillabaisse: A.W.O.L. (2009 Digital Remaster),522.9782054898213,Interlude 5,505.56092146270174,The Dance,362.8333379462985,B-Boy Bouillabaisse: A.W.O.L. (2009 Digital Remaster),0.27642101274340564,Interlude 5,0.26177982012392437,Tha Payroll (Stay Strong),0.24229579613171445,Li'l Jack Horny,0.31705991353264684,Beale Street Mama,0.30902903321048,The Winkle Man,0.28868134076772045,The Winkle Man,0.3755229974769261,Beale Street Mama,0.37337167038923647,B-Boy Bouillabaisse: A.W.O.L. (2009 Digital Remaster),0.36492698974332194
181,TRGOYOU128F93223F2,SOWILEH12CF5F8729B,AR5FP401187FB523C9,Bob Dylan,Pretty Peggy-O,folk,Interlude 5,1454.0,B-Boy Bouillabaisse: A.W.O.L. (2009 Digital Remaster),1186.0,My Darling,1144.0,Interlude 5,1.5024000000000002,Cancel (Album Version),1.2677546875,My Darling,1.2371296875000006,Mr. E. Leon Rauis,0.5228907274239614,Automatic Man (Album Version),0.5110774648400714,The Sanity Assassin,0.5018354299347356,Mr. E. Leon Rauis,0.5416654706732521,Automatic Man (Album Version),0.5282993028416241,Darkness eve,0.5179596269795272,B-Boy Bouillabaisse: A.W.O.L. (2009 Digital Remaster),161.24898321054894,Interlude 5,154.59558267896728,Wolfman Jack,132.59880099267122,Travelin' Soldier,0.11794760436698638,Elvis Presley Blues,0.11425824300545473,If I Had My Way I'd Tear This Building Down,0.11073201312816484,My Pretty Girl,0.29900585082802805,Truly Dead,0.28247331165710104,Dead Love,0.2650012735028917,My Pretty Girl,0.32134866948902635,Truly Dead,0.31770425398265034,Dead Love,0.2940379043455267
182,TROMGSH128F427A408,SOBADWZ12CF5F86CD7,AR5FP401187FB523C9,Bob Dylan,She Belongs To Me,folk,She Ain't Afraid,1718.0,She Luv It,1594.0,Queen Of Hollywood ( LP Version ),1481.0,She Ain't Afraid,1.9734218750000005,She Luv It,1.8755000000000022,Queen Of Hollywood ( LP Version ),1.753343749999998,She's Amazing,0.7441348931319449,She's Single Again,0.7286398001650679,Addicted,0.7259392328589465,She's Amazing,0.7496652116822717,She's Single Again,0.7369258686409615,Addicted,0.7344662537966612,She Ain't Afraid,158.6665799458677,1st Booty On Duty,142.98479378855288,Hair,141.17521863999036,She's Everything,0.14195276050822636,Luv Me Up,0.12934216872534002,She Ain't Afraid,0.12765656205408368,Beef Bologna,0.3531066923701573,When A Woman Loves A Man,0.333267488607344,She's Everything,0.330823489913439,When A Woman Loves A Man,0.3699979854556346,She's Everything,0.36635724888955457,Beef Bologna,0.3620963612877183
183,TRFBWEC128F42B8346,SOFDFBL12CF5F89018,AR5FP401187FB523C9,Bob Dylan,When The Deal Goes Down,folk,Interlude 5,4500.0,B-Boy Bouillabaisse: A.W.O.L. (2009 Digital Remaster),3401.0,I'm A Winner (Amended Album Version),3122.0,Interlude 5,5.171899999999996,B-Boy Bouillabaisse: A.W.O.L. (2009 Digital Remaster),3.8723328124999976,I'm A Winner (Amended Album Version),3.6063843750000046,Hold You,0.7790156913243086,Shift Shape,0.7589073932774832,The Irony Of It All (Album Version),0.7532121135683434,Hold You,0.7910491929359419,Shift Shape,0.7729686927188213,The Irony Of It All (Album Version),0.7677562712748037,Interlude 5,232.64456769345824,B-Boy Bouillabaisse: A.W.O.L. (2009 Digital Remaster),231.3473324388894,8 Mile,215.80030412652306,Strings,0.12975402196740263,8 Mile,0.11380569316218386,Red Flag,0.11313939262003961,Strings,0.2368090427561794,Strayz (Album Version),0.23058512730095254,Eventide,0.2273856730912233,Strings,0.3104128685378068,Framed Then Failed,0.28854852779062695,Hold Me So Tight,0.28538535590218933
184,TRDVYVJ128F426F7C0,SOXYGEE12CF5F875CF,AR5FP401187FB523C9,Bob Dylan,With God On Our Side,folk,Interlude 5,3985.0,B-Boy Bouillabaisse: A.W.O.L. (2009 Digital Remaster),3634.0,Ice Is Workin' It,2801.0,Interlude 5,4.3855499999999985,B-Boy Bouillabaisse: A.W.O.L. (2009 Digital Remaster),4.0443296875,Ice Is Workin' It,3.219587500000009,Keep It Real,0.7048937862645819,We Brings Heat,0.6934558728704446,LBC And The ING (Explicit),0.6713103670352469,Keep It Real,0.7258165704315714,We Brings Heat,0.7158439676971885,LBC And The ING (Explicit),0.6962439773360479,Interlude 5,296.709540333757,The Hourglass,279.19643547179663,B-Boy Bouillabaisse: A.W.O.L. (2009 Digital Remaster),265.686515753687,Into Battle,0.180077085906136,The Hourglass,0.17791606359914927,Jesus Is Coming Soon,0.16149032724316567,Into Battle,0.30925524868878396,Realities Of War,0.27953190666685296,Kafir !,0.27817346237883744,Into Battle,0.36928320413808374,Kinky Sex Makes the World Go 'Round,0.33594646805948486,Thanks For Nothing,0.33096235294818327
185,TREKVGV128E0788976,SOSHHZB12A6701F0C5,ARN5NHX1187FB4F755,The Smashing Pumpkins,Terrapin,folk,Interlude 5,2977.0,I'm A Winner (Amended Album Version),2510.0,I Want You,2368.0,Interlude 5,3.477450000000002,I'm A Winner (Amended Album Version),2.9781687500000023,I Want You,2.8703968750000013,Preacher On A Sunday Morning,0.686505395893889,Only You,0.6764096026138853,Beautiful Dreamer,0.6739731453621975,Preacher On A Sunday Morning,0.6963398906057763,Only You,0.6852653143008917,Beautiful Dreamer,0.6809746977294956,Safe + Sound,130.19833104809933,Hair,102.29540173669152,Interlude 5,101.73599652806212,Safe + Sound,0.11272215411856845,We Are In Love,0.09510908742683237,Stuck Inside Of Mobile With The Memphis Blues Again,0.0877115560493226,We Are In Love,0.31268042788746025,Embraceable you,0.28798611402309865,Black Is The Color,0.26373935917629154,We Are In Love,0.3405502381904979,Embraceable you,0.30678418509416083,Black Is The Color,0.28364089769936635
186,TRUUBKE128F426F5C0,SONBFSZ12AF729E7A3,ARSF0K11187B9AF319,James Taylor,On The 4th of July,folk,Interlude 5,3136.0,B-Boy Bouillabaisse: A.W.O.L. (2009 Digital Remaster),2180.0,One of Us,2127.0,Interlude 5,3.4945000000000044,One of Us,2.401484375000001,B-Boy Bouillabaisse: A.W.O.L. (2009 Digital Remaster),2.3691640625000003,Moonlight Serenade,0.6564247701933839,Showtape '91,0.6470054100429385,The 4th Branch,0.6463528621017678,Moonlight Serenade,0.6741126880317854,Showtape '91,0.6659066271574315,The 4th Branch,0.6655735905638792,8 Mile,220.4338774858224,Interlude 5,210.57064127325938,The Hourglass,192.1868332501215,8 Mile,0.13169346498670464,Resurrection,0.12683893907117885,Standing,0.12342287759207617,Stavesail,0.2574549520119963,Closer To The Heart,0.23728065616079366,Proud To Fall,0.2349853729994855,Standing,0.29030510820452005,Proud To Fall,0.28559622506650745,Stavesail,0.28182435114309934
187,TRJZYIT128F426D5BE,SONYMBG12CF5826721,ARSF0K11187B9AF319,James Taylor,Company Man,folk,Interlude 5,4436.0,I'm A Winner (Amended Album Version),3564.0,Man In The Mirror,3240.0,Interlude 5,5.140200000000001,I'm A Winner (Amended Album Version),4.190450000000004,Man In The Mirror,3.7029500000000035,Can't You See,0.783396749807952,Only You,0.7690250460497676,Nausea,0.7671443386897437,Can't You See,0.7889231788967777,Nausea,0.7770988005949183,Only You,0.7767673301754846,B-Boy Bouillabaisse: A.W.O.L. (2009 Digital Remaster),251.2115592688928,Man In The Mirror,206.40383222413573,Interlude 5,197.62391381279454,Man In The Mirror,0.175591852476952,B-Boy Bouillabaisse: A.W.O.L. (2009 Digital Remaster),0.14689502283890873,The Strawberry Roan,0.12975543760675343,Chinese Arithmetic,0.276995086305721,It's Not OK [Live From London],0.26065573667089414,The Strawberry Roan,0.2595802261312554,Chinese Arithmetic,0.3465590161060666,The Strawberry Roan,0.3386293044945593,It's Not OK [Live From London],0.32073536691223625
188,TRYOIZM128F14567A0,SODRUMV12A6D4F7A58,ARTBSEF1187FB3CBDE,Jimmy Buffett,Ace,folk,Interlude 5,2508.0,B-Boy Bouillabaisse: A.W.O.L. (2009 Digital Remaster),2241.0,Man In The Mirror,2060.0,Interlude 5,2.5784000000000002,B-Boy Bouillabaisse: A.W.O.L. (2009 Digital Remaster),2.335778124999994,Man In The Mirror,2.0978062500000045,Old Hippie,0.6759179570691175,Possessed To Skate,0.6572485236859034,Wolfman Jack,0.6500895763653691,Old Hippie,0.6899667082079847,Wolfman Jack,0.67493263812083,Possessed To Skate,0.6720943098962607,B-Boy Bouillabaisse: A.W.O.L. (2009 Digital Remaster),339.9164650183136,The Hourglass,323.9386871511196,Interlude 5,267.0580694470431,The Hourglass,0.2480572206435421,Old Hippie,0.21598230522019457,B-Boy Bouillabaisse: A.W.O.L. (2009 Digital Remaster),0.19436825938746044,Old Hippie,0.3166217336407431,El Lute,0.293555722470913,Possessed To Skate,0.28861469062053685,Old Hippie,0.3836261868655229,The Hourglass,0.3638531634136366,El Lute,0.3599028140978224
189,TRQYFLB128E078941E,SOBRYFG12AF72A1BAE,ARGHBVV1187FB4D57A,Ryan Adams,How Do You Keep Love Alive,folk,Interlude 5,3347.0,I'm A Winner (Amended Album Version),3295.0,I Want You,2643.0,I'm A Winner (Amended Album Version),3.8331562499999996,Interlude 5,3.7467500000000014,I Want You,3.1431406249999965,The Guns of Love Disastrous,0.6441043207316767,Buzzards of Love,0.6376504192751741,Can't You See,0.6358794944887637,The Guns of Love Disastrous,0.6572720253602651,Buzzards of Love,0.6544057887647112,Conant Gardens,0.6498491137650593,Interlude 5,199.7558811781892,B-Boy Bouillabaisse: A.W.O.L. (2009 Digital Remaster),189.4881020968062,The Hourglass,171.50830914945735,Southern Hospitality,0.14771578580159897,Ain't No Woman (Like The One I've Got),0.1310146644493763,Days Like These,0.11750617188171886,Goodbye Young Tutor_ You've Now Outgrown Me,0.26688680284852023,Southern Hospitality,0.2604035376332606,Black Mountain Blues,0.25787785895617804,Goodbye Young Tutor_ You've Now Outgrown Me,0.3082189258146438,Southern Hospitality,0.3044232382263967,Ain't No Woman (Like The One I've Got),0.30169361603025685
190,TRZUSDI128F4259806,SOXBQDJ12A6D4F93CC,ARGHBVV1187FB4D57A,Ryan Adams,When The Stars Go Blue,folk,I'm A Winner (Amended Album Version),2749.0,Interlude 5,2386.0,I Want You,2034.0,I'm A Winner (Amended Album Version),3.2423468750000013,Interlude 5,2.685800000000001,I Want You,2.4334546875000016,Do You Know Where You're Going To,0.5674580868569645,Theme From Mahagony (Do You Know Where You're Going To),0.5529860298617106,Superman Tonight,0.5365564444532811,Do You Know Where You're Going To,0.5756519429010702,Theme From Mahagony (Do You Know Where You're Going To),0.5616768149120054,Superman Tonight,0.5469083387728301,Where Do I Go From You,122.48872988793089,Blue Shoes,112.45210647644485,Weak Become Heroes,99.5296218759656,Where Do I Go From You,0.1298849898166803,Blue Shoes,0.12359828524163037,Laughing At Life,0.11188582136032713,Laughing At Life,0.31199376369377696,In The Blue Of The Evening,0.3010755229068874,Static Age,0.29591039699018445,Laughing At Life,0.33257828305430354,In The Blue Of The Evening,0.3226440444100373,Static Age,0.3102780527200486
191,TRWUFEW128F14782F3,SOBCLWO12A6D4F83AD,AR90WS41187FB3F064,Ray LaMontagne,Forever My Friend,folk,Interlude 5,4171.0,B-Boy Bouillabaisse: A.W.O.L. (2009 Digital Remaster),3187.0,8 Mile,3124.0,Interlude 5,4.659450000000004,8 Mile,3.5551734374999917,B-Boy Bouillabaisse: A.W.O.L. (2009 Digital Remaster),3.520201562499996,Judgement Hour,0.6032377995339926,This Is Me (Acoustic Full Version),0.6027426520047567,Time to Lose,0.6026333497750034,Judgement Hour,0.6235777533283492,This Is Me (Acoustic Full Version),0.6204819523891244,Boulevard,0.6155496935042378,Interlude 5,274.23941276249286,Tell You Something (Nana's Reprise),186.5859488935345,B-Boy Bouillabaisse: A.W.O.L. (2009 Digital Remaster),181.70216040878643,Interlude 5,0.1814257773438709,Tell You Something (Nana's Reprise),0.1779523420313657,Call Me,0.1704614985941636,Call Me,0.3674883807410832,Straight From The Heart,0.30170688863436734,Make You Sweat (LP Version),0.29860800849409624,Call Me,0.4050558843058399,Straight From The Heart,0.3499223256279417,Make You Sweat (LP Version),0.34404302017643246
192,TRPZXTD128F14856D4,SOFZRDV12A6D4FACB1,AR90WS41187FB3F064,Ray LaMontagne,How Come [Acoustic Mix],folk,Interlude 5,3048.0,B-Boy Bouillabaisse: A.W.O.L. (2009 Digital Remaster),2639.0,8 Mile,2166.0,Interlude 5,3.3683999999999994,B-Boy Bouillabaisse: A.W.O.L. (2009 Digital Remaster),2.929449999999995,8 Mile,2.428800000000003,Midnight Man,0.5627382432242967,Pace Is The Trick,0.5611403390898285,B-Boy Bouillabaisse: A.W.O.L. (2009 Digital Remaster),0.555408385517161,Midnight Man,0.5852238166776126,B-Boy Bouillabaisse: A.W.O.L. (2009 Digital Remaster),0.5836354299324463,Temple,0.5818670194058317,Interlude 5,271.4584171988927,B-Boy Bouillabaisse: A.W.O.L. (2009 Digital Remaster),222.42409991226012,I Love U In Me ( LP Version),182.95636911352187,Interlude 5,0.1647413793806367,Everybody Everybody,0.1472625478171967,One of Us,0.12199633451633711,Everybody Everybody,0.29616496287538235,Begin Again,0.27027163828935447,The Christmas Song,0.24353625269214657,Everybody Everybody,0.3366232354743231,Begin Again,0.3049962657850116,Demons Annoying Me,0.2937303031933807
193,TRIOKOC128F4267572,SOIOLFS12D021989DD,ARTQ8QP1187FB3D220,Leonard Cohen,Chelsea Hotel #2,folk,Interlude 5,6689.0,I'm A Winner (Amended Album Version),5830.0,I Want You,4980.0,Interlude 5,7.871350000000003,I'm A Winner (Amended Album Version),6.967334375000004,I Want You,6.0449484375,Angelina,0.8419100364972352,Everybody Needs Somebody To Love,0.8379721205027777,One Of Us Must Know (Sooner Or Later),0.8194665364814021,Angelina,0.8471485144612962,Everybody Needs Somebody To Love,0.8431146149360579,One Of Us Must Know (Sooner Or Later),0.8255527888645763,Interlude 5,209.0561469579845,Snoopafella (Edited),174.08542309863785,B-Boy Bouillabaisse: A.W.O.L. (2009 Digital Remaster),171.24054204388565,Snoopafella (Edited),0.12073287132867612,Interlude 5,0.1104853713797501,Piece Of My Heart,0.10759563181695776,One Time We Lived,0.2644055667479617,'Til There Was You,0.2619475500084558,Weekenders,0.26074165556972567,One Time We Lived,0.31641057223448305,Come Get To This,0.3120572998879712,Weekenders,0.31087330472812347
194,TREBQMO128F42828DB,SOOHIHR12AF72A7053,ARIDDOM1187B9A1360,We Are Scientists,Lethal Enforcer (Live From Union Chapel_ London),folk,Interlude 5,4731.0,I'm A Winner (Amended Album Version),3964.0,B-Boy Bouillabaisse: A.W.O.L. (2009 Digital Remaster),3735.0,Interlude 5,5.377849999999999,I'm A Winner (Amended Album Version),4.604771874999981,Ice Is Workin' It,4.370362500000004,Hook,0.6808831495857783,This Song Goes Out To (Album Version),0.6728202770664741,War Out Of Peace,0.6695478507569059,Hook,0.6948590830891974,You & I,0.6849975944183156,War Out Of Peace,0.6838619934925734,Interlude 5,262.6365636970392,Ice Is Workin' It,176.98423447190015,B-Boy Bouillabaisse: A.W.O.L. (2009 Digital Remaster),174.24936262165758,Interlude 5,0.17453381871545873,Take Me,0.1710193490647399,One Word,0.15214213512012548,Take Me,0.2859051107427916,Don't Get Around Much Anymore,0.2697377041087036,Love Don't Live Here,0.25363308167143866,Take Me,0.32721101496730176,Don't Get Around Much Anymore,0.30173705649693683,Revenge,0.29581358094206495
195,TRIQKDQ128F146F504,SOVWOMM12A6D4F8484,ARCJKV91187FB46210,KT Tunstall,Change,folk,Interlude 5,3840.0,I Want You,3147.0,B-Boy Bouillabaisse: A.W.O.L. (2009 Digital Remaster),3129.0,Interlude 5,4.395200000000002,I Want You,3.7849750000000015,B-Boy Bouillabaisse: A.W.O.L. (2009 Digital Remaster),3.5727250000000037,Pervert,0.7534982285256862,Oooh,0.7449380765193725,More Than This,0.7408473371049459,Pervert,0.7621562886148283,Oooh,0.7529615521109958,More Than This,0.7502234885264435,Interlude 5,251.29293245575732,8 Mile,168.5946965165319,Mortal City,165.7177511069931,Interlude 5,0.1671789313295365,Mortal City,0.12542583044368782,So Alone,0.12474812986463112,Angst In My Pants,0.26158385710094617,Hindsight,0.2591675062999286,Cat And Mouse,0.2497678880088297,Hindsight,0.30944667414651855,Angst In My Pants,0.3088356462342239,So Alone,0.30761424514834135
196,TRBFURI128F1455498,SOLMCFH12A58A7FACE,ARCJKV91187FB46210,KT Tunstall,Under The Weather,folk,Interlude 5,3820.0,I'm A Winner (Amended Album Version),3403.0,B-Boy Bouillabaisse: A.W.O.L. (2009 Digital Remaster),3189.0,Interlude 5,4.3633,I'm A Winner (Amended Album Version),3.9846906249999954,B-Boy Bouillabaisse: A.W.O.L. (2009 Digital Remaster),3.641954687499995,Already Died,0.7231795474917231,Stranger,0.7166639685347179,Where I Stand,0.6976664602578648,Already Died,0.7325690820752915,Stranger,0.7278528371557337,Where I Stand,0.708217848970303,B-Boy Bouillabaisse: A.W.O.L. (2009 Digital Remaster),165.6833192434049,8 Mile,146.16883628628605,Interlude 5,127.65879474416337,Sick,0.11032395400016189,Under My Skin,0.10742023560148,Kill The President,0.09698966610430801,Where I Stand,0.2809567653520753,Can't Find My Way Home,0.25580567666112464,Boom Boom (Out Go The Lights),0.25574102209812705,Where I Stand,0.3266202434482613,Love 101,0.29868098393013415,I've Got You Under My Skin,0.293363339142518
197,TRVLECJ128E078235B,SOSJLXU12A6310F2B2,AR0L04E1187B9AE90C,The Verve,So Sister,folk,B-Boy Bouillabaisse: A.W.O.L. (2009 Digital Remaster),5200.0,Interlude 5,4868.0,I Want You,4562.0,B-Boy Bouillabaisse: A.W.O.L. (2009 Digital Remaster),6.0518390624999965,Interlude 5,5.549099999999998,I Want You,5.505542187500016,Hot Sex,0.7770050661458132,Oooh,0.7470661000618821,I Think I Love You,0.7283906212623198,Hot Sex,0.7842282792838822,Oooh,0.7541778427106477,I Think I Love You,0.7360537918528917,B-Boy Bouillabaisse: A.W.O.L. (2009 Digital Remaster),168.20667870301486,Miss Ann,150.33871525987388,1st Booty On Duty,149.68439867367132,Miss Ann,0.1718514335628601,Miss You,0.1381805364648624,Disconnect,0.13416254886438952,Miss Ann,0.42210459290200614,When She's Gone,0.3084081991342585,Miss Otis Regrets,0.30806600998246897,Miss Ann,0.4439689821043742,By The Time I Get To Phoenix,0.34196556281435625,When She's Gone,0.3358923988742745
198,TRMLKKJ128E0798A59,SONNMHJ12A67AE098E,AR8886N1187B9B330A,Liz Phair,Lost Tonight,folk,Interlude 5,5305.0,I'm A Winner (Amended Album Version),4323.0,I Want You,3824.0,Interlude 5,6.173549999999998,I'm A Winner (Amended Album Version),5.104628125000006,I Want You,4.6117828124999924,Sexy,0.7484415930715236,Interlude 1,0.7453642964459308,I Know You Got Soul,0.7401118409903447,Sexy,0.7595398537227716,Interlude 1,0.7562653547560878,I Know You Got Soul,0.7505309506646636,B-Boy Bouillabaisse: A.W.O.L. (2009 Digital Remaster),181.87319703571671,Let's All Get Drunk,171.159355515067,It's Alright,163.20952061477558,Let's All Get Drunk,0.1624805306749105,It's Alright,0.1514066438569028,Out of Character,0.15072039710354113,Out of Character,0.3224391853096778,Disco,0.3212354160139717,Even Cowgirls Get The Blues,0.3183904153536267,Out of Character,0.3695284168581633,Even Cowgirls Get The Blues,0.35628195843923793,Disco,0.3409413246821446
199,TRYBZQD12903CD1380,SONJLBP12AB018A66C,AR9UC071187B9B76FD,The Pogues,Sunnyside Of The Street,folk,B-Boy Bouillabaisse: A.W.O.L. (2009 Digital Remaster),2505.0,8 Mile,2269.0,Interlude 5,2189.0,B-Boy Bouillabaisse: A.W.O.L. (2009 Digital Remaster),2.8946671874999974,8 Mile,2.6577078124999995,Interlude 5,2.453349999999999,In Parentheses,0.78429840354079,Preachin' To The Choir,0.7796691403611449,Book Of Life,0.7784546780980046,In Parentheses,0.7923614115045462,Preachin' To The Choir,0.7890104881257605,Tour is War,0.7880236809033332,B-Boy Bouillabaisse: A.W.O.L. (2009 Digital Remaster),158.44237508012125,Interlude 5,150.4310228775702,The Dance,146.60450202453885,The Dance,0.10544536868618089,Work Work,0.10302822766093499,Dead End Street,0.0962551564345336,On The Sunny Side Of The Street,0.27309011966610625,Fannin Street,0.2609215443077168,Marrakech,0.25385650869781756,On The Sunny Side Of The Street,0.3179940386838023,Dead End Street,0.31764186052616866,Fannin Street,0.3072622355458234
200,TRHYZQR128F428F5C5,SOAWESO12A8C13AC4E,ARRH63Y1187FB47783,Kanye West,Can't Tell Me Nothing,hip hop,Interlude 5,8750.0,I'm A Winner (Amended Album Version),7472.0,B-Boy Bouillabaisse: A.W.O.L. (2009 Digital Remaster),6899.0,Interlude 5,9.828900000000006,I'm A Winner (Amended Album Version),8.615493749999999,Move On,7.953221875000002,I La La La Love You,0.6925987322478202,India,0.6888713211656355,Very Special (LP Version),0.672007369289719,India,0.7024266522111294,I La La La Love You,0.7011174828583588,Very Special (LP Version),0.6912566449605438,Interlude 5,550.3720678195741,B-Boy Bouillabaisse: A.W.O.L. (2009 Digital Remaster),378.86187419296044,Dirty Money,337.27728784705965,Interlude 5,0.3529875432655558,Tell You Something (Nana's Reprise),0.26844492442057244,Dirty Money,0.2605028788443148,I La La La Love You,0.378375527155602,Alamo,0.30847855012503916,I'm Not In The Mood (To Say No)!,0.27185566118363247,I La La La Love You,0.4153785875852433,Interlude 5,0.37419441803276937,These Boots Are Made For Walkin',0.3400764639326134
201,TRPQDHV128E07845CB,SOWZAHB12AF72A4B46,ARRH63Y1187FB47783,Kanye West,Graduation Day,hip hop,Interlude 5,3980.0,I'm A Winner (Amended Album Version),3177.0,I Want You,2856.0,Interlude 5,4.590899999999996,I'm A Winner (Amended Album Version),3.7202281249999976,I Want You,3.4288328125000023,Crossing the Boundary,0.782357745768208,Revenge,0.7586942459881054,Angelina,0.7579775378434868,Crossing the Boundary,0.7942108846996822,Revenge,0.7679399302907091,Angelina,0.7675755335260797,Interlude 5,229.72069018529717,Overdose (Album Version),226.8859461632527,Black Opera,221.67076618803415,Black Opera,0.1972095666733256,Fool For Love,0.17845400666834885,1st Booty On Duty,0.17797047714451028,Crossing the Boundary,0.290016614869668,I'm,0.28887536541121905,Black Opera,0.27464216242757256,Crossing the Boundary,0.36521901372601484,I'm,0.358441326470105,Black Opera,0.345317199422533
202,TRHAGFQ128F428B8EA,SOLBUFV12A67020A39,ARRH63Y1187FB47783,Kanye West,Wake Up Mr. West,hip hop,Interlude 5,2853.0,I'm A Winner (Amended Album Version),2582.0,I Want You,2236.0,Interlude 5,3.2810499999999996,I'm A Winner (Amended Album Version),3.0411124999999983,I Want You,2.69018125,Looking For A Job,0.705380312309066,Angelina,0.7048338001882191,Down And Dirty,0.6976273475421827,Looking For A Job,0.718813276487547,Angelina,0.715868751350209,Hoodrats,0.7083972352800746,Keep Your Shit The Hardest,212.93690720331963,Honest Expression,187.0976640602365,Interlude 5,176.30968689030286,Keep Your Shit The Hardest,0.19467102268309122,Honest Expression,0.1500832654783765,Real Muthaphuckkin' G's,0.13154212199985996,Like Nothing Else,0.2711278767881917,Keep Your Shit The Hardest,0.2626511236303786,Love Don't Have To Be So Hard,0.24692494315877406,Keep Your Shit The Hardest,0.32393165124225104,Like Nothing Else,0.31754134722982386,Honest Expression,0.3013421163986601
203,TRQXYGU128E079236A,SOIJTSI12A6701FD8B,ARTDQRC1187FB4EFD4,Black Eyed Peas,A8,hip hop,Interlude 5,16403.0,I'm A Winner (Amended Album Version),13125.0,I Want You,11110.0,Interlude 5,19.15825,I'm A Winner (Amended Album Version),15.526921874999998,I Want You,13.39299218750001,Can't You See,0.7695401493939122,Everybody Needs Somebody To Love,0.7644836441216571,All About You,0.7629142957633493,Can't You See,0.775640173200905,Everybody Needs Somebody To Love,0.7724608046830249,All About You,0.77028834503191,Interlude 5,546.1811320192693,Man In The Mirror,522.7680003150882,B-Boy Bouillabaisse: A.W.O.L. (2009 Digital Remaster),484.56626727573575,Man In The Mirror,0.45021897003314004,Blues For Suckers,0.31122624330928317,Honest Expression,0.2826363038198896,Dla Niego,0.39999721856245457,An Mhaighdean Mhara,0.3717098368945681,Oh Na Na Na,0.37132208440093006,Man In The Mirror,0.3911129450535214,Dla Niego,0.3872651133964596,Blues For Suckers,0.38558911004473967
204,TRBUESY128F92F81F6,SOVVVXC12AB017F162,ARTDQRC1187FB4EFD4,Black Eyed Peas,Boom Boom Guetta,hip hop,Let's Get Crazy,5646.0,I'm A Winner (Amended Album Version),5165.0,The Girls,4988.0,Let's Get Crazy,6.86959062499996,The Girls,6.026974999999962,I'm A Winner (Amended Album Version),5.984268749999999,Let's Get Crazy,0.7763683564334068,Getting Over You,0.5809463170148278,Fight (1994 Digital Remaster),0.5719654414363874,Let's Get Crazy,0.7809157463430818,Getting Over You,0.5910307485315972,Fight (1994 Digital Remaster),0.5821427032702406,Overdose (Album Version),305.5774566458638,The Answer,247.1035538868147,AJ Scratch,241.38044040161495,AJ Scratch,0.25572791312017457,Overdose (Album Version),0.2549171402051965,The Answer,0.23554531987607064,Steady Beat Convention,0.35794419863779553,We Gonna Rock,0.3522051842223358,Feel The Beat,0.3386443977103671,Steady Beat Convention,0.37536336255052966,Pass The Mic (Pt. 2_ Skills To Pay The Bills) (2009 Digital Remaster),0.36626254794469953,We Gonna Rock,0.36062285156576557
205,TRPDBLM128E0792367,SOZRPOY12A8C1455F5,ARTDQRC1187FB4EFD4,Black Eyed Peas,Communication,hip hop,Interlude 5,7908.0,Touch It / Technologic,6512.0,Ice Is Workin' It,6373.0,Interlude 5,8.866100000000003,Touch It / Technologic,7.737839062499992,Ice Is Workin' It,7.484487500000024,Live On Stage,0.708004723505401,Conant Gardens,0.6871821591396627,Flow On (Move Me No Mountain),0.6815502506040072,Live On Stage,0.7203881266821792,Conant Gardens,0.7013992079218276,Flow On (Move Me No Mountain),0.6962022825726946,B-Boy Bouillabaisse: A.W.O.L. (2009 Digital Remaster),355.1331626845695,Overdose (Album Version),330.4698261333152,I'm That Type Of Ni**a,329.31488525112405,I'm That Type Of Ni**a,0.264383664752656,The Rockafeller Skank,0.2594401727171165,Make the Music With Your Mouth_ Biz,0.2448798037473682,I Got It Goin' On,0.2883572712424812,Guitar Playin',0.28273611679629507,I'm That Type Of Ni**a,0.27946053457534614,Guitar Playin',0.37522745041420486,I'm That Type Of Ni**a,0.37458094470901765,All For One (Explicit) (2006 Remastered LP Version),0.3720189124198382
206,TRLINLH128F9346400,SOROKRP12AF729F9B4,ARTDQRC1187FB4EFD4,Black Eyed Peas,One Tribe,hip hop,One of Us,10279.0,Interlude 5,9253.0,B-Boy Bouillabaisse: A.W.O.L. (2009 Digital Remaster),5715.0,One of Us,12.053312499999986,Interlude 5,10.250649999999993,All For One (Explicit) (2006 Remastered LP Version),6.405087499999999,One For The Mockingbird,0.6387809100410825,N30,0.6258167391979077,One Love / People Get Ready,0.5869638593102428,One For The Mockingbird,0.6484252929966451,N30,0.6355929422524544,One Love / People Get Ready,0.598910012511148,Interlude 5,481.544122510182,B-Boy Bouillabaisse: A.W.O.L. (2009 Digital Remaster),394.64818698465706,The Illest Brother,334.6807289712297,Interlude 5,0.3098284713276785,The Illest Brother,0.256997427958851,She's A Star,0.2318174896771067,Yours (Live),0.3110433041388521,Jerusalem,0.28891593213631994,The Illest Brother,0.26742980394942706,The Illest Brother,0.37000908909848823,Yours (Live),0.3665958321901955,Jerusalem,0.35622368969099705
207,TREPPUG128F9301FAB,SOBRREA12A6701C403,ARTDQRC1187FB4EFD4,Black Eyed Peas,Sexy,hip hop,Interlude 5,8731.0,I'm A Winner (Amended Album Version),7236.0,B-Boy Bouillabaisse: A.W.O.L. (2009 Digital Remaster),6427.0,Interlude 5,10.081149999999994,I'm A Winner (Amended Album Version),8.500868749999992,B-Boy Bouillabaisse: A.W.O.L. (2009 Digital Remaster),7.337465624999992,Run The Show,0.7988137786752565,Stumble,0.792816749515401,What's Your Problem,0.7910204605077439,Run The Show,0.8086650794028996,Stumble,0.8013219695593266,Club Megamix,0.7996723191919811,Interlude 5,349.64065083450424,Overdose (Album Version),338.5882468100521,Honest Expression,311.04111914518705,Naked,0.24359553590344785,Overdose (Album Version),0.22424169268299846,Honest Expression,0.20768361952324826,Naked,0.3244892576775872,In The Kitchen,0.3065441757656839,Let It Flow,0.30182156890711664,Naked,0.4001337402696864,In The Kitchen,0.36508414239265813,Let It Flow,0.36052668129666043
208,TRBBVNR128E078E1E4,SOCMYLF12A67020A4D,ARTDQRC1187FB4EFD4,Black Eyed Peas,Tell Your Momma Come,hip hop,Interlude 5,6243.0,It's A Party,5347.0,Cancel (Album Version),4786.0,Interlude 5,6.863049999999998,It's A Party,6.253021875000014,Cancel (Album Version),5.662329687500004,Midnight Man,0.5732986916526958,Sounds Of Brutality,0.5566868914053553,Trans DF Express,0.5504982982156562,Midnight Man,0.5903315118479259,Sounds Of Brutality,0.5711604400355598,Trans DF Express,0.5694203753612118,Overdose (Album Version),361.10326349947576,Do The Bartman,353.6591219611171,Interlude 5,331.93008507274675,Do The Bartman,0.2790319111669783,Back In The Day (Explicit LP Version),0.25144436784481117,Pass The Mic (Pt. 2_ Skills To Pay The Bills) (2009 Digital Remaster),0.25075297244709144,Pass The Mic (Pt. 2_ Skills To Pay The Bills) (2009 Digital Remaster),0.3132129483038619,Back In The Day (Explicit LP Version),0.26536184799051726,Show Me The Money,0.2645537957788379,Pass The Mic (Pt. 2_ Skills To Pay The Bills) (2009 Digital Remaster),0.39134923361739987,Back In The Day (Explicit LP Version),0.34739681108190457,Show Me The Money,0.3436929815492488
209,TRTJVGX128E078EB1C,SOUNVLC12A6701C406,ARTDQRC1187FB4EFD4,Black Eyed Peas,The Apl Song,hip hop,Interlude 5,2904.0,B-Boy Bouillabaisse: A.W.O.L. (2009 Digital Remaster),2547.0,I'm A Winner (Amended Album Version),2255.0,Interlude 5,3.1516000000000024,B-Boy Bouillabaisse: A.W.O.L. (2009 Digital Remaster),2.7836750000000037,Ice Is Workin' It,2.5188000000000006,Keep It Real,0.6453813894774352,Fa Sho Fo Real,0.6249810593350297,Fucked Up,0.6212271001065154,Keep It Real,0.6706259924490934,Fa Sho Fo Real,0.6540992986714538,Fucked Up,0.6469686558533245,Interlude 5,309.02211312064924,Overdose (Album Version),291.47544514647984,B-Boy Bouillabaisse: A.W.O.L. (2009 Digital Remaster),250.22210933769833,Overdose (Album Version),0.2081524560812494,Interlude 5,0.17968317222351474,Party For Your Right To Fight,0.16399521507237583,Futterman's Rule (2009 Digital Remaster),0.27427865000251295,Party For Your Right To Fight,0.26962578203819537,Pass The Mic (Pt. 2_ Skills To Pay The Bills) (2009 Digital Remaster),0.2307995242162303,Flow On (Move Me No Mountain),0.31999111180731954,Overdose (Album Version),0.316526151811777,Party For Your Right To Fight,0.31521886713615377
210,TRDJOCY128F4294CD5,SOTHRKJ12A6701C2D8,ARRH63Y1187FB47783,Kanye West,Diamonds From Sierra Leone,hip hop,Interlude 5,7877.0,B-Boy Bouillabaisse: A.W.O.L. (2009 Digital Remaster),6292.0,I'm A Winner (Amended Album Version),5811.0,Interlude 5,8.65945,B-Boy Bouillabaisse: A.W.O.L. (2009 Digital Remaster),6.872506250000006,I'm A Winner (Amended Album Version),6.488137499999994,Onyx Is Back,0.6774987218359217,Web In Front,0.5897832951715122,All I Ever Think About,0.5807370983003852,Onyx Is Back,0.6965440087632736,Web In Front,0.6087633742965205,All I Ever Think About,0.6018680423221451,B-Boy Bouillabaisse: A.W.O.L. (2009 Digital Remaster),571.1110348675973,Interlude 5,557.7282832977687,Overdose (Album Version),535.700282413184,Overdose (Album Version),0.33415566353269704,Honest Expression,0.3283733900424558,Knick Knack Patty Wack,0.30981200881521676,Flow On (Move Me No Mountain),0.2702080088719472,Honest Expression,0.2594769405068792,It's Like That,0.2579671269434435,Flow On (Move Me No Mountain),0.4043929230287432,Honest Expression,0.40290152786907835,Bad Mutha,0.38394874279679825
211,TREADOS128E078EC1F,SORAWSB12A6701FBC8,ARTH9041187FB43E1F,Eminem,If I Had,hip hop,Interlude 5,9605.0,B-Boy Bouillabaisse: A.W.O.L. (2009 Digital Remaster),9469.0,8 Mile,8214.0,B-Boy Bouillabaisse: A.W.O.L. (2009 Digital Remaster),10.722579687500009,Interlude 5,10.674549999999996,8 Mile,9.427045312499992,I'm So Glad,0.7339131273986789,Freedom,0.6942984443687412,Concerto,0.688955981650286,I'm So Glad,0.7344757735871994,Freedom,0.7108053288697619,Concerto,0.7058563994824767,B-Boy Bouillabaisse: A.W.O.L. (2009 Digital Remaster),505.86737157854674,Interlude 5,497.9000931400964,Overdose (Album Version),486.4664235544801,Overdose (Album Version),0.3060660380609486,She Ain't Afraid,0.292684190483043,Honest Expression,0.2922343544298451,I'm So Glad,0.4137507390428893,This World,0.27167695912219114,Be Like Me,0.25380327755832766,I'm So Glad,0.4133255028329054,Honest Expression,0.3614953064923397,That's What It Is,0.35503049239184736
212,TRHPAVK128E078EC9C,SOKJZZN12A6701C77A,ARTH9041187FB43E1F,Eminem,Ken Kaniff,hip hop,Interlude 5,8216.0,B-Boy Bouillabaisse: A.W.O.L. (2009 Digital Remaster),7588.0,8 Mile,6209.0,Interlude 5,9.1361,B-Boy Bouillabaisse: A.W.O.L. (2009 Digital Remaster),8.536745312499987,8 Mile,7.045629687500001,Cardiac Arrest,0.7270522887070987,Voices In My Head,0.7269704479576512,Releasing Hypnotical Gases,0.7257340005560227,Cardiac Arrest,0.7456132409803983,Releasing Hypnotical Gases,0.7442381017090358,Elohim (1972),0.7412218710825725,Overdose (Album Version),462.4870245665449,B-Boy Bouillabaisse: A.W.O.L. (2009 Digital Remaster),458.61226524560584,Interlude 5,452.12755126933405,Soopaman Luva 3,0.3331526186773936,She Ain't Afraid,0.32947926940428834,Overdose (Album Version),0.2944578591097838,Soopaman Luva 3,0.30299091987790105,Givin' Up (Clean Version),0.29573259820219466,Faulty,0.2894186490026828,Soopaman Luva 3,0.41833516763958356,Faulty,0.385632908775589,Hair,0.3808573634059858
213,TRGLNKG128F9307689,SOFVLYU12AB017F502,ARTH9041187FB43E1F,Eminem,My Darling,hip hop,Interlude 5,22766.0,I'm A Winner (Amended Album Version),18521.0,B-Boy Bouillabaisse: A.W.O.L. (2009 Digital Remaster),16797.0,Interlude 5,26.385199999999976,I'm A Winner (Amended Album Version),21.796934375000006,B-Boy Bouillabaisse: A.W.O.L. (2009 Digital Remaster),19.263232812500004,Fever Moon,0.8462124674347401,Revenge,0.8416920316225485,Underdrive,0.839301064052874,Fever Moon,0.8531169870408263,Revenge,0.8474561027279263,Underdrive,0.8437087151733264,Interlude 5,723.1319973716301,B-Boy Bouillabaisse: A.W.O.L. (2009 Digital Remaster),664.5240751486316,Overdose (Album Version),621.5551081368944,Overdose (Album Version),0.3499859722470556,Interlude 5,0.33917910823578135,I'm A Winner (Amended Album Version),0.3088940210700928,Stir It Up,0.2882613965873104,My Dearest Darling,0.25291947483687255,Go Now,0.25171097274804916,The Illest Brother,0.38476862037550374,Interlude 5,0.37361614951120714,Rock It Like That,0.36711741317097174
214,TRCHZXW128E079288A,SOMEJDK12D0219BB71,ARTH9041187FB43E1F,Eminem,8 Mile,hip hop,B-Boy Bouillabaisse: A.W.O.L. (2009 Digital Remaster),17013.0,Interlude 5,16626.0,I'm A Winner (Amended Album Version),14068.0,B-Boy Bouillabaisse: A.W.O.L. (2009 Digital Remaster),19.479376562500004,Interlude 5,18.6458,Everytime I...,16.449296874999966,Book Of Life,0.8921928015781531,Rabbit Run,0.8693785025650046,Gotta Get Over (Taking Loot) (Explicit),0.8653391439458366,Book Of Life,0.896699433811434,Rabbit Run,0.8769762457980983,Gotta Get Over (Taking Loot) (Explicit),0.8727866174428162,B-Boy Bouillabaisse: A.W.O.L. (2009 Digital Remaster),808.9468899169306,Interlude 5,797.6246297916819,Overdose (Album Version),693.2410766172814,She Ain't Afraid,0.4267523273957523,I'm A Winner (Amended Album Version),0.4226840113675848,Real Muthaphuckkin' G's,0.3689438290753568,Book Of Life,0.2635666387171193,Momma Knows,0.25412660251742997,She Ain't Afraid,0.25397242945797815,Book Of Life,0.41148368126406537,Flow On (Move Me No Mountain),0.40504518408583523,Mainstream,0.4044046346502357
215,TRCDLUM128F9331CA9,SOOOJWM12A8C13AC0E,ARPDVPJ1187B9ADBE9,Usher,Love Was Here,hip hop,Interlude 5,7931.0,I'm A Winner (Amended Album Version),7167.0,I Want You,6340.0,Interlude 5,9.09725,I'm A Winner (Amended Album Version),8.42514062499999,I Want You,7.62491406249998,You're Coming Home,0.7483436842603673,Naked,0.7201320871740203,Coming Back,0.7148908365381266,You're Coming Home,0.759042196768557,Naked,0.7339754351838812,Coming Back,0.7278671472553035,Interlude 5,321.33800485626335,Man In The Mirror,303.58810368600206,Hair,246.91389599896846,Man In The Mirror,0.26916077560042795,Baby Come Back,0.21445772804893923,Billie Jean,0.20206932443736517,All Of Me,0.4000362648317382,Baby Come Back,0.3485113833011936,Billie Jean,0.34561086642429656,All Of Me,0.43435644012143243,Baby Come Back,0.40014180362041246,Billie Jean,0.39986784027980204
216,TRPMNRL128F9302AD7,SOEVGOY12AB0181053,ARCGJ6U1187FB4D01F,Akon,Be With You,hip hop,Interlude 5,14362.0,B-Boy Bouillabaisse: A.W.O.L. (2009 Digital Remaster),11253.0,I'm A Winner (Amended Album Version),11057.0,Interlude 5,16.853099999999998,B-Boy Bouillabaisse: A.W.O.L. (2009 Digital Remaster),13.146846875,I'm A Winner (Amended Album Version),13.102756250000022,Revenge,0.8135375366003703,With You,0.7757605977112688,Could It Be I'm Falling In Love,0.7635556890909754,Revenge,0.819537726220782,With You,0.7824318819588947,Could It Be I'm Falling In Love,0.7706665638678859,Interlude 5,357.8350840336723,B-Boy Bouillabaisse: A.W.O.L. (2009 Digital Remaster),300.91276859601913,Honest Expression,235.0367067975427,Interlude 5,0.23282208309173527,Playas Gon' Play,0.18668765281881838,Revenge,0.17275921587497428,Random I Am (Album Version),0.33835760606901033,The Way It Is,0.30701905794484174,Revenge,0.3063131486877251,Random I Am (Album Version),0.3939021939329246,Revenge,0.38449942836524625,Ain't No Way (You Won't Love Me),0.3669065327783825
217,TRRIRMX128F92E6272,SOILRPD12A6701E38C,ARCGJ6U1187FB4D01F,Akon,Locked Up,hip hop,When I Get To Heaven (Remix) (Explicit),8786.0,Hold Me Down (Album Version),6272.0,B-Boy Bouillabaisse: A.W.O.L. (2009 Digital Remaster),6231.0,When I Get To Heaven (Remix) (Explicit),10.589720312499999,Let Me Be,7.391053125000022,Hold Me Down (Album Version),7.331696875000018,When I Get To Heaven (Remix) (Explicit),0.6788456750240714,Let Me Out,0.6362666877782919,Nasty Habits,0.6321070553838362,When I Get To Heaven (Remix) (Explicit),0.6865571612397183,Let Me Out,0.6459752707942557,Nasty Habits,0.641198889310491,It Ain't About You,317.23726179216055,Make A Move,299.4758039456873,1st Booty On Duty,279.6955227806344,It Ain't About You,0.27211504847038553,Make A Move,0.2630915337418913,Blues For Suckers,0.24358636108625706,Room In My Head,0.38470694208076944,Shanghaid,0.3442588605352691,Blues For Suckers,0.2921969347249675,Room In My Head,0.4059631184100473,Shanghaid,0.3860314013119454,Blues For Suckers,0.3377203504736942
218,TRCEYQJ128E07862DE,SOAUEBB12A67020DC4,ARLGIX31187B9AE9A0,Jay-Z,So Ghetto,hip hop,Interlude 5,8107.0,B-Boy Bouillabaisse: A.W.O.L. (2009 Digital Remaster),7905.0,8 Mile,7155.0,Interlude 5,8.95615,B-Boy Bouillabaisse: A.W.O.L. (2009 Digital Remaster),8.896449999999994,8 Mile,8.200549999999998,lucky to be me,0.7741734030921311,Keep Moving,0.7599273913551394,Best Friend,0.7494190681785059,lucky to be me,0.77977202325625,Keep Moving,0.7744778017557445,Best Friend,0.7597862287839753,Overdose (Album Version),565.025960517428,B-Boy Bouillabaisse: A.W.O.L. (2009 Digital Remaster),550.1051298642454,Strictly 4 My N.I.G.G.A.Z.,542.0826104732532,Strictly 4 My N.I.G.G.A.Z.,0.4321060898278898,Slam,0.42595315693565183,Slam Harder,0.42595315693565183,Right Now,0.3641965046853355,Strictly 4 My N.I.G.G.A.Z.,0.34313769285090334,Fuck Off,0.3330533549635056,Strictly 4 My N.I.G.G.A.Z.,0.4498255833024884,Right Now,0.447765363006948,From What I Was Told,0.43205265625935885
219,TRZGUNN128E07862F7,SOGFJJE12A58A80C35,ARLGIX31187B9AE9A0,Jay-Z,Heart Of The City (Ain't No Love),hip hop,Interlude 5,7878.0,B-Boy Bouillabaisse: A.W.O.L. (2009 Digital Remaster),7351.0,8 Mile,6530.0,Interlude 5,8.796399999999984,B-Boy Bouillabaisse: A.W.O.L. (2009 Digital Remaster),8.309739062499995,8 Mile,7.499135937500012,Club Megamix,0.7728379195250772,Best Friend,0.769835828832659,Ten Toes Tall,0.7569565729674572,Club Megamix,0.7862626433588975,Best Friend,0.7792451081910555,Ten Toes Tall,0.7731535716743303,Overdose (Album Version),531.513980563491,1st Booty On Duty,527.4709024193708,Keep Your Shit The Hardest,522.2645450662169,Who Run It,0.4510968393421818,1st Booty On Duty,0.44126982823291383,Keep Your Shit The Hardest,0.42913192679766027,Superstar (Double Murder = Double Platinum),0.34678162414826735,Who Run It,0.34095118535517055,Strictly 4 My N.I.G.G.A.Z.,0.3330407773873103,Strictly 4 My N.I.G.G.A.Z.,0.4376158769718299,Superstar (Double Murder = Double Platinum),0.4310919691865738,Who Run It,0.42718707527753125
220,TRTVTYS128E0792887,SORCZHK12A6701FFB0,ARTH9041187FB43E1F,Eminem,Rabbit Run,hip hop,Interlude 5,10439.0,B-Boy Bouillabaisse: A.W.O.L. (2009 Digital Remaster),9936.0,I'm A Winner (Amended Album Version),9500.0,Interlude 5,11.802150000000001,B-Boy Bouillabaisse: A.W.O.L. (2009 Digital Remaster),11.377496874999997,I'm A Winner (Amended Album Version),11.060306249999998,8 Mile,0.869378502565011,Book Of Life,0.850657904141785,Preachin' To The Choir,0.8415246429452589,8 Mile,0.8769762457980983,Book Of Life,0.8573360919159411,Preachin' To The Choir,0.849360414465328,Overdose (Album Version),569.3920002358543,She Ain't Afraid,553.6878584430435,8 Mile,549.1850154856751,She Ain't Afraid,0.4276115870910507,Overdose (Album Version),0.38886256018605264,1st Booty On Duty,0.3738984282192147,She Ain't Afraid,0.3274700347082782,My Life,0.3135739462257248,Fuck Off,0.29516576627926144,She Ain't Afraid,0.4407199431282646,Overdose (Album Version),0.4150760737399662,Mainstream,0.4069055512699495
221,TRBEBJO128C719646B,SORXHBR12AF72A5DA5,ARCBD0U1187FB466EF,Nelly,Splurge,hip hop,Interlude 5,20757.0,B-Boy Bouillabaisse: A.W.O.L. (2009 Digital Remaster),16731.0,I'm A Winner (Amended Album Version),16494.0,Interlude 5,24.260349999999985,I'm A Winner (Amended Album Version),19.515709374999993,B-Boy Bouillabaisse: A.W.O.L. (2009 Digital Remaster),19.503870312500005,I'm,0.8464237494375435,Bad Mutha,0.8451237364280093,Revenge,0.8434406793283176,I'm,0.8525079920543649,Bad Mutha,0.8516197674376584,Revenge,0.849029887280976,1st Booty On Duty,554.5082604730841,Keep Your Shit The Hardest,547.3862716930714,Interlude 5,523.0962250573971,1st Booty On Duty,0.463835211562559,Keep Your Shit The Hardest,0.4490128082680161,Around The Way [Explicit Album Version],0.41481369912147414,Around The Way [Explicit Album Version],0.3502018989146922,Feelin' Good,0.33115558082135316,Keep Your Shit The Hardest,0.3092999209100712,Around The Way [Explicit Album Version],0.43938879572200523,Keep Your Shit The Hardest,0.4056088943402392,Claimin' True,0.4030598484963782
222,TRMWYIH128E078DCA6,SOMTUPP12A6701FC38,ARCBD0U1187FB466EF,Nelly,St. Louie,hip hop,Interlude 5,9575.0,B-Boy Bouillabaisse: A.W.O.L. (2009 Digital Remaster),7227.0,I'm A Winner (Amended Album Version),6326.0,Interlude 5,10.807249999999993,B-Boy Bouillabaisse: A.W.O.L. (2009 Digital Remaster),8.062414062500002,I'm A Winner (Amended Album Version),7.148421874999996,From What I Was Told,0.6727790489311313,Safe + Sound,0.6677099638644228,Run Around,0.6628208099188244,From What I Was Told,0.6956358428070462,Safe + Sound,0.6904687041916838,Run Around,0.6844385076896574,B-Boy Bouillabaisse: A.W.O.L. (2009 Digital Remaster),534.8903486283186,Overdose (Album Version),474.78761677941407,Interlude 5,434.20843366063986,Overdose (Album Version),0.32217014662974824,Still On It,0.32024542550705903,The Easy Spell,0.3113081509798714,Love You Till Friday,0.27025875286722284,Wrap Sumden,0.2689467954650877,Just Another Day,0.2683622659255883,Wrap Sumden,0.3681128943298216,From What I Was Told,0.3672398899284654,Just Another Day,0.36381581993370116
223,TRHXTHR128F145E864,SOTUHWK12A6310D7E5,ARCBD0U1187FB466EF,Nelly,Wrap Sumden,hip hop,Interlude 5,7411.0,B-Boy Bouillabaisse: A.W.O.L. (2009 Digital Remaster),6648.0,8 Mile,5497.0,Interlude 5,8.398950000000003,B-Boy Bouillabaisse: A.W.O.L. (2009 Digital Remaster),7.586787499999996,Splurge,6.381862500000016,I'm,0.8330510814071235,B-Boy Bouillabaisse: A.W.O.L. (2009 Digital Remaster),0.8251990738049629,Ten Toes Tall,0.817471011029417,I'm,0.8402796190115877,B-Boy Bouillabaisse: A.W.O.L. (2009 Digital Remaster),0.8376436529288706,Ten Toes Tall,0.8305199178109834,Overdose (Album Version),473.999537057569,1st Booty On Duty,429.1281167174918,Trife Life,418.29655625886977,1st Booty On Duty,0.3386977442217997,Overdose (Album Version),0.33136667791982893,Bring Your Whole Crew,0.29667879165564576,Contact Blitt,0.31964827866365486,The Dayz Of Wayback,0.2954038680301288,Shift Shape,0.29116533261987715,Contact Blitt,0.4141790718805986,Trife Life,0.40662577823182794,Pack The Pipe,0.40483882745916694
224,TRQRAKE128F9322866,SOJQLHA12AB017F7D4,ARLGIX31187B9AE9A0,Jay-Z,Soon You'll Understand,hip hop,Interlude 5,16833.0,I'm A Winner (Amended Album Version),14552.0,I Want You,11823.0,Interlude 5,19.58765000000001,I'm A Winner (Amended Album Version),17.240024999999992,I Want You,14.244512499999995,Revenge,0.8172833654342354,Between A Mother And A Child,0.8126473257695459,Angelina,0.8017084907007064,Revenge,0.8240500724231242,Between A Mother And A Child,0.8209644768440513,Angelina,0.8093392605993524,Interlude 5,646.2360206841574,8 Mile,521.483258808581,Overdose (Album Version),505.045334423845,Interlude 5,0.34987039481548715,Trife Life,0.2891286136415113,Overdose (Album Version),0.28510139095436077,What's It Gonna Be,0.26169819001108213,Momma Knows,0.2570965480102611,Pack The Pipe,0.24807127261258474,Pack The Pipe,0.3851111437354709,Interlude 5,0.3809332321752007,The Illest Brother,0.37059844259562075
225,TRCDAUA128E0784644,SOAZMZB12A6701D958,ARLGIX31187B9AE9A0,Jay-Z,Encore,hip hop,Interlude 5,9611.0,I'm A Winner (Amended Album Version),8460.0,I Want You,6725.0,Interlude 5,11.013250000000001,I'm A Winner (Amended Album Version),9.921140625000007,I Want You,8.03853906249999,Tell Me (Acoustic),0.8157285543350989,Stumble,0.8076014582768106,So What'Cha Want (Butt Naked Version) (Explicit) (2009 Digital Remaster),0.8069587678611947,Tell Me (Acoustic),0.8259639967078707,So What'Cha Want (Butt Naked Version) (Explicit) (2009 Digital Remaster),0.8162256778666267,Stumble,0.8151545838093671,Overdose (Album Version),513.41095571429,Interlude 5,496.78758905569225,B-Boy Bouillabaisse: A.W.O.L. (2009 Digital Remaster),443.0986472444503,Overdose (Album Version),0.3669096418178486,1st Booty On Duty,0.3431643817088224,Slam Harder,0.31763509049448146,Pass The Mic (Pt. 2_ Skills To Pay The Bills) (2009 Digital Remaster),0.30485016113240293,Peace_ Prosperity & Paper,0.2968244464380911,9mm,0.28954171970914333,Overdose (Album Version),0.4106762747919475,Peace_ Prosperity & Paper,0.40758776342548014,Pass The Mic (Pt. 2_ Skills To Pay The Bills) (2009 Digital Remaster),0.3997828554654358
226,TRBCPZS128F145ECC1,SOOKDOU12D0219A1C0,ARCBD0U1187FB466EF,Nelly,Say Now,hip hop,Interlude 5,7559.0,Man In The Mirror,6921.0,The Rockafeller Skank,6009.0,Interlude 5,8.30565,Man In The Mirror,7.671228124999992,The Rockafeller Skank,7.014250000000011,The Red Plains,0.6061194489518096,Online Songs,0.6059385776483648,Here Comes The Hotstepper,0.5962512597307607,Online Songs,0.6237764408472842,The Red Plains,0.6185799010369691,Here Comes The Hotstepper,0.6064342889763552,Man In The Mirror,537.6366216256879,Interlude 5,496.8694938811651,Overdose (Album Version),452.81532539755597,Man In The Mirror,0.47959310134186955,Blues For Suckers,0.381541863910591,Universal Prayer,0.36978071963133424,Oh Na Na Na,0.4214321955222575,Dla Niego,0.41825900427460944,An Mhaighdean Mhara,0.36907246061735394,Universal Prayer,0.41711419065296407,Oh Na Na Na,0.4139108990687238,Take This City,0.4118609570578756
227,TRWFVOW128E0793847,SOZDHYB12A679D7E52,ARZER7I1187FB385AF,Dr. Dre,Been There Done That,hip hop,Interlude 5,6947.0,B-Boy Bouillabaisse: A.W.O.L. (2009 Digital Remaster),5817.0,Man In The Mirror,5648.0,Interlude 5,7.7154500000000015,B-Boy Bouillabaisse: A.W.O.L. (2009 Digital Remaster),6.461482812500005,Man In The Mirror,6.229840624999997,Live Foul,0.6982076517092826,Keep It Real,0.6381602946481103,Claimin' True,0.6378632481194197,Live Foul,0.7168507480305717,Keep It Real,0.6613645872091801,Do You Want It?,0.6599652717296057,B-Boy Bouillabaisse: A.W.O.L. (2009 Digital Remaster),429.62519894106714,Overdose (Album Version),404.194416189885,Safe + Sound,353.5113537665302,If I Had,0.2446704574656412,Who Run It,0.24171241377704522,Just Another Day,0.2401192727673161,Marie Laveau,0.2558507201808615,Just Another Day,0.23268249545991548,If I Had,0.22894699509897776,The Illest Brother,0.3499569032375065,Just Another Day,0.3399809291273505,Marie Laveau,0.3395500477647968
228,TRWZWOX128F935A084,SOTYTWT12A58A7BBEE,AR9LJ9D1187FB4303D,Sean Kingston,Magical,hip hop,Interlude 5,5677.0,All Day Sucker,5057.0,Love Is Wicked,5031.0,Interlude 5,6.328049999999996,All Day Sucker,6.0561375,Love Is Wicked,5.9818874999999965,Supernatural Thing Part 1,0.7067527753415447,Love Don't Live Here,0.6890688376692649,A Deeper Love,0.6863434513649195,Supernatural Thing Part 1,0.7159543389876427,Love Don't Live Here,0.6980204346348534,A Deeper Love,0.6951663405273613,Interlude 5,326.4766511511499,B-Boy Bouillabaisse: A.W.O.L. (2009 Digital Remaster),233.15067837450115,8 Mile,193.20322247395828,Interlude 5,0.22624590327864497,I Love You Babe,0.19550489260127338,I Still Love You,0.17413877214803342,I Love You Babe,0.36532918217984023,Can't We Be Sweethearts,0.33310808131247016,I Still Love You,0.3213924588473569,I Love You Babe,0.4020713423377803,Waiting For The Day,0.3791005863240237,I Still Love You,0.3773877279247985
229,TRXGBGU128F935A092,SOGKYFP12AB0185ED3,AR9LJ9D1187FB4303D,Sean Kingston,Over,hip hop,Interlude 5,6535.0,B-Boy Bouillabaisse: A.W.O.L. (2009 Digital Remaster),5407.0,I'm A Winner (Amended Album Version),5135.0,Interlude 5,7.31085,B-Boy Bouillabaisse: A.W.O.L. (2009 Digital Remaster),6.041307812499996,I'm A Winner (Amended Album Version),5.858084375000002,Do It Again,0.7160385288649272,Bright Young Thing,0.7033672945159088,Do It Again,0.6562499972731518,Do It Again,0.734288180086579,Bright Young Thing,0.7169261586694056,Naked,0.6744386318958402,B-Boy Bouillabaisse: A.W.O.L. (2009 Digital Remaster),356.67081651684776,Interlude 5,292.22198221970586,The Dance,256.7144054561368,I'm Gon' Change,0.22471271392706135,My Phone,0.21137643550968502,Switch,0.20906691957874649,Ave Maria No Morro,0.28738222744860553,Do It Again,0.2768393616152437,I'm Gon' Change,0.2630990481624723,Do It Again,0.3328399713462857,I'm Gon' Change,0.3274258137500572,Switch,0.3199370303302673
230,TRFKPZK128F935A08D,SOJHMSM12AB0185233,AR9LJ9D1187FB4303D,Sean Kingston,Wrap U Around Me,hip hop,Hold Me Down (Album Version),6024.0,That's What You Told Me,5223.0,Interlude 5,5089.0,Hold Me Down (Album Version),7.210312500000032,That's What You Told Me,6.264374999999992,Interlude 5,5.671250000000018,Peel Me A Grape,0.6994488668706794,He Loves Me (Lyzel In E Flat),0.6651443334644151,Be Your Husband,0.6415283655082863,Peel Me A Grape,0.7042804296396256,He Loves Me (Lyzel In E Flat),0.67081577954257,Be Your Husband,0.6507598774277561,I Love U In Me ( LP Version),268.5280863389824,Interlude 5,258.64637328189644,Man In The Mirror,222.37732677191227,I Love U In Me ( LP Version),0.22821346279960547,Chocolate Factory,0.2067828774739429,Jack U Off (LP Version),0.20095108526469377,Jack U Off (LP Version),0.32664084740057026,House Rent Boogie,0.32516051196123597,Never Letchu Go,0.31788119641098456,Jack U Off (LP Version),0.36007441766758524,Never Letchu Go,0.35982555765335034,House Rent Boogie,0.35862532354552923
231,TRWVTDX128F931ECEF,SOUOEMP12A8C13866E,ARDDMYP1187B9B8AE4,M.I.A.,Paper Planes,hip hop,Interlude 5,8072.0,B-Boy Bouillabaisse: A.W.O.L. (2009 Digital Remaster),7106.0,I'm A Winner (Amended Album Version),5644.0,Interlude 5,9.331,B-Boy Bouillabaisse: A.W.O.L. (2009 Digital Remaster),8.247765625000008,Splurge,6.580796875000001,All For One (Explicit) (2006 Remastered LP Version),0.7680797407766811,I'm,0.7608096802470284,I Fought The Law,0.7468341453171985,All For One (Explicit) (2006 Remastered LP Version),0.776999349082176,I'm,0.769496976440744,Lifestylez Ov Da Poor & Dangerous,0.7553429725110976,B-Boy Bouillabaisse: A.W.O.L. (2009 Digital Remaster),253.24546214729418,Plumskinzz (Loose Hoe_ God & Cupid),248.242318574146,Overdose (Album Version),240.10681792090597,Plumskinzz (Loose Hoe_ God & Cupid),0.206594580660969,Dirty Money,0.19556988536857647,Who Run It,0.19400599403426205,Monkey Suit,0.27988784737391176,Just Like Greta,0.24090745252548015,Electric High,0.2382203583418492,Plumskinzz (Loose Hoe_ God & Cupid),0.302817071572276,Monkey Suit,0.30087560324504936,Just Like Greta,0.2958102184045927
232,TRWTZGX128F149535F,SOQFNGB12A6D4FA61E,AR9RYZP1187FB36C6A,Thousand Foot Krutch,Set It Off,hip hop,Interlude 5,5985.0,B-Boy Bouillabaisse: A.W.O.L. (2009 Digital Remaster),4891.0,Touch It / Technologic,4576.0,Interlude 5,6.51755,Touch It / Technologic,5.339626562500008,B-Boy Bouillabaisse: A.W.O.L. (2009 Digital Remaster),5.307829687500003,Out Of Sight,0.6394761374214989,LET's GIT IT ON,0.623417137308187,Miracle Mile,0.618303724113028,Out Of Sight,0.6575173470477002,LET's GIT IT ON,0.6444180361569123,Confrontations,0.640770187106105,B-Boy Bouillabaisse: A.W.O.L. (2009 Digital Remaster),467.2497797049494,Overdose (Album Version),356.57954192827015,It Ain't About You,304.75078679086965,B-Boy Bouillabaisse: A.W.O.L. (2009 Digital Remaster),0.296254615961827,Expansion Team Theme,0.2569489847412347,Overdose (Album Version),0.2322450542994651,Physical Stamina,0.29680602089981845,Right Now,0.25904699308305634,Expansion Team Theme,0.24405740985140606,Physical Stamina,0.37660926696406405,B-Boy Bouillabaisse: A.W.O.L. (2009 Digital Remaster),0.35992776965022233,Right Now,0.34001864037428503
233,TRCACEF128F42434D7,SOEFLLL12AF72A15EA,AR7NPRY1187B9ADE15,Ludacris,Ho,hip hop,Interlude 5,4262.0,Mambo Swing,3395.0,B-Boy Bouillabaisse: A.W.O.L. (2009 Digital Remaster),3224.0,Interlude 5,4.747900000000001,Mambo Swing,4.1610625000000026,I'm A Winner (Amended Album Version),3.593712499999998,Mambo Swing,0.8275470070215412,Up On The House Top,0.6658309762782383,Live On Mars,0.42644945064489337,Mambo Swing,0.8286527685473251,Up On The House Top,0.6742611420066916,Live On Mars,0.4323110927386168,Mambo Swing,345.9327586687606,Keep Your Shit The Hardest,333.03127039630834,Bring Your Whole Crew,316.34596307794965,Mambo Swing,0.40229435485464016,Up On The House Top,0.29956273777868303,Keep Your Shit The Hardest,0.2892900925687074,Mambo Swing,0.4920234888330825,Up On The House Top,0.4428382469731157,Live On Mars,0.3816112481260547,Mambo Swing,0.5067183426592576,Up On The House Top,0.4654088964974745,Live On Mars,0.38622985084522315
234,TRCQNWN128F92EA07D,SOEARQO12AB017F7F0,ARVTAI41187B9B8B67,Wu-Tang Clan,The What,hip hop,Interlude 5,5138.0,I'm A Winner (Amended Album Version),4480.0,B-Boy Bouillabaisse: A.W.O.L. (2009 Digital Remaster),4091.0,Interlude 5,5.7117999999999975,I'm A Winner (Amended Album Version),5.135534375000002,B-Boy Bouillabaisse: A.W.O.L. (2009 Digital Remaster),4.519407812500009,That's What It Is,0.7229745743863888,Mars Attacks,0.7224920128510334,Bubble Music,0.7183852001543046,Mars Attacks,0.7484972895490318,That's What It Is,0.7442728902025324,Bubble Music,0.7378569294732891,1st Booty On Duty,503.9094125887411,Overdose (Album Version),486.49503365366246,Trife Life,449.28997997644706,1st Booty On Duty,0.43612703008612735,Who Run It,0.35364403355740875,Overdose (Album Version),0.35220661406289316,Rowdy Rowdy,0.37828866168926845,1st Booty On Duty,0.34311607736896677,We Got What You Want,0.34279706186964976,Rowdy Rowdy,0.4674221647032378,The Worst,0.4518111039300029,Strictly 4 My N.I.G.G.A.Z.,0.4439715230399117
235,TRYHHXT128F4276F89,SOKMCHV12D02194FF6,AR23C041187FB4D534,50 Cent,Rowdy Rowdy,hip hop,Interlude 5,6437.0,B-Boy Bouillabaisse: A.W.O.L. (2009 Digital Remaster),5453.0,I'm A Winner (Amended Album Version),5239.0,Interlude 5,7.158450000000001,B-Boy Bouillabaisse: A.W.O.L. (2009 Digital Remaster),6.073803125000007,I'm A Winner (Amended Album Version),5.968543749999991,Da Mystery Of Chessboxin',0.7930668090285982,The Fire In Which You Burn (feat. J-Treds & The Brewin From The Juggaknots),0.7622132918618644,You Do_ I Do,0.7615667137426068,Da Mystery Of Chessboxin',0.8092966735575772,The Fire In Which You Burn (feat. J-Treds & The Brewin From The Juggaknots),0.7825224390980428,You Do_ I Do,0.7775343206630656,Keep Your Shit The Hardest,631.2361109425408,Safe + Sound,628.7484258935214,Real Muthaphuckkin' G's,591.5682891219003,Keep Your Shit The Hardest,0.5670189801804407,Safe + Sound,0.5447013752063671,Real Muthaphuckkin' G's,0.5301975501628156,I Don't Want To Talk About It,0.43531992236237865,Real Muthaphuckkin' G's,0.43038663957766604,From What I Was Told,0.42601918181708237,From What I Was Told,0.5149050984487226,Real Muthaphuckkin' G's,0.5129386683653442,I Don't Want To Talk About It,0.5099434154693455
236,TRIGDUK128E0784045,SOFXFJC12A6310E2F1,ARZ5H0P1187B98A1DD,Snoop Dogg,Bang Out,hip hop,Interlude 5,5629.0,B-Boy Bouillabaisse: A.W.O.L. (2009 Digital Remaster),5095.0,I'm A Winner (Amended Album Version),4948.0,Interlude 5,6.212849999999998,B-Boy Bouillabaisse: A.W.O.L. (2009 Digital Remaster),5.680159374999997,I'm A Winner (Amended Album Version),5.64688124999999,Uzi,0.6536404155780982,Clifton,0.6449039473917947,Ten Toes Tall,0.6448174644826868,Uzi,0.6788064827768119,Ten Toes Tall,0.6691453207971828,Clifton,0.6671982078043007,1st Booty On Duty,579.7554700807658,Overdose (Album Version),511.71913666462603,No Remorse (Album Version),455.3344451025231,1st Booty On Duty,0.559474211129981,Overdose (Album Version),0.42143102187713133,No Remorse (Album Version),0.4022019342159815,1st Booty On Duty,0.3846695080847926,Arrested (Insert) (Explicit),0.36548104046574703,Ho's A Housewife,0.3483077644073594,1st Booty On Duty,0.4470214597882578,Ho's A Housewife,0.4222220645091675,Arrested (Insert) (Explicit),0.41274269742396213
237,TRNVKOI128E0799173,SOIYRHZ12A67AD8126,ARZ5H0P1187B98A1DD,Snoop Dogg,Snoopafella (Edited),hip hop,Interlude 5,15031.0,B-Boy Bouillabaisse: A.W.O.L. (2009 Digital Remaster),13137.0,I'm A Winner (Amended Album Version),11084.0,Interlude 5,17.187950000000022,B-Boy Bouillabaisse: A.W.O.L. (2009 Digital Remaster),15.08253750000001,I'm A Winner (Amended Album Version),12.808824999999997,Goodbye,0.8616027405496952,Act A Fool,0.8607171272163124,B-Boy Bouillabaisse: A.W.O.L. (2009 Digital Remaster),0.8554211356996331,Goodbye,0.8702964194888465,Act A Fool,0.8695694012122461,B-Boy Bouillabaisse: A.W.O.L. (2009 Digital Remaster),0.8650766272567033,B-Boy Bouillabaisse: A.W.O.L. (2009 Digital Remaster),732.9143327058459,Interlude 5,681.0683421470002,Overdose (Album Version),588.43760077673,B-Boy Bouillabaisse: A.W.O.L. (2009 Digital Remaster),0.3729596154494598,Soopaman Luva 3,0.36212135315646754,Mortal City,0.35849881194935834,Bungee,0.3062024388955063,Mortal City,0.29803035727628974,Soopaman Luva 3,0.29518848123331093,B-Boy Bouillabaisse: A.W.O.L. (2009 Digital Remaster),0.4410044249983309,Soopaman Luva 3,0.4375548241144815,Mortal City,0.4361953181647443
238,TRLVRJP128F93519FB,SOOENST12AC9E1344B,ARZYMH91187B99CEFC,Atmosphere,Hair,hip hop,Interlude 5,10509.0,B-Boy Bouillabaisse: A.W.O.L. (2009 Digital Remaster),9207.0,I'm A Winner (Amended Album Version),7901.0,Interlude 5,11.790750000000001,B-Boy Bouillabaisse: A.W.O.L. (2009 Digital Remaster),10.383539062499997,I'm A Winner (Amended Album Version),8.996921875,What's On Your Mind,0.8046953575223272,B-Boy Bouillabaisse: A.W.O.L. (2009 Digital Remaster),0.8001580434449246,Birthday Card,0.7952730121131881,What's On Your Mind,0.818815366805303,B-Boy Bouillabaisse: A.W.O.L. (2009 Digital Remaster),0.8161024490747625,Birthday Card,0.8084758026197649,Interlude 5,616.1442595917335,B-Boy Bouillabaisse: A.W.O.L. (2009 Digital Remaster),560.5686076981954,8 Mile,536.2024520778019,Interlude 5,0.2681705683088611,8 Mile,0.26581762328096376,Slow Motion,0.26086973765544136,She's Famous Now,0.27809567688991393,Caroline (Album Version),0.27569185676332253,I Can Change,0.2720298268672959,Caroline (Album Version),0.3854716359191622,I Can Change,0.3839130484619704,Interlude 5,0.38298134798991784
239,TRBZXAC12903CBB0CE,SOHAYPC12A6D4FB7A7,ARZYMH91187B99CEFC,Atmosphere,Happymess,hip hop,Interlude 5,10649.0,B-Boy Bouillabaisse: A.W.O.L. (2009 Digital Remaster),8009.0,I'm A Winner (Amended Album Version),7264.0,Interlude 5,12.306150000000004,B-Boy Bouillabaisse: A.W.O.L. (2009 Digital Remaster),9.170707812499995,I'm A Winner (Amended Album Version),8.423134375000004,You & I,0.8130814239195991,Bad Mutha,0.8067309259411554,I'm,0.8017325023759193,You & I,0.824366035372372,Bad Mutha,0.8177630584938008,Guitar Playin',0.812877151116447,Interlude 5,458.49763303997685,B-Boy Bouillabaisse: A.W.O.L. (2009 Digital Remaster),360.74062671581675,My Darling,319.805910117849,Interlude 5,0.24049938445384075,Dirty Money,0.20420490197666458,The Right to Write Me Off,0.18645471835077346,The Right to Write Me Off,0.2559006681067229,I Want That,0.2285180982604556,Cry,0.22842208054710056,Interlude 5,0.34728833197465986,The Right to Write Me Off,0.3379200227400892,Birthday Card,0.32053530329972957
240,TRUNSXQ128E078B97D,SOALPQQ12A6701F302,ARN0YZ71187B9BA57B,Michael Bublé,Put Your Head On My Shoulder (Album Version),jazz,Interlude 5,2939.0,Hold Me Down (Album Version),2498.0,That's What You Told Me,2452.0,Interlude 5,3.3195500000000004,Hold Me Down (Album Version),2.9583937499999937,That's What You Told Me,2.9292875000000014,Kiss And Tell,0.6856774468740625,Hypnotize Me,0.677842457560445,Tell Me,0.671843439612541,Kiss And Tell,0.6976633312578044,Hypnotize Me,0.6897901908854601,Tell Me,0.6810213726814099,Interlude 5,148.24382585511935,Indy 500,135.3641633897413,Overdose (Album Version),124.33863924889793,I Can Make It Better,0.10516530751243187,Indy 500,0.10235313245992456,Lollipop,0.10225260238832531,I Can't Stand It,0.2707314808886732,Love Struck,0.2591826205941854,Can't Get Enough Of You,0.2506943831933572,Love Struck,0.30542687421315967,Can't Get Enough Of You,0.2984291328644451,I Can't Stand It,0.29738054296489475
241,TRFUJLG128F4255312,SOELKTY12A8C135CCC,ARN0YZ71187B9BA57B,Michael Bublé,Stuck In The Middle With You (Non-Album Track),jazz,Interlude 5,6146.0,I'm A Winner (Amended Album Version),5387.0,B-Boy Bouillabaisse: A.W.O.L. (2009 Digital Remaster),5357.0,Interlude 5,7.109800000000004,I'm A Winner (Amended Album Version),6.359471875000009,B-Boy Bouillabaisse: A.W.O.L. (2009 Digital Remaster),6.217314062499997,Rotten Apple Pie,0.8300856592954716,Hot Sex,0.8245009501149433,I'm,0.8112845791108266,Rotten Apple Pie,0.837945199176861,Hot Sex,0.8326642603915566,I'm,0.819070083963102,Interlude 5,232.01872798019326,B-Boy Bouillabaisse: A.W.O.L. (2009 Digital Remaster),204.1596877636303,Feva Las Vegas,203.44014884724828,Stuck In The Middle,0.17513566424331287,Feva Las Vegas,0.1709657572135374,When I Die,0.16467663690125472,When I Die,0.3301207615411561,G Up,0.30537559397742753,Stuck In The Middle,0.30105841283705315,When I Die,0.38754610705228576,Stuck In The Middle,0.350071978304412,G Up,0.3480347550559233
242,TRQPMHA128E078B979,SOSHDEL12A6701F300,ARN0YZ71187B9BA57B,Michael Bublé,You'll Never Find Another Love Like Mine (Album Version),jazz,Interlude 5,8846.0,I'm A Winner (Amended Album Version),8012.0,My Darling,6826.0,Interlude 5,10.257099999999998,I'm A Winner (Amended Album Version),9.491912499999994,My Darling,8.042581250000003,When She's Gone,0.7404539621045567,You Are My Destiny,0.725983780899779,Falling Star,0.7248242380419178,When She's Gone,0.7457744617225673,Falling Star,0.7317463099137409,You Are My Destiny,0.7307450668572184,Kozmic Blues,270.8610471287011,Interlude 5,253.18215131773053,Love Is Strange,247.7510659604706,Love Is Strange,0.27743060065416647,Kozmic Blues,0.2619454299595462,Some Of Your Lovin',0.22021371081478935,Love Is Strange,0.42006760210443356,Some Of Your Lovin',0.36599796788556843,Lotta Lovin',0.3531972092230466,Love Is Strange,0.4462807293622054,Some Of Your Lovin',0.39733233213358743,Lotta Lovin',0.3792284557700939
243,TRZPSAF128F9349767,SOLOQYJ12AB0188A53,AR20CFC1187B98A25D,Ray Charles,Kiss me baby,jazz,Hold Me Down (Album Version),2766.0,Interlude 5,2715.0,That's What You Told Me,2651.0,Hold Me Down (Album Version),3.267818749999998,That's What You Told Me,3.156887499999995,Interlude 5,2.984350000000002,All Night Long,0.663384041147377,I'm Looking For A Woman,0.6163158955966399,Late Last Night,0.6136944074496768,All Night Long,0.6717406806374625,I'm Looking For A Woman,0.6271205255021244,Late Last Night,0.6246459926082454,B-Boy Bouillabaisse: A.W.O.L. (2009 Digital Remaster),157.41910180732702,So Ghetto,117.51155860042907,Interlude 5,115.13319182420759,Sit Right Here,0.11718859431753806,How Long Can A Man Be Strong,0.1117396015972581,Don't You Know,0.11167442904375813,Don't You Know,0.337802202628769,Sit Right Here,0.3181673823634794,I'm Looking For A Woman,0.309555390267364,Don't You Know,0.3704057058398399,Sit Right Here,0.35486863509460764,I'm Looking For A Woman,0.3423484893996136
244,TRAEPAC12903CE5DC8,SOELRRQ12AB0188C34,AR20CFC1187B98A25D,Ray Charles,Let's Go,jazz,Interlude 5,4629.0,I'm A Winner (Amended Album Version),4033.0,Hold Me Down (Album Version),3503.0,Interlude 5,5.4596499999999955,I'm A Winner (Amended Album Version),4.827806250000003,Hold Me Down (Album Version),4.227431249999995,Play With Fire,0.83564314886208,You Don't Know Me,0.8186475686719433,You Don't Know Me,0.8173676222289026,Play With Fire,0.8396840181999419,You Don't Know Me,0.8233483257866896,You Don't Know Me,0.8221095552280268,B-Boy Bouillabaisse: A.W.O.L. (2009 Digital Remaster),122.96690931163815,Interlude 5,113.03421836070298,My Darling,108.58727560211658,Beat Again,0.09871762500343531,Ain't No Stopping Us Now,0.09144642418267006,Run The Show,0.0848631592346842,Don't Let Me In,0.3527925374500228,If You Really Love Me,0.3375321963621299,Police The Nation,0.31132240255364224,Don't Let Me In,0.38553598459381144,If You Really Love Me,0.37246481009344756,Beat Again,0.3483956121309202
245,TRMJMVW12903CD44F4,SOZKIGX12D021902C2,AR20CFC1187B98A25D,Ray Charles,Moon Over Miami,jazz,Interlude 5,628.0,It's A Party,436.0,B-Boy Bouillabaisse: A.W.O.L. (2009 Digital Remaster),412.0,Interlude 5,0.6584999999999991,It's A Party,0.4870781250000006,We Gonna Rock,0.45387500000000003,Charmed Life,0.4406129182014991,Heart of a Dragon,0.43689036318517,Lullaby Of Birdland,0.42424669403476245,Charmed Life,0.4655051307245378,Heart of a Dragon,0.45978957318854374,Lullaby Of Birdland,0.45068090520852994,Weak Become Heroes,94.07435492805851,How High The Moon,84.62905631850757,B-Boy Bouillabaisse: A.W.O.L. (2009 Digital Remaster),74.21078124469916,How High The Moon,0.09410610432023057,Weak Become Heroes,0.07988868827277938,Russian Lullaby,0.07031089168028452,How High The Moon,0.3336513628960385,Russian Lullaby,0.307076868767169,The Gift,0.2886151798290675,How High The Moon,0.36000752574789635,Russian Lullaby,0.33026915458004097,Paper Moon,0.2998663782212259
246,TRBXTYM128F930793B,SOAAYTO12D021B0A4B,AREIN101187FB5A5FA,Nat King Cole,Hit That Jive Jack,jazz,Interlude 5,5170.0,B-Boy Bouillabaisse: A.W.O.L. (2009 Digital Remaster),4761.0,Man In The Mirror,4288.0,Interlude 5,5.896699999999997,B-Boy Bouillabaisse: A.W.O.L. (2009 Digital Remaster),5.478084374999998,I'm A Winner (Amended Album Version),4.967731250000015,Sex,0.6503563740723305,Around The Way [Explicit Album Version],0.6478431455711086,The Worst,0.6462460748082353,Sex,0.6640112241959808,Around The Way [Explicit Album Version],0.6616251667757008,The Worst,0.6597749337002387,Do The Bartman,190.48518127640062,She Ain't Afraid,176.54215565240588,Get It How You Live  (Explicit Chopped & Screwed Version),167.90578270448154,Shake 'Em On Down,0.17975213043539362,Indian Dance,0.178283037303872,Do The Bartman,0.1758477333411573,Shake,0.28709508738517847,Big Fat Mama Blues,0.2785439229520725,Shake 'Em On Down,0.27505647778715947,Shake,0.31519848869596817,Indian Dance,0.3059154032334079,Big Fat Mama Blues,0.3031122577165662
247,TRFORZM12903CDF88C,SODTNSX12D021979B9,AREIN101187FB5A5FA,Nat King Cole,The Christmas Song,jazz,Interlude 5,1674.0,B-Boy Bouillabaisse: A.W.O.L. (2009 Digital Remaster),1136.0,Man In The Mirror,944.0,Interlude 5,1.8992999999999969,B-Boy Bouillabaisse: A.W.O.L. (2009 Digital Remaster),1.2584312499999997,Man In The Mirror,1.0143625000000014,The Christmas Song,0.9497017650005115,Just To Get A Rep,0.6086829337448714,Close My Eyes,0.5951070970181489,The Christmas Song,0.9522158241939748,Just To Get A Rep,0.6323971716269889,Close My Eyes,0.6182285620531937,Interlude 5,140.55452283788892,The Christmas Song,119.47036806497668,Close My Eyes,107.62864370853355,The Christmas Song,0.14133188757727722,Interlude 5,0.09039368072738461,Close My Eyes,0.08624894588284773,The Christmas Song,0.9524461849579653,The Colliers,0.2505799852691469,Tell Me Something I Don't Know,0.24309504073505092,The Christmas Song,0.9548660651850563,The Colliers,0.2931903874368352,Tell Me Something I Don't Know,0.2849800875057949
248,TREMJFY12903CF1630,SOMTUNZ12D021B236A,AREIN101187FB5A5FA,Nat King Cole,Too Young,jazz,Interlude 5,1400.0,B-Boy Bouillabaisse: A.W.O.L. (2009 Digital Remaster),806.0,Indy 500,714.0,Interlude 5,1.5199999999999978,B-Boy Bouillabaisse: A.W.O.L. (2009 Digital Remaster),0.8151562500000002,Indy 500,0.7785937500000004,We Are The Young,0.5188348478529498,We Are All In This Together,0.5102111362907643,Save The Humans,0.48157589911254034,We Are The Young,0.5324500101412878,We Are All In This Together,0.5321206915650755,Save The Humans,0.5051737784923711,B-Boy Bouillabaisse: A.W.O.L. (2009 Digital Remaster),137.3838143170771,Interlude 5,133.62233500680802,The Hourglass,124.26658682397971,It's You,0.11029004257132004,Nothing Lasts Forever,0.10170182729654238,Beg For Mercy,0.09447688210037684,It's You,0.3406095821699935,To Be Young_ Gifted And Black (LP Version),0.32689527110034206,My Finest Hour,0.2687071785872281,It's You,0.37034774025990536,To Be Young_ Gifted And Black (LP Version),0.3548767697506141,My Finest Hour,0.3055376381563647
249,TRKBPHV128F92E3B2D,SOBHTSP12D021B0A27,AREIN101187FB5A5FA,Nat King Cole,Unforgettable,jazz,Interlude 5,1899.0,Man In The Mirror,1525.0,Otha Fish,1354.0,Interlude 5,2.152949999999999,Man In The Mirror,1.7169500000000013,Otha Fish,1.57775,Clockwork,0.581924750271035,The Windmills Of Your Mind,0.5657645593341247,That's All (Album Version),0.5631505296369707,Clockwork,0.6016092411518471,The Windmills Of Your Mind,0.5822395834631303,Another Side Of You,0.5797494446083384,Interlude 5,119.68201383766205,My Darling,112.92803816313602,B-Boy Bouillabaisse: A.W.O.L. (2009 Digital Remaster),111.10119720601219,The Traveling Song,0.10054153126140372,It's Not Easy,0.09308749760070865,You Give Good Love,0.08965541033997028,Just Because,0.28597739237570385,The Very Thought Of You,0.2796748748558171,You Give Good Love,0.272076417675231,Just Because,0.3191161754863027,The Very Thought Of You,0.3125682714754412,You Give Good Love,0.3071044801976042
250,TRHYGVQ12903D046A9,SOEPFCI12AC46877AA,AREIN101187FB5A5FA,Nat King Cole,Autumn Leaves,jazz,Interlude 5,1572.0,B-Boy Bouillabaisse: A.W.O.L. (2009 Digital Remaster),1120.0,I'm A Winner (Amended Album Version),1070.0,Interlude 5,1.7487999999999995,B-Boy Bouillabaisse: A.W.O.L. (2009 Digital Remaster),1.2191968750000008,My Darling,1.196415625000001,The Awakening,0.5862140234521419,Meditation,0.5584673794427323,Into The Light,0.5510577888746014,The Awakening,0.6035304042203067,Meditation,0.5788828223712844,Firewater,0.5754381238653518,My Darling,108.4702471385991,B-Boy Bouillabaisse: A.W.O.L. (2009 Digital Remaster),106.83382730569578,Interlude 5,106.25613969983968,Last Transmission,0.07984360058920655,Back Then,0.07510708089594019,Ballad In Plain D,0.07169323484638399,Stay Gold,0.24073851846990796,Evening's Fall,0.22548971156520659,Seasons,0.2227323411071274,Stay Gold,0.2837234156357951,Evening's Fall,0.2727691710732909,All In My Head,0.269477794761316
251,TRWIGSY128F92FE6B6,SOHZWJK12AB017DCF8,AREIN101187FB5A5FA,Nat King Cole,Love Is A Many Splendored Thing,jazz,Interlude 5,1247.0,Man In The Mirror,1090.0,B-Boy Bouillabaisse: A.W.O.L. (2009 Digital Remaster),1004.0,Interlude 5,1.3356499999999971,Man In The Mirror,1.1712281250000023,B-Boy Bouillabaisse: A.W.O.L. (2009 Digital Remaster),1.0684265624999993,That's The Way Love Is,0.5704907538328311,The Rose,0.5683491376103943,Somewhere In My Heart,0.555295220345321,The Rose,0.5853694070049635,That's The Way Love Is,0.5849201282374121,Somewhere In My Heart,0.575161050162068,B-Boy Bouillabaisse: A.W.O.L. (2009 Digital Remaster),134.9727794333725,Curse,108.19392764540055,Closer To You,100.76816140387774,Luv Me Up,0.08354979803390089,One Last Kiss,0.08190730513300906,Time To Make You Mine,0.08019311196384496,Lover,0.2769521679264463,Humdinger,0.25200005267277203,For You,0.24600431825826014,Lover,0.29652649480468934,For You,0.2820733998434845,Holding On To Love,0.27790565008267726
252,TRHEGPE128F9311A85,SOHHACX12AB0181443,AREIN101187FB5A5FA,Nat King Cole,Smoke Gets in Your Eyes,jazz,B-Boy Bouillabaisse: A.W.O.L. (2009 Digital Remaster),1997.0,Interlude 5,1906.0,I'm A Winner (Amended Album Version),1771.0,B-Boy Bouillabaisse: A.W.O.L. (2009 Digital Remaster),2.2635140625000023,Interlude 5,2.104200000000001,I'm A Winner (Amended Album Version),2.031871875000008,Smoke Gets In Your Eyes,0.9598809690955777,I Love Fucking Up,0.6990726697270981,I Love You Honey,0.69410631118436,Smoke Gets In Your Eyes,0.9615489344015546,I Love Fucking Up,0.7078443967508355,I Love You Honey,0.702430049446232,Smoke Gets In Your Eyes,211.53018990585548,Interlude 5,146.15002723542452,My Darling,127.78191235266814,Smoke Gets In Your Eyes,0.2503171728348792,Blowin' Smoke,0.0974920721864155,This Island,0.09731719121972249,Smoke Gets In Your Eyes,0.9445591376504935,Find My Way Back To My Heart,0.25583828808463666,It's A Laugh,0.2516131197409261,Smoke Gets In Your Eyes,0.9473557804305535,Find My Way Back To My Heart,0.3073973886320073,I've Gotta See You Smile,0.2759102154438124
253,TRWZCIQ12903C97881,SOKLXSK12A58A7C3DA,AREIN101187FB5A5FA,Nat King Cole,If You Can't Smile And Say Yes,jazz,Interlude 5,3250.0,Don't You Say No,2375.0,B-Boy Bouillabaisse: A.W.O.L. (2009 Digital Remaster),2150.0,Interlude 5,3.7450999999999994,Don't You Say No,2.8628781250000004,My Darling,2.4669718749999974,Don't You Say No,0.7420650301266755,Don't Say Goodbye,0.6678917888501971,Rap Promoter,0.6469414151461151,Don't You Say No,0.7486364422954158,Don't Say Goodbye,0.6800893517252719,Rap Promoter,0.6610104303769662,Interlude 5,136.58115404504605,Hair,125.90272306384962,Love Was Here,101.35767287499024,Cry Baby,0.10724518050338083,Love Was Here,0.10042459522618939,Hair,0.09728918087006001,Cry Baby,0.31431229544228695,Golden Day,0.28554481479198607,G Up,0.2839524962985469,Cry Baby,0.3496488683673867,G Up,0.3186742712576989,Every Night About This Time,0.31367489186963493
254,TREENNZ128F145B67D,SOALXFE12A6D4F78B0,AREIN101187FB5A5FA,Nat King Cole,She's Funny That Way,jazz,Interlude 5,3712.0,B-Boy Bouillabaisse: A.W.O.L. (2009 Digital Remaster),3221.0,My Darling,3085.0,Interlude 5,4.281199999999997,B-Boy Bouillabaisse: A.W.O.L. (2009 Digital Remaster),3.726193750000001,My Darling,3.63663125,I Don't Love You Much Do I (2007 Remastered LP Version),0.8118769735659337,I Changed My Mind,0.7947174268107952,Club Megamix,0.766260845926835,I Don't Love You Much Do I (2007 Remastered LP Version),0.8169047955167411,I Changed My Mind,0.8020789901428723,Club Megamix,0.7754714430742043,Your Eyes,135.7690022460165,B-Boy Bouillabaisse: A.W.O.L. (2009 Digital Remaster),127.20461998967912,Interlude 5,117.7755631438875,Your Eyes,0.1420719201390225,What You Do To Me,0.10761118728622915,One Kiss From Heaven,0.10477257178042786,What You Do To Me,0.32615906018941915,Miss It So Much,0.3176561977271162,Your Eyes,0.31200961799873406,What You Do To Me,0.3754044664296682,Your Eyes,0.35136353677287796,Never Too Much,0.34473907904164586
255,TRVUYIL128F4275FAD,SOCKFLV12A8C133605,AREIN101187FB5A5FA,Nat King Cole,The Ruby And The Pearl (2003 Digital Remaster),jazz,Interlude 5,2218.0,B-Boy Bouillabaisse: A.W.O.L. (2009 Digital Remaster),1625.0,Expansion Team Theme,1563.0,Interlude 5,2.524100000000003,Expansion Team Theme,1.8627937499999845,B-Boy Bouillabaisse: A.W.O.L. (2009 Digital Remaster),1.82351875,Expansion Team Theme,0.6324604352912784,Phaeton,0.5745397407741621,Into The Light,0.569791543461434,Expansion Team Theme,0.6430775696660427,Phaeton,0.5877345201340949,Into The Light,0.5832268370598154,B-Boy Bouillabaisse: A.W.O.L. (2009 Digital Remaster),89.62135042658404,Love Me Warm And Tender,84.87687021965766,Warm Bed,83.55263095432842,Love Me Warm And Tender,0.09458698485375132,Warm Bed,0.08177878307919832,Summertime,0.07289204499185424,Love Me Warm And Tender,0.3298832048491942,Nighttime Birds,0.32067503063046543,Summertime,0.2664500434812042,Love Me Warm And Tender,0.35571320494710923,Nighttime Birds,0.33750823863195634,Summertime,0.29708746037679234
256,TRHOXSK128F145C9F9,SOLCRAY12A6D4F6095,AREIN101187FB5A5FA,Nat King Cole,The Very Thought Of You,jazz,Interlude 5,3398.0,I'm A Winner (Amended Album Version),2878.0,B-Boy Bouillabaisse: A.W.O.L. (2009 Digital Remaster),2441.0,Interlude 5,3.9369999999999994,I'm A Winner (Amended Album Version),3.394578125000005,New Town,2.8523671875000094,Amazed,0.7350222437746655,Boxcutter Rap,0.7197463586373146,Famous Blue Raincoat,0.708860409524065,Amazed,0.7446471259315678,Boxcutter Rap,0.7308070669318518,Famous Blue Raincoat,0.7208331122794644,B-Boy Bouillabaisse: A.W.O.L. (2009 Digital Remaster),136.87228209839526,Interlude 5,117.61888041043052,The Hourglass,111.74644994799203,We're Going To Live For A Very Long Time (2006 Digital Remaster),0.09795610244554716,A Moment Isn't Very Long,0.09619743380262655,Caruso,0.08993276309361202,A Moment Isn't Very Long,0.2945076669280423,Unforgettable,0.2796748748558159,Meditation,0.2713325733771634,A Moment Isn't Very Long,0.32934179795329754,Meditation,0.3167530251739916,Unforgettable,0.3125682714754412
257,TRETXLU12903CD5688,SOIMSGC12D02198A5A,ARRL2QH1187B9AC814,Bing Crosby,Rudolph The Red-Nosed Reindeer,jazz,Interlude 5,3806.0,I'm A Winner (Amended Album Version),2567.0,B-Boy Bouillabaisse: A.W.O.L. (2009 Digital Remaster),2556.0,Interlude 5,4.3665,I'm A Winner (Amended Album Version),2.953218749999997,B-Boy Bouillabaisse: A.W.O.L. (2009 Digital Remaster),2.8680156249999964,Rudolph The Red Nosed Reindeer,0.758490921489151,All About U,0.7178248063855531,Yours (Live),0.7009285801973577,Rudolph The Red Nosed Reindeer,0.7688021592271441,All About U,0.73169100437109,Yours (Live),0.7139231121911069,B-Boy Bouillabaisse: A.W.O.L. (2009 Digital Remaster),245.95829135656967,Interlude 5,216.99588554358525,The Hourglass,156.40435703612525,Rudolph The Red Nosed Reindeer,0.16008863520085564,B-Boy Bouillabaisse: A.W.O.L. (2009 Digital Remaster),0.15808299381183166,Red Red Wine (Edit),0.1357520266002753,Rudolph The Red Nosed Reindeer,0.5576965726464637,Reeperbahn,0.30741148088968684,He's Frank,0.2986146796749629,Rudolph The Red Nosed Reindeer,0.5818717185198691,Reeperbahn,0.3627531179171238,Red Beans & Rice,0.3401306254319874
258,TRORBTM128F93368FB,SOBEALQ12AB017EC86,ARBJ22B1187B9AD31C,Norah Jones,December,jazz,I'm A Winner (Amended Album Version),2451.0,B-Boy Bouillabaisse: A.W.O.L. (2009 Digital Remaster),2307.0,Interlude 5,2297.0,I'm A Winner (Amended Album Version),2.8713500000000045,B-Boy Bouillabaisse: A.W.O.L. (2009 Digital Remaster),2.637550000000001,Interlude 5,2.57685,When I Fall In Love,0.6581244224660249,When I Get Old,0.6524725067505608,All The Woman (Recorded Live In London '99),0.6520204845866947,When I Fall In Love,0.667356774338222,When I Get Old,0.6613952399697519,All The Woman (Recorded Live In London '99),0.6610822342429592,Take Me Home,101.25688285508971,Closer To You,97.76905275570451,Baby Girl,94.75667440626809,Take Me Home,0.10365375671159778,Wintertime,0.09428769800742591,Don't Need The Sun To Shine (To Make Me Smile),0.08782506904599385,May It Be,0.2801698622683489,Words of Tranquility,0.2786575702953918,I Wish You Love,0.27413506813623556,May It Be,0.3077182050728292,I Wish You Love,0.2997115066124613,Words of Tranquility,0.2985566163011473
259,TRFCNIJ128F423F32E,SOTBYQW12A6D4FE74B,ARBJ22B1187B9AD31C,Norah Jones,Don't Know Why (Live),jazz,B-Boy Bouillabaisse: A.W.O.L. (2009 Digital Remaster),3481.0,Interlude 5,3363.0,I Mean (I Don't Mean It),3249.0,B-Boy Bouillabaisse: A.W.O.L. (2009 Digital Remaster),4.070428125000002,I Mean (I Don't Mean It),3.919128124999999,Everytime I...,3.8923437500000007,I Don't Know Why I Love You,0.7964535510271367,Random I Am (Album Version),0.775460898396144,Freezin In The Cold,0.7678561831880045,I Don't Know Why I Love You,0.8008764409912635,Random I Am (Album Version),0.7808365982363298,Freezin In The Cold,0.7738191946775766,Otha Fish,126.53968304300484,B-Boy Bouillabaisse: A.W.O.L. (2009 Digital Remaster),122.18812075992047,8 Mile,112.08117021352642,Otha Fish,0.10569157256468814,Tell You Something (Nana's Reprise),0.0761444904196735,Cars,0.07560801460884763,Buzz Me,0.2579806357122762,Phantom,0.23730541869053612,Cars,0.2185348041265905,Buzz Me,0.30189602931068865,Phantom,0.2892662515209629,Otha Fish,0.2797792373133624
260,TRYNZAL128F1464B5A,SOPHSDC12B0B8081BB,ARBJ22B1187B9AD31C,Norah Jones,Humble Me,jazz,Interlude 5,5323.0,I'm A Winner (Amended Album Version),5013.0,Hold Me Down (Album Version),4160.0,Interlude 5,6.205250000000002,I'm A Winner (Amended Album Version),5.973140624999992,Hold Me Down (Album Version),4.992203124999997,All About You,0.8165288629506875,All Of Me,0.8117365374398715,Knew It All Along (Acoustic),0.7895723176353723,All About You,0.8221052713222236,All Of Me,0.8171996183834259,Othello,0.7968144145664815,8 Mile,183.7077375810813,Kickin' It With Your Girlfriend,172.412758401551,Interlude 5,166.72040301286108,Kickin' It With Your Girlfriend,0.15134267241366653,Louise,0.12237438086762255,The Joke,0.1215231052798838,Last Fair Deal Gone Down,0.2674904902618304,Saturday Evening Blues,0.2641645321418293,Don't You Know,0.2621536247997934,Saturday Evening Blues,0.3096789950541426,Old Smyrna Road,0.30884315330381895,Don't You Know,0.3072870541344013
261,TRNGOHS128E0781235,SOOVFTG12AF72A4B85,ARBJ22B1187B9AD31C,Norah Jones,I've Got To See You Again,jazz,Interlude 5,3882.0,I'm A Winner (Amended Album Version),3674.0,B-Boy Bouillabaisse: A.W.O.L. (2009 Digital Remaster),3420.0,Interlude 5,4.4776,I'm A Winner (Amended Album Version),4.347490624999999,I Want You,4.044714062499994,Sadness On My Back,0.798060052516612,I'll Never Love Again,0.790499352448743,Everytime I...,0.7705833987088742,Sadness On My Back,0.8042621450617822,I'll Never Love Again,0.79558930609822,Everytime I...,0.7747224262263515,B-Boy Bouillabaisse: A.W.O.L. (2009 Digital Remaster),146.3877787801968,Curse,129.36188249217125,Mainstream,124.82527567456894,Help Me Find A Way To Your Heart,0.1054022576955337,Fire and Heights,0.1029375757227959,Curse,0.09236072022916439,Killing,0.3076404276871592,Better Days,0.3047930233117039,Let's Get Ugly (Album),0.30382698670475355,Killing,0.33587268526217356,Better Days,0.3352845411299019,Down And Dirty,0.3312362815570994
262,TRPPHPQ128F4258FFC,SOOEHBK12A8AE479F1,ARBJ22B1187B9AD31C,Norah Jones,Sinkin' Soon (iTunes Live Session),jazz,Interlude 5,1880.0,We Gonna Rock,1845.0,B-Boy Bouillabaisse: A.W.O.L. (2009 Digital Remaster),1345.0,We Gonna Rock,2.2411750000000037,Interlude 5,2.0349,Hot N Cold (Innerpartysystem Main),1.495804687500006,Static Age,0.6088881546560606,Good Times,0.6052537335027682,We Are Detective,0.6016170377215161,Good Times,0.6187127253648694,Static Age,0.6162911634776579,We Are Detective,0.6137257989065713,B-Boy Bouillabaisse: A.W.O.L. (2009 Digital Remaster),166.74153025094625,Interlude 5,145.75266448082127,She's Gonna Break Soon (Radio Edit) (w/o Horns),143.64399822292896,She's Gonna Break Soon (Radio Edit) (w/o Horns),0.15351153587302965,Trilogy,0.11858221734207905,Soon You'll Understand,0.11851747967648503,You're A Zombie,0.28107095571208635,She's Gonna Break Soon (Radio Edit) (w/o Horns),0.27554515868663604,The Lounge,0.2605191898559327,You're A Zombie,0.3193125281209023,She's Gonna Break Soon (Radio Edit) (w/o Horns),0.3078614110877942,Bar Fight,0.2835832604718127
263,TRSSOKM128F1464B5C,SOQJPKL12A6D4F7D49,ARBJ22B1187B9AD31C,Norah Jones,The Long Way Home,jazz,Interlude 5,3704.0,I'm A Winner (Amended Album Version),3049.0,B-Boy Bouillabaisse: A.W.O.L. (2009 Digital Remaster),2970.0,Interlude 5,4.2182999999999975,I'm A Winner (Amended Album Version),3.5421906249999977,I Want You,3.5149390625000017,Everytime I...,0.717289587211446,Runaway,0.7127018400143107,Broken Vow (Album Version),0.6997727652755005,Runaway,0.7243430639706159,Everytime I...,0.7219462124932764,Breakin Me,0.7132739503730822,Interlude 5,205.47261491174157,B-Boy Bouillabaisse: A.W.O.L. (2009 Digital Remaster),202.21551373077324,Trife Life,168.5510870596286,You Sure Love To Ball,0.11822496649122174,Love Don't Love You (LP Version),0.11330585932982513,Put Your Hands Together,0.11291273595737347,Love Don't Love You (LP Version),0.2762846786369156,You Sure Love To Ball,0.2722962562442338,One More Day,0.27193126625503444,Love Don't Love You (LP Version),0.3375892898787896,You Sure Love To Ball,0.31441920049645516,One More Day,0.30874146751869147
264,TRKMCAV128E0782298,SOGMFQZ12A6310EF6C,ARBJ22B1187B9AD31C,Norah Jones,Those Sweet Words,jazz,Interlude 5,2801.0,I'm A Winner (Amended Album Version),2007.0,B-Boy Bouillabaisse: A.W.O.L. (2009 Digital Remaster),1913.0,Interlude 5,3.193049999999996,I'm A Winner (Amended Album Version),2.3073312499999967,B-Boy Bouillabaisse: A.W.O.L. (2009 Digital Remaster),2.1335093749999965,Get Sick Soon,0.6155402809897483,Call Me (Clean Version),0.6153864168007992,Revenge,0.6130673655147686,Call Me (Clean Version),0.6357729901878229,Baby Phife's Return,0.6312851549806506,Get Sick Soon,0.6291416057782379,Interlude 5,142.5120559172431,B-Boy Bouillabaisse: A.W.O.L. (2009 Digital Remaster),138.28225229629555,Snoopafella (Edited),129.40185098031984,The Magnificent Seven,0.11073294764340266,I Know You Got Soul,0.08808192020576781,Sleigh Ride,0.08764191741780669,Sweet Inspiration,0.2877980330153125,Singing Softly To Me,0.27023065238048577,The Chosen Ones,0.2508772438154129,Sweet Inspiration,0.31841435012220815,Singing Softly To Me,0.3076033083888296,The Chosen Ones,0.2987169523483235
265,TRBQFLA128F423F329,SODUTPQ12A6D4FE737,ARBJ22B1187B9AD31C,Norah Jones,Wish I Could (Live),jazz,Interlude 5,3054.0,B-Boy Bouillabaisse: A.W.O.L. (2009 Digital Remaster),2646.0,I'm A Winner (Amended Album Version),2505.0,Interlude 5,3.4679000000000024,B-Boy Bouillabaisse: A.W.O.L. (2009 Digital Remaster),3.015137500000002,I'm A Winner (Amended Album Version),2.9027749999999997,Keep Moving,0.7117156288452977,Masquerade,0.7107357271370878,Clearer Now,0.7100511528739114,Keep Moving,0.7263399641309348,Clearer Now,0.723416799878318,Masquerade,0.7202896112367141,B-Boy Bouillabaisse: A.W.O.L. (2009 Digital Remaster),191.6192789957735,8 Mile,179.73888872052436,Interlude 5,176.54033853608672,Passin' Me By,0.14991875797974696,Mr Rock & Roll,0.13269038711338765,Mortal City,0.12405583456657775,Swimmer,0.3029241802799008,Mr Rock & Roll,0.2980397701283224,Passin' Me By,0.2846496772030652,Passin' Me By,0.3541483412183478,Mr Rock & Roll,0.34786413212667283,Swimmer,0.34241079581772227
266,TRCLZPO128F427CD3A,SOMMQAC12CF5F86E67,ARBJ22B1187B9AD31C,Norah Jones,My Dear Country,jazz,Interlude 5,4157.0,B-Boy Bouillabaisse: A.W.O.L. (2009 Digital Remaster),3183.0,Splurge,2584.0,Interlude 5,4.777649999999998,B-Boy Bouillabaisse: A.W.O.L. (2009 Digital Remaster),3.6286843749999944,Splurge,3.0215531250000036,B-Boy Bouillabaisse: A.W.O.L. (2009 Digital Remaster),0.711505540254775,The Car Song,0.7065540554632581,Book Of Life,0.7011070232074434,B-Boy Bouillabaisse: A.W.O.L. (2009 Digital Remaster),0.7287728118461179,The Car Song,0.7211970909550356,Dead Homiez,0.7181582639713501,Interlude 5,246.81449631597025,B-Boy Bouillabaisse: A.W.O.L. (2009 Digital Remaster),206.51467145443846,Curse,172.6417119483266,Interlude 5,0.1481747411241609,Silence,0.1339353678065739,Curse,0.11733722204931286,Guilty,0.33706571093760945,Silence,0.27760115131597574,Dragonfly (Album),0.2665303342842359,Guilty,0.3696852347935626,Silence,0.3364244846424355,Let's Kiss and Make Up,0.3112490197769911
267,TRWAPCT128F1494611,SONBELN12AB0184D8F,ARIFGKC1187B9B04D5,Dean Martin,I Love The Way You Say Goodnight,jazz,Interlude 5,5872.0,I'm A Winner (Amended Album Version),5743.0,I Want You,5142.0,I'm A Winner (Amended Album Version),6.85257187499999,Interlude 5,6.840900000000002,I Want You,6.244067187499993,The Way You Move,0.7743663708786931,Dimples,0.7166167545055655,Para-noir,0.7100931428050912,The Way You Move,0.7803755978073242,Dimples,0.7214033419938675,Para-noir,0.7143962708611991,Interlude 5,193.38687228843767,B-Boy Bouillabaisse: A.W.O.L. (2009 Digital Remaster),189.85361489939118,Hair,161.79529804817003,Man In The Mirror,0.12498694807535081,Hair,0.12051578835673052,Interlude 5,0.10664594332931833,It's a Pity to Say Goodnight,0.31315778521945925,Cousin Dupree,0.2643768793385394,It's Never Too Late,0.25904592320331876,It's a Pity to Say Goodnight,0.3422549526618198,Cousin Dupree,0.3200169905892391,It's Never Too Late,0.29687398631702133
268,TRNBZVW128F92EE688,SOANWBV12AB0184B24,ARIFGKC1187B9B04D5,Dean Martin,White Christmas,jazz,B-Boy Bouillabaisse: A.W.O.L. (2009 Digital Remaster),1466.0,8 Mile,1291.0,I'm A Winner (Amended Album Version),1271.0,B-Boy Bouillabaisse: A.W.O.L. (2009 Digital Remaster),1.5882234374999988,8 Mile,1.4294015624999998,I'm A Winner (Amended Album Version),1.3978531249999993,When Will I See Your Face Again,0.5305304833555632,When I Lay My Burden Down,0.5209252966392623,At The End Of The Sky,0.5134859791978874,When Will I See Your Face Again,0.5511063866647862,At The End Of The Sky,0.5370846194594372,When I Lay My Burden Down,0.528870346493555,Yakamonéyé,393.32651410806966,Sans Rémission,385.856464269451,Panam All Star,371.5723573643205,Yakamonéyé,0.422715737158773,Sans Rémission,0.41184682149213875,L'Amour Du Risque,0.39075352914567135,Sur Le Fil,0.5104279133401031,Le Rêve Des Filles,0.4557673172788857,Thérapie De Groupe,0.4432748850680529,Sur Le Fil,0.5266704615144867,Le Rêve Des Filles,0.48001168510292447,Thérapie De Groupe,0.46416970778075
269,TRHZOEX128F93588AB,SOEXXLQ12A58A7A0CD,ARIFGKC1187B9B04D5,Dean Martin,Memories Are Made Of This,jazz,One of Us,1301.0,Interlude 5,1254.0,One Tribe,1110.0,One of Us,1.495531250000006,Interlude 5,1.3512999999999993,One Tribe,1.3034875,Highlight Of My Life,0.5289641868382992,Conviction Of The Heart,0.5134151418280409,Requiem for a Soldier (Band of Brothers),0.5072810957841226,Highlight Of My Life,0.54007117964669,Conviction Of The Heart,0.5344556251986885,Requiem for a Soldier (Band of Brothers),0.526420330777086,B-Boy Bouillabaisse: A.W.O.L. (2009 Digital Remaster),131.7131543774416,Manhattan,112.81487606238113,Interlude 5,112.15892619672279,Back Then,0.11448007142712292,Manhattan,0.10400699878884087,One Man Drinking Games,0.08598000684283352,Back Then,0.2955054273349765,Fell in Love Without You (Cd),0.27490752591393747,I Can't Stand the Rain,0.2569966601477254,Back Then,0.33569434830930023,Fell in Love Without You (Cd),0.30615134610983813,I Can't Stand the Rain,0.2883951067603858
270,TREOPOB128F427CD42,SOBWFAI12D021B3991,ARBJ22B1187B9AD31C,Norah Jones,Little Room,jazz,Interlude 5,2258.0,B-Boy Bouillabaisse: A.W.O.L. (2009 Digital Remaster),1667.0,Otha Fish,1444.0,Interlude 5,2.505100000000001,B-Boy Bouillabaisse: A.W.O.L. (2009 Digital Remaster),1.8183156249999994,Otha Fish,1.6400468750000021,Flow On (Move Me No Mountain),0.6016500807007973,My Elusive Dreams,0.5995306711101378,Kinky Sex Makes the World Go 'Round,0.5988710560468398,Flow On (Move Me No Mountain),0.6294858390015771,Kinky Sex Makes the World Go 'Round,0.6264482454202317,My Elusive Dreams,0.6198494574872324,Interlude 5,215.98852038262933,B-Boy Bouillabaisse: A.W.O.L. (2009 Digital Remaster),172.88377437962927,Mortal City,154.55402659078177,Interlude 5,0.13002172797159198,Disgusted,0.11750679097406587,Mortal City,0.11534948726722517,Disgusted,0.2642336899539584,The Hunter,0.2517365651291363,New York Mining Disaster 1941,0.24534645215647555,Disgusted,0.31023028060075586,The Hunter,0.29426016100888863,Academy Fight Song,0.2871102010404737
271,TRELLQK128F147AD94,SOPTTXR12A58A782BB,ARO7DTP1187B9A1D2B,The Puppini Sisters,Bei Mir Bist Du Schön,jazz,Interlude 5,4951.0,I'm A Winner (Amended Album Version),3945.0,My Darling,3365.0,Interlude 5,5.77475,I'm A Winner (Amended Album Version),4.660687499999997,My Darling,3.9528437500000018,Tell Me (Acoustic),0.7321694762737689,When You Say You Love Me (Album Version),0.7236170512759962,Like The Sun,0.722730907359767,Tell Me (Acoustic),0.7428970589282737,When You Say You Love Me (Album Version),0.7337352353811268,Like The Sun,0.7309337625427584,Interlude 5,222.51776441768874,Mein Testament,200.389155489715,Du hast geguckt,195.46602170540726,Du hast geguckt,0.21709095341693757,Es geht mir gut,0.21063998051678556,Trösten,0.20154881445044517,Elefanter,0.3502123820604099,Lieber einen paffen,0.29897728832522247,Es geht mir gut,0.29532094881563453,Elefanter,0.3531055869911582,Lieber einen paffen,0.32060135787154753,Es geht mir gut,0.3174653808824232
272,TRMOHUN128F424DEE6,SOCIAUG12A8C130F7F,ARO7DTP1187B9A1D2B,The Puppini Sisters,Don't Sit Under The Apple Tree,jazz,Hold Me Down (Album Version),2902.0,Interlude 5,2801.0,Splurge,2711.0,Hold Me Down (Album Version),3.3941281249999973,Splurge,3.137926562500003,Interlude 5,2.9975499999999977,(You Were Made) Especially For Me,0.5731968342305611,I Don't Want To Hang Out With Me (LP Version),0.5225871791334086,Don't You Ever,0.5109093149837735,(You Were Made) Especially For Me,0.5850156522938843,I Don't Want To Hang Out With Me (LP Version),0.5386758590549793,Don't You Ever,0.5241248337542679,(You Were Made) Especially For Me,201.39091191071603,Where Does The Time Go?,175.2062733707612,Anyone Who Knows What Love Is (Will Understand),159.75715016531444,(You Were Made) Especially For Me,0.23179015293386096,Where Does The Time Go?,0.18665564438557336,Anyone Who Knows What Love Is (Will Understand),0.18262406547621768,(You Were Made) Especially For Me,0.40096835341193254,Anyone Who Knows What Love Is (Will Understand),0.36775702609872424,In Love In Vain,0.2910541937533921,(You Were Made) Especially For Me,0.4209489384911443,Anyone Who Knows What Love Is (Will Understand),0.3887684890659625,In Love In Vain,0.31645342151105915
273,TRSPEPD128F147AD9A,SOCFSHN12A6D4F73B2,ARO7DTP1187B9A1D2B,The Puppini Sisters,Falling In Love Again,jazz,Interlude 5,5940.0,I'm A Winner (Amended Album Version),5442.0,B-Boy Bouillabaisse: A.W.O.L. (2009 Digital Remaster),5336.0,Interlude 5,6.735000000000022,I'm A Winner (Amended Album Version),6.351562500000007,B-Boy Bouillabaisse: A.W.O.L. (2009 Digital Remaster),6.0929687499999705,Falling In Love Again,0.9470702331417158,When I Fall In Love,0.7184179703506497,Lovebite,0.697289552628684,Falling In Love Again,0.9492431078620265,When I Fall In Love,0.7272569055470027,Lovebite,0.710505587422134,Falling In Love Again,336.2886964769409,B-Boy Bouillabaisse: A.W.O.L. (2009 Digital Remaster),205.08739534103663,Interlude 5,200.75550217832293,Falling In Love Again,0.38731201531199383,If I Had,0.1661064359309962,Never Gonna Fall,0.16148861648439403,Falling In Love Again,0.9012429144252417,I'm So Glad,0.33749909278868234,Never Gonna Fall,0.3248373440209324,Falling In Love Again,0.9081565629861232,Never Gonna Fall,0.3637861808791981,Taking A Chance On Love,0.36122355995438854
274,TRAQUUU128F147A689,SOEYNMS12A6D4F7BC8,ARO7DTP1187B9A1D2B,The Puppini Sisters,Heebie Jeebies,jazz,Interlude 5,4460.0,B-Boy Bouillabaisse: A.W.O.L. (2009 Digital Remaster),4131.0,I Mean (I Don't Mean It),3401.0,Interlude 5,4.9954,B-Boy Bouillabaisse: A.W.O.L. (2009 Digital Remaster),4.679043750000007,I Want You,4.034481249999988,In the Journey,0.6104990450017918,Lovesick Blues,0.5968034687099669,I Don't Want To Talk About It,0.5903405507934966,In the Journey,0.6276703600726269,Lovesick Blues,0.6120088147723041,I Don't Want To Talk About It,0.607916504603817,Interlude 5,228.31889178298928,Do The Bartman,210.44765214675022,The Dance,208.84595827326342,I Wanna Dance With You,0.2070419924220242,Do The Bartman,0.1716346804220865,Your Song,0.16667802342026977,Shall We Dance,0.35880112371676176,I Wanna Dance With You,0.3555702300027659,Dance Me,0.3532927968277306,I Wanna Dance With You,0.39507451894654105,Shall We Dance,0.38811355749478665,Dance Me,0.3586338059456363
275,TREIANS128F147AD97,SOLJYMK12A6D4F73B0,ARO7DTP1187B9A1D2B,The Puppini Sisters,I Will Survive,jazz,Interlude 5,9817.0,B-Boy Bouillabaisse: A.W.O.L. (2009 Digital Remaster),8300.0,I'm A Winner (Amended Album Version),7863.0,Interlude 5,11.33284999999999,B-Boy Bouillabaisse: A.W.O.L. (2009 Digital Remaster),9.59023749999999,I'm A Winner (Amended Album Version),9.215474999999989,Overcome,0.8340307808301424,Everytime I...,0.831402544872025,I Still Love You,0.8165544081743612,Overcome,0.8400588906766766,Everytime I...,0.8329673339203951,I Still Love You,0.822059213363587,Interlude 5,402.8011412966415,B-Boy Bouillabaisse: A.W.O.L. (2009 Digital Remaster),351.52285313465137,The Illest Brother,270.64981066403607,Interlude 5,0.22194601556134516,The Illest Brother,0.182784414184241,Overcome,0.1653492023855933,She Thinks,0.2825376449051469,Forever Ain't That Long Anymore,0.2759234788262757,I Won't Love You Anymore (Sorry),0.26543396984230017,She Thinks,0.35371509841981047,Forever Ain't That Long Anymore,0.337578016271736,The Illest Brother,0.33332870019572775
276,TRPWTNZ128F147AD9F,SOOTOZG12A6D4F73B5,ARO7DTP1187B9A1D2B,The Puppini Sisters,In The Mood,jazz,Interlude 5,4859.0,B-Boy Bouillabaisse: A.W.O.L. (2009 Digital Remaster),4484.0,I'm A Winner (Amended Album Version),3974.0,Interlude 5,5.455050000000003,B-Boy Bouillabaisse: A.W.O.L. (2009 Digital Remaster),5.087595312499994,I'm A Winner (Amended Album Version),4.563159375000005,Pack The Pipe,0.7134905705740054,Keep Moving,0.7087992799811664,I Was There When It Happened,0.702594875557308,Pack The Pipe,0.7295200646140947,Keep Moving,0.7242958708268249,I Was There When It Happened,0.7147628554624083,Interlude 5,267.43634462094934,B-Boy Bouillabaisse: A.W.O.L. (2009 Digital Remaster),226.37092833747036,Vapors,206.15217742575595,That's What You Told Me,0.1690708629856862,Shock Dat Monkey,0.16901424050229635,Don't Mess With My Man (Extended),0.15461517741009953,The Cobbler,0.27791637170949685,Who Is He? (And What Is He To You?),0.2682750665981948,I Call Him Love,0.25171817276177727,The Cobbler,0.31602390132826447,Who Is He? (And What Is He To You?),0.31241102864909015,Skid row Joe,0.3053326303488863
277,TRNDNKN12903CC8A4C,SOQIBZY12AB018A208,ARIFGKC1187B9B04D5,Dean Martin,Kiss,jazz,Interlude 5,7297.0,I'm A Winner (Amended Album Version),6537.0,B-Boy Bouillabaisse: A.W.O.L. (2009 Digital Remaster),5055.0,Interlude 5,8.304750000000002,I'm A Winner (Amended Album Version),7.6376406249999915,I Want You,5.847414062499979,Memorial Day,0.6346792930812675,You Never Knew,0.6343210900648842,4 Seasons Of Loneliness,0.6301752570827562,You Never Knew,0.6545102826679078,Memorial Day,0.6542646757730994,4 Seasons Of Loneliness,0.6486180987691934,Interlude 5,371.76248399747124,Kickin' It With Your Girlfriend,281.07472377394765,B-Boy Bouillabaisse: A.W.O.L. (2009 Digital Remaster),264.7038836389468,Kickin' It With Your Girlfriend,0.25746640986995606,Interlude 5,0.22511393975252333,Jim,0.20201863390558203,La Prima Volta (First Time Ever I Saw Your Face),0.33060463693782643,Kickin' It With Your Girlfriend,0.2937074690888692,Electric Lady,0.28011665325800766,La Prima Volta (First Time Ever I Saw Your Face),0.3714665292725678,Kickin' It With Your Girlfriend,0.3615699065059029,Electric Lady,0.3545377440867611
278,TRJALGV12903D0447E,SOOCHTW12AC468DF40,ARIFGKC1187B9B04D5,Dean Martin,Let Me Go Lover,jazz,Hold Me Down (Album Version),3082.0,That's What You Told Me,3028.0,Interlude 5,2730.0,Hold Me Down (Album Version),3.723559375000005,That's What You Told Me,3.6783687500000046,Interlude 5,3.1342000000000017,Let Me Be Me,0.7092907173481264,Peel Me A Grape,0.6742289584287275,He Loves Me (Lyzel In E Flat),0.6686578626280469,Let Me Be Me,0.7153791078828564,Peel Me A Grape,0.6791598801046382,He Loves Me (Lyzel In E Flat),0.6737487430261436,Interlude 5,109.10501663112953,B-Boy Bouillabaisse: A.W.O.L. (2009 Digital Remaster),106.67863873036687,The Lover In Me,97.4900316007347,The Lover In Me,0.10528428104702303,Cupid/I've Loved You For A Long Time (Remastered Single Version),0.10212994190563388,Clone Your Lover,0.09830112605485838,Clone Your Lover,0.386653095921494,The Climbing Rose,0.34576418212831206,My Only Lover,0.33990997346302315,Clone Your Lover,0.4049181566717205,The Climbing Rose,0.36750114544241286,My Only Lover,0.3629435727482471
279,TRPQFJA128F145AC60,SOLLBAY12AF72A5F48,ARIFGKC1187B9B04D5,Dean Martin,On An Evening In Roma (Sott'er Celo De Roma),jazz,Interlude 5,1799.0,B-Boy Bouillabaisse: A.W.O.L. (2009 Digital Remaster),1739.0,Otha Fish,1620.0,Interlude 5,1.9336499999999963,B-Boy Bouillabaisse: A.W.O.L. (2009 Digital Remaster),1.9102390624999968,Otha Fish,1.8612421875000025,Paint or Pollen,0.5587097113554502,Vita Mia,0.514087596213881,Never Touch That Switch (Dark Horse Dub Mix),0.4983953253079338,Paint or Pollen,0.5792850446739107,Vita Mia,0.5339097178395226,Never Touch That Switch (Dark Horse Dub Mix),0.5186392549293459,Sinan Capudan Pascià,173.2671674070346,Istruzioni Per L'(Ill)uso,170.42372935050435,E Chiove,165.51420187725904,Sinan Capudan Pascià,0.18301333159866065,Istruzioni Per L'(Ill)uso,0.1830101979127897,L'uomo vivo (inno al gioia),0.17573853832737085,Canto La Vita,0.417399148298121,Libero liberi libera,0.3810125481575674,Una Canzone Arresa,0.37472921520330815,Canto La Vita,0.42530006731416586,Libero liberi libera,0.3981447168868385,Una Canzone Arresa,0.3933621552548301
280,TRHBSKB128E07924CB,SOOEYBB12D021B0EAA,ARDCFNZ1187FB3DDB0,Enrique Iglesias,No Puedo Mas Sin Ti (I'm Your Man),latin,Dale tiempo al rumor,3303.0,Desde Que No Estas,2942.0,Al Natural (Amended Version),2858.0,Dale tiempo al rumor,3.9584296875000096,Desde Que No Estas,3.598554687499993,Al Natural (Amended Version),3.4569375000000058,Desde Que No Estas,0.808002464230952,Precisamente Ahora,0.8019008589757488,Algo Mas,0.7741649003149421,Desde Que No Estas,0.8113457523147225,Precisamente Ahora,0.8053881780570903,Algo Mas,0.7780688835356941,Dale tiempo al rumor,653.068705187495,Cantando,631.9307890801298,Entra,584.170423447903,Dale tiempo al rumor,0.7421473172916332,Cantando,0.7176347690627009,Entra,0.6800607171318426,Y Aqui Estoy,0.6924078293239219,Amame,0.6840645305424506,Te Extrano,0.6392266320320747,Y Aqui Estoy,0.7017821726387734,Amame,0.6947394440573373,Te Extrano,0.6516919550156204
281,TRBSLQC128F9333C5D,SOIOBWT12A8C14075B,AR6PJ8R1187FB5AD70,Shakira,En Tus Pupilas,latin,Dale tiempo al rumor,2333.0,Cantando,1857.0,Lloré Lloré,1581.0,Dale tiempo al rumor,2.8021750000000067,Cantando,2.2206749999999973,Lloré Lloré,1.9164000000000028,Amor de Tele,0.7956835901251083,Yo se que,0.7943806874760491,El ectoplasta,0.7616778937207516,Amor de Tele,0.7998713666928152,Yo se que,0.798463415818205,El ectoplasta,0.768230608501723,Dale tiempo al rumor,559.9514344721199,Cantando,516.0634078317853,La ciudad nunca duerme,477.2309784662757,Dale tiempo al rumor,0.6247114226175684,Cantando,0.5717879912338482,Pretendo Hablarte,0.5362090125838087,Quisiera,0.5647559937441861,Desire,0.5556290997237225,Te Propongo,0.5475046396925338,Quisiera,0.5806817989316969,Desire,0.5722922006571776,Celos,0.5655323509964537
282,TRGJXTC128F4278ECC,SONTHAL12A8C135908,AR6PJ8R1187FB5AD70,Shakira,Que Me Quedes Tu,latin,Dale tiempo al rumor,2618.0,Cantando,2117.0,Al Natural (Amended Version),1872.0,Dale tiempo al rumor,3.1608015624999974,Cantando,2.547770312500003,Al Natural (Amended Version),2.2642124999999975,No Hay Manera,0.8060476255479457,Amor De Siempre,0.7917874176935346,Grito Latino,0.7907285289466222,No Hay Manera,0.8097341995030434,Amor De Siempre,0.7957888817872214,Grito Latino,0.7945766632425001,Dale tiempo al rumor,613.4900258830596,Cantando,565.0241588028721,La ciudad nunca duerme,532.9770133940896,Dale tiempo al rumor,0.7071264124414802,Cantando,0.648081874139511,La ciudad nunca duerme,0.6156667648401222,No Paseis Por Alto A Los Genios,0.6631125907563216,Pregon Para Iluminarse,0.6502098027639164,Después De Ti,0.6267547291218865,No Paseis Por Alto A Los Genios,0.6754144487201396,Pregon Para Iluminarse,0.6599215533437215,Después De Ti,0.6387425998598528
283,TRQEQHH12903CA6CE5,SODBAHE12A8C132D34,AR6PJ8R1187FB5AD70,Shakira,Sombra De Ti,latin,Dale tiempo al rumor,3176.0,El Negro Está Cocinando,2689.0,Lloré Lloré,2671.0,Dale tiempo al rumor,3.817107812500002,El Negro Está Cocinando,3.275304687500009,Lloré Lloré,3.258534374999998,Ahora Que Te Vas,0.8040094511710666,Precisamente Ahora,0.8013854914793822,Cosas Que Nunca Te Dije,0.7986021527921368,Ahora Que Te Vas,0.8069001678014539,Precisamente Ahora,0.8048195108405131,Cosas Que Nunca Te Dije,0.8022013139991617,Dale tiempo al rumor,653.7299967133686,Todos Quieren A Raymond,602.4075495353924,Cantando,585.8106407026463,Dale tiempo al rumor,0.7365147909032843,Todos Quieren A Raymond,0.6774552510320264,Cantando,0.6536917213880042,No Te Vayas,0.6814284706922091,Quien No Ha Dicho Una Mentira,0.6717903022509121,Tu Pa Mi,0.6260996681652521,No Te Vayas,0.6924265393682871,Quien No Ha Dicho Una Mentira,0.6846491784216401,Tu Pa Mi,0.6405520044617258
284,TRXMTST12903CCD9E1,SOPVLJP12A8C1358F4,AR6PJ8R1187FB5AD70,Shakira,Te Dejo Madrid,latin,Dale tiempo al rumor,1910.0,Cantando,1524.0,Yakamonéyé,1327.0,Dale tiempo al rumor,2.2884765625000076,Cantando,1.8176953125000028,Sans Rémission,1.567539062499999,Mujer Calavera,0.7802429872353585,Basta De Ti,0.7617791144494526,Miedo,0.753662788741306,Mujer Calavera,0.7852584688314189,Basta De Ti,0.7665407811673396,Miedo,0.7589095832130647,Cantando,557.8329980450914,Pretendo Hablarte,514.948215722667,Todos Quieren A Raymond,488.0113072379495,Cantando,0.6314757098113912,Pretendo Hablarte,0.6012701737282635,Amor Mio No Te Vayas,0.5505644790153379,Suavemente,0.6629825712352947,Amor Mio No Te Vayas,0.6623525617907154,Quiero,0.6513864493830908,Amor Mio No Te Vayas,0.6752684264573231,Suavemente,0.6735461987718505,Quiero,0.6632043856193671
285,TRAQEOP12903CA65E2,SONPFMD12AB017C1B3,AR6PJ8R1187FB5AD70,Shakira,Tú,latin,Dale tiempo al rumor,1271.0,Cantando,1038.0,Como Y Vete,939.0,Dale tiempo al rumor,1.5190375,Cantando,1.2360375000000023,Como Y Vete,1.1198499999999991,19 De Noviembre,0.8326576699948254,Tierra Sin Sol,0.8144911071773255,Entre Tus Alas,0.7858011861848845,19 De Noviembre,0.8362489262818654,Tierra Sin Sol,0.8188561345120972,Entre Tus Alas,0.7903073371354952,Dale tiempo al rumor,465.0835469896919,Cantando,432.0265049664385,La ciudad nunca duerme,420.6751634803906,Dale tiempo al rumor,0.5263500518068167,Cantando,0.48644473501287067,La ciudad nunca duerme,0.4792939083310799,19 De Noviembre,0.6891727606286893,Sin Conocerte,0.6719805154396636,Ni Te Llamo Ni Te Busco,0.6503599707741448,19 De Noviembre,0.6999615367476244,Sin Conocerte,0.6865415217265854,Amame,0.6623917883948305
286,TRSRORJ128E0791C74,SOMBFMU12A670214E6,ARDCFNZ1187FB3DDB0,Enrique Iglesias,La Chica De Ayer,latin,Move On,1407.0,Horse With No Name,1343.0,Dale tiempo al rumor,1222.0,Move On,1.7076250000000015,Horse With No Name,1.6327499999999986,Dale tiempo al rumor,1.4641250000000001,Miserable,0.7618343590442104,Abarajame,0.7464535973621088,Tu Eres Mi Luz,0.7432646076794819,Miserable,0.7668571851736232,Abarajame,0.752991291300014,Tu Eres Mi Luz,0.7472755860636138,Dale tiempo al rumor,441.89746345117857,Cantando,387.37417067738005,Quien Me Iba A Decir,368.36810196899245,Dale tiempo al rumor,0.5057475143688763,Cantando,0.4387936548640284,Quien Me Iba A Decir,0.43320822867879544,Eres,0.6198634849108635,Magia De Amor,0.612355102838372,Lágrimas De Miel,0.6119070219565087,Eres,0.6322514615168906,Magia De Amor,0.6231420141522384,Lágrimas De Miel,0.6224459282742608
287,TRYDDZE128F92F3B79,SOFBLLI12A58A7D19C,ARDCFNZ1187FB3DDB0,Enrique Iglesias,Adicto,latin,Dale tiempo al rumor,1983.0,Cantando,1710.0,Lloré Lloré,1406.0,Dale tiempo al rumor,2.3765578125000038,Cantando,2.0474015624999966,Lloré Lloré,1.7038843749999981,Obsesion (English Remix_ Album Version),0.7900829710289109,Cartita de amor,0.7836564000730688,Animal Nocturno,0.7802368295158609,Obsesion (English Remix_ Album Version),0.796114779262946,Cartita de amor,0.7890451967444105,Animal Nocturno,0.7856641174982398,Cantando,596.42351396081,Dale tiempo al rumor,582.2547896996789,Todos Quieren A Raymond,523.1188374783527,Cantando,0.6737702817048682,Dale tiempo al rumor,0.6541632592263079,Todos Quieren A Raymond,0.5848952096669136,Giros,0.6606591275599074,Como La Primera Vez,0.6371207169393872,Obsesion (English Remix_ Album Version),0.6312853416833483,Giros,0.6724019377162346,Como La Primera Vez,0.6516504705102008,Obsesion (English Remix_ Album Version),0.6489083663155616
288,TREGBAS128F145EC8B,SOERVFF12A6D4F790F,ARDCFNZ1187FB3DDB0,Enrique Iglesias,Al Despertar,latin,Lloré Lloré,1633.0,Dale tiempo al rumor,1622.0,Cantando,1550.0,Lloré Lloré,1.9942843750000032,Dale tiempo al rumor,1.937982812500001,Cantando,1.8585765625000028,La Coqueta,0.8003101559540561,Te Extrano,0.793271575620901,Buscándote,0.7922491929960733,La Coqueta,0.8048735205818199,Te Extrano,0.7977568423979617,Buscándote,0.7971076508349461,Dale tiempo al rumor,513.8795136324836,Cantando,496.8285510707191,Todos Quieren A Raymond,469.5535559152033,Dale tiempo al rumor,0.5877148585945627,Cantando,0.5678076200646214,Todos Quieren A Raymond,0.5357579999021925,Es Por Ti,0.6451261608532717,La Coqueta,0.6421706129433192,Te Necesito,0.6269854773034985,Es Por Ti,0.6578551361465543,La Coqueta,0.6544101259840045,Te Necesito,0.6403206781469309
289,TRXQFEE128F145EC9A,SOJXCPV12A6D4F791D,ARDCFNZ1187FB3DDB0,Enrique Iglesias,Alguien Como Tú,latin,Dale tiempo al rumor,1636.0,Cantando,1433.0,Lloré Lloré,1349.0,Dale tiempo al rumor,1.9483531249999968,Cantando,1.706040625000002,Lloré Lloré,1.6355437499999974,Amor De Siempre,0.6958311274118822,Buscándote,0.6842191821484787,No Sabes Cuanto Te Quiero,0.6628624488217081,Amor De Siempre,0.7020804367392917,Buscándote,0.6912959317893964,No Sabes Cuanto Te Quiero,0.6706164254888761,Gitana,477.39783476437367,Dale tiempo al rumor,474.4881401951478,Cantando,466.05103033814294,Gitana,0.5533491434325657,Dale tiempo al rumor,0.536670166349197,Cantando,0.5275767223150105,Como Yo,0.5960682529795737,Desde mi cielo,0.5853540844379929,Virgen De Riña,0.583215416934722,Como Yo,0.6074127048750652,Desde mi cielo,0.5995042988745182,Virgen De Riña,0.5942338765420896
290,TRZGBAF128F145ECA8,SOFAZCL12A58A79B38,ARDCFNZ1187FB3DDB0,Enrique Iglesias,Inalcanzable,latin,Dale tiempo al rumor,945.0,Cantando,748.0,Hold Me Down (Album Version),718.0,Dale tiempo al rumor,1.1257968750000038,Cantando,0.8861093750000022,Heerlijk,0.8472187500000022,Vete De Mi,0.7206354216899146,Tu Me Acostumbraste,0.6843908463124455,Lloro Por Ti,0.6764084466404475,Vete De Mi,0.725253641400674,Tu Me Acostumbraste,0.6892827735923821,Lloro Por Ti,0.681798255414245,Dale tiempo al rumor,368.4251541579082,Cantando,336.2623122245224,Todos Quieren A Raymond,309.5293094068842,Dale tiempo al rumor,0.4235512692427422,Cantando,0.38429970276343056,Todos Quieren A Raymond,0.35226704396164416,Cosas Imposibles,0.5727248891646681,Una Flor En El Desierto,0.5721245144670895,Adicto,0.5577129660615001,Una Flor En El Desierto,0.5829532100580482,Cosas Imposibles,0.5821276762865142,Adicto,0.5701178800382924
291,TRUQGGJ128F427E02B,SOOHKUS12A8C13AB12,ARDCFNZ1187FB3DDB0,Enrique Iglesias,Lloro Por Ti,latin,Dale tiempo al rumor,2870.0,Cantando,2305.0,Lloré Lloré,1816.0,Dale tiempo al rumor,3.443321875000007,Cantando,2.754134374999994,Lloré Lloré,2.1943562499999962,Vete De Mi,0.807003836707673,Fui,0.7716727929981959,Por Ti Seré (You Raise Me Up),0.756532466596911,Vete De Mi,0.8111340524279981,Fui,0.7766371888415745,Por Ti Seré (You Raise Me Up),0.7606448332307226,Dale tiempo al rumor,640.0130267626988,Todos Quieren A Raymond,613.5025668064668,Gitana,602.6956828227122,Dale tiempo al rumor,0.7267561072635447,Todos Quieren A Raymond,0.6982449725000563,Gitana,0.6970380015451247,Amor de Tele,0.6764560627698807,De Oro,0.6755204085118577,Mujer Calavera,0.6580741153541698,De Oro,0.6869241022781765,Amor de Tele,0.6867212848594235,Mujer Calavera,0.6708682614746574
292,TRDEKRZ128E0791C7A,SOCPKAV12A670214EC,ARDCFNZ1187FB3DDB0,Enrique Iglesias,Mamacita,latin,Dale tiempo al rumor,1694.0,Cantando,1623.0,El Negro Está Cocinando,1450.0,Dale tiempo al rumor,2.0248140624999955,Cantando,1.947032812499996,El Negro Está Cocinando,1.7603984375000041,Sueño,0.7936686321381304,Guaracha,0.7745757406709293,La Quejosa,0.7723260289125787,Sueño,0.7983060717671225,Guaracha,0.781184766205748,La Quejosa,0.7779809488814922,Cantando,556.6558290774824,Dale tiempo al rumor,523.3039219885742,El Semáforo,469.1605946515338,Cantando,0.6347437866055486,Dale tiempo al rumor,0.5914400693302352,El Semáforo,0.5422101443832255,El ectoplasta,0.6222484293748546,Vuelve Conmigo,0.6208946174224612,Buena Vista Social Club,0.6180435538211005,El ectoplasta,0.6370280155657483,Buena Vista Social Club,0.6342197512876278,Vuelve Conmigo,0.6328223184113305
293,TRFFSMS128F428BC88,SOEMVNF12A8C13C53A,ARDCFNZ1187FB3DDB0,Enrique Iglesias,Miss You,latin,Interlude 5,13632.0,I'm A Winner (Amended Album Version),12008.0,I Want You,10887.0,Interlude 5,15.947499999999975,I'm A Winner (Amended Album Version),14.296015624999995,I Want You,13.20722656249996,The Girls In Their Summer Dresses,0.7702333765360799,Breakaway,0.7515335449623122,Never Do It Again,0.7285545036093015,The Girls In Their Summer Dresses,0.7737294430604407,Breakaway,0.7550425327997425,Never Do It Again,0.7335975568454328,Interlude 5,237.97554019213982,8 Mile,213.00758723246184,I Love U In Me ( LP Version),207.88225720824903,Miss Ann,0.2096970489393014,You'll Never Find Another Love Like Mine (Album Version),0.20860414113450126,I Miss You,0.2043542019724654,I Miss You,0.3272562921640169,Miss Ann,0.3240747126688485,Freedom Feels Like Lonely,0.30046433658371,I Miss You,0.3639132352569434,Miss Ann,0.35033720547282005,Freedom Feels Like Lonely,0.33406981705643635
294,TRUPWID128F4215874,SOPTXAZ12AF729F789,ARDCFNZ1187FB3DDB0,Enrique Iglesias,Para De Jugar,latin,Dale tiempo al rumor,2101.0,Cantando,1912.0,Por Mi Reggae Muero,1730.0,Dale tiempo al rumor,2.462267187500009,Cantando,2.245423437499997,Por Mi Reggae Muero,2.078082812499997,Libre,0.6678334929630965,Mujer Calavera,0.6013846504476953,Madre Mia,0.5978819416236175,Libre,0.6722947027867966,Mujer Calavera,0.6106130596152857,Madre Mia,0.604483787776118,Dale tiempo al rumor,490.468949644783,Cantando,489.4081464391703,Por Mi Reggae Muero,485.73402550179907,Por Mi Reggae Muero,0.5684535962135727,Cantando,0.5448742887352015,Dale tiempo al rumor,0.544432942365018,Al Despertar,0.5990443938940726,Te Quiero Porque Te Quiero,0.5887818825699941,La Media Vuelta,0.5880556124211032,Al Despertar,0.6110944718647309,Te Quiero Porque Te Quiero,0.6026928529157017,La Media Vuelta,0.5998291718701698
295,TRIIBVP128E0792750,SOWFIVV12A6701FFBF,ARDCFNZ1187FB3DDB0,Enrique Iglesias,She Be The One,latin,Interlude 5,6600.0,I'm A Winner (Amended Album Version),6088.0,Man In The Mirror,4367.0,Interlude 5,7.559999999999998,I'm A Winner (Amended Album Version),7.1590625000000045,Man In The Mirror,4.8671875000000036,She's A Runner (24-Bit Digitally Remastered 02),0.7362178876869939,Carnt Be Trusted,0.7318214011196528,Too Good To Be True,0.6811754535586023,She's A Runner (24-Bit Digitally Remastered 02),0.7437487791483225,Carnt Be Trusted,0.739590795519174,Too Good To Be True,0.6894555971893391,B-Boy Bouillabaisse: A.W.O.L. (2009 Digital Remaster),311.25004100871473,She Ain't Afraid,288.0934628261127,Touch It / Technologic,265.78029827393806,Touch It / Technologic,0.2535431270753011,She Ain't Afraid,0.23756984930672306,1st Booty On Duty,0.19467420883378328,She's A Runner (24-Bit Digitally Remastered 02),0.3099102128268113,Beef Bologna,0.30577863776486114,Touch It / Technologic,0.3028105146037188,She's A Runner (24-Bit Digitally Remastered 02),0.3649983035001175,Touch It / Technologic,0.3623595611154397,Not Your Baby,0.3457210153670117
296,TRQMXBD128F145ECA2,SONBQQE12A6D4F7922,ARDCFNZ1187FB3DDB0,Enrique Iglesias,Trapecista,latin,Dale tiempo al rumor,1950.0,Cantando,1664.0,Como Y Vete,1515.0,Dale tiempo al rumor,2.3376843750000034,Cantando,1.991996875,Como Y Vete,1.8165750000000023,Guacamaya,0.8067290233381331,Sonrisa especial,0.7606556118897979,Volar,0.7228805827676602,Guacamaya,0.8107519604972093,Sonrisa especial,0.7655637412106407,Volar,0.728733969848113,Dale tiempo al rumor,597.6163018459958,Cantando,577.4167599889448,Todos Quieren A Raymond,444.02800677671394,Dale tiempo al rumor,0.681800776342272,Cantando,0.6582303066126333,Amores Como El Tuyo,0.5049505752206259,Tu Vacio,0.6682789261642942,Guacamaya,0.6501883104449977,Amarte Es Todo,0.6060662873861471,Tu Vacio,0.6808043370759882,Guacamaya,0.661266432784434,Amarte Es Todo,0.6182321103674419
297,TREGRRQ128F145EC8D,SOMRUDM12A6D4F7911,ARDCFNZ1187FB3DDB0,Enrique Iglesias,Tu Vacio,latin,Dale tiempo al rumor,2723.0,Cantando,2313.0,Lloré Lloré,1972.0,Dale tiempo al rumor,3.264325,Cantando,2.768325000000004,Lloré Lloré,2.3918499999999985,Todavía Me Amas,0.8378540706906125,Quien No Ha Dicho Una Mentira,0.8258469914832133,No Sabes Cuanto Te Quiero,0.8202069574987271,Todavía Me Amas,0.8419892355587912,Quien No Ha Dicho Una Mentira,0.8305141623440622,No Sabes Cuanto Te Quiero,0.8251332986321729,Dale tiempo al rumor,697.8285580148566,Cantando,590.8676491561304,La ciudad nunca duerme,587.141383822931,Dale tiempo al rumor,0.7913629128203646,La ciudad nunca duerme,0.6654420160245212,Cantando,0.6597449836617142,Llega La Noche,0.6715122135644372,Trapecista,0.6682789261642906,Desde Que No Estas,0.6678594511173699,Llega La Noche,0.6827817358016454,Desde Que No Estas,0.6823420432306128,Trapecista,0.6808043370759882
298,TRLILBA128F42158A3,SOPPWVJ12A6D4F7915,ARDCFNZ1187FB3DDB0,Enrique Iglesias,Volveré,latin,Dale tiempo al rumor,1781.0,Lloré Lloré,1540.0,Al Natural (Amended Version),1532.0,Dale tiempo al rumor,2.1050453124999966,Lloré Lloré,1.8614093750000047,Al Natural (Amended Version),1.8327625000000052,Intentalo tu,0.7050780604016601,ya No,0.6973344230025176,Gitano Corazon,0.6954123686917207,Intentalo tu,0.7132860159735198,ya No,0.7047160219839157,Gitano Corazon,0.7033752313996001,Dale tiempo al rumor,663.6472211601961,Cantando,612.6312554231239,Gitana,570.9545247000758,Dale tiempo al rumor,0.7561290044193817,Cantando,0.6942493668930687,Gitana,0.6572309551298126,Obsesion (English Remix_ Album Version),0.6418605955588478,Lloré Lloré,0.6306676021631124,Tu Pa Mi,0.6301343500534949,Obsesion (English Remix_ Album Version),0.6569922372070511,Tu Pa Mi,0.644137663851708,Lloré Lloré,0.6439278459689816
299,TRBFJPO128F4295BE3,SOZOEJC12CF5CFAD99,AR6PJ8R1187FB5AD70,Shakira,Estoy Aquí,latin,Dale tiempo al rumor,687.0,Te Vuelvo Loca,576.0,Al Natural (Amended Version),543.0,Dale tiempo al rumor,0.8056734374999988,Te Vuelvo Loca,0.6862906250000002,Al Natural (Amended Version),0.6427374999999995,Receio do remorso,0.7506641275018918,Rosas,0.745895544069859,Nêga Jurema,0.7176370241878626,Receio do remorso,0.7535410105085976,Rosas,0.7496491157650809,Nêga Jurema,0.7217252418300996,Rosas,372.0106568266398,Eu Quero Ver Gol,327.60709877193653,O Show Não Vai Parar,307.4160367623343,Rosas,0.45293792657158716,Eu Quero Ver Gol,0.397965705656354,O Show Não Vai Parar,0.37343712711929833,Rosas,0.732584023625498,Sampa,0.7218503651989558,splash shine,0.6711360967146439,Rosas,0.7377059163417734,Sampa,0.7266937143011744,splash shine,0.6757869014859792
300,TRCLERB12903CBBC8D,SODKNST12D02193AD7,ARB054P1187B9AD32E,Santana,Life Is Anew,latin,Interlude 5,1944.0,I'm A Winner (Amended Album Version),1399.0,B-Boy Bouillabaisse: A.W.O.L. (2009 Digital Remaster),1243.0,Interlude 5,2.2345000000000006,I'm A Winner (Amended Album Version),1.6209843749999984,B-Boy Bouillabaisse: A.W.O.L. (2009 Digital Remaster),1.3902578124999991,Because Of You,0.6892562575485368,MAPS OF REALITY,0.6394537290294549,The Awakening,0.5831553281937345,Because Of You,0.6979276657996403,MAPS OF REALITY,0.6509717320768102,The Awakening,0.5958706870221957,Interlude 5,140.86980975189795,B-Boy Bouillabaisse: A.W.O.L. (2009 Digital Remaster),126.94527406989488,The Hourglass,100.50206777977067,Interlude 5,0.10069151537407577,Because Of Love,0.08690213917707021,B-Boy Bouillabaisse: A.W.O.L. (2009 Digital Remaster),0.08183353781834826,Because Of You,0.32192216124396156,Because Of Love,0.2839274085124617,New Favorite,0.27823765122176247,Because Of You,0.34916568025031247,Because Of Love,0.31569575969516206,New Favorite,0.3026862316162802
301,TRNXCMJ128F4295BC6,SOCYFSR12AB018C4AF,AR6PJ8R1187FB5AD70,Shakira,Donde Estas Corazon,latin,Dale tiempo al rumor,2540.0,La ciudad nunca duerme,1973.0,No Existe Un Lugar,1868.0,Dale tiempo al rumor,3.053003124999998,La ciudad nunca duerme,2.38395625000001,No Existe Un Lugar,2.2782124999999986,Nadie mas que yo (directo Las Ventas),0.7576177968446103,No Mas Apartheid,0.7418362874093055,Cenando En Paris,0.7395760097340414,Nadie mas que yo (directo Las Ventas),0.7623361782989397,No Mas Apartheid,0.7437103690368632,Cenando En Paris,0.7430553759796567,La ciudad nunca duerme,556.9757268300414,Todos Quieren A Raymond,550.8988519816469,Dale tiempo al rumor,535.0590959361023,La ciudad nunca duerme,0.6374545227147469,Todos Quieren A Raymond,0.6235711481892523,Dale tiempo al rumor,0.5993859154735174,El 28,0.6508918446410045,Mediterraneo,0.6203156484983307,19 De Noviembre,0.6192916517465796,El 28,0.6621457430135216,Mediterraneo,0.635953561416606,19 De Noviembre,0.6321674594857195
302,TRNXJGR128F93044E7,SOUGMXP12AB017C76C,AR6PJ8R1187FB5AD70,Shakira,Octavo Día,latin,Dale tiempo al rumor,1325.0,Cantando,1247.0,Lloré Lloré,1004.0,Dale tiempo al rumor,1.58336875,Cantando,1.4944937499999995,Lloré Lloré,1.2167624999999986,Agua De Mayo,0.7681111578529526,Y Sigo Preguntandome,0.7477452464948455,Mediterraneo,0.74739805858827,Agua De Mayo,0.7738504648542559,Y Sigo Preguntandome,0.75420571824152,Mediterraneo,0.7541124213306418,Cantando,579.4883671178757,Dale tiempo al rumor,509.95659740519466,Todos Quieren A Raymond,403.3098057135975,Cantando,0.667142896405459,Dale tiempo al rumor,0.5787163037449536,Enséñame A Olvidar,0.45112868877928053,Agua De Mayo,0.6688911126719362,Como Un Haz De Luna,0.6461925807348844,Cantando,0.6344350247190865,Agua De Mayo,0.6801457129128257,Como Un Haz De Luna,0.6571378849581352,Cantando,0.6504470858217082
303,TRJHDIB128F92E5849,SOVJQJJ12A8C1448E7,AR6PJ8R1187FB5AD70,Shakira,Te Necesito,latin,Dale tiempo al rumor,1756.0,Cantando,1436.0,Te Vuelvo Loca,1398.0,Dale tiempo al rumor,2.0896390624999985,Cantando,1.7021078125000022,Te Vuelvo Loca,1.6805843749999974,Todavía Me Amas,0.8460525926496941,Obsesion (English Remix_ Album Version),0.8301555782215182,No Te Vayas,0.828120811511585,Todavía Me Amas,0.8502642554113827,Obsesion (English Remix_ Album Version),0.8351481735151566,No Te Vayas,0.8320262743702862,Dale tiempo al rumor,651.7098294624885,Todos Quieren A Raymond,587.0703444490949,Cantando,578.415502119763,Dale tiempo al rumor,0.7374829390903495,Todos Quieren A Raymond,0.6615564697086121,Cantando,0.6478512254106538,Es Por Ti,0.6877816258448313,El 28,0.6638481066522525,Volver,0.649496508653857,Es Por Ti,0.7033654595182293,El 28,0.6758529700819925,Mediterraneo,0.6668713910900346
304,TRYQVKS128F4259A11,SOXVXZS12AF72ABF9F,ARB054P1187B9AD32E,Santana,Evil Ways,latin,Interlude 5,3945.0,B-Boy Bouillabaisse: A.W.O.L. (2009 Digital Remaster),2783.0,Man In The Mirror,2768.0,Interlude 5,4.5632500000000045,B-Boy Bouillabaisse: A.W.O.L. (2009 Digital Remaster),3.1710000000000003,Man In The Mirror,3.144499999999994,Preacher On A Sunday Morning,0.6727633351225779,Sweet Misery,0.6711500040743342,I'll Spend My Life With You,0.6697169677297824,Preacher On A Sunday Morning,0.688377986229675,Happymess,0.6853527735800584,Superstar (Double Murder = Double Platinum),0.6848710777238295,B-Boy Bouillabaisse: A.W.O.L. (2009 Digital Remaster),168.34884501295087,Interlude 5,146.82394980561733,Man In The Mirror,145.41496560411838,Shake 'Em On Down,0.12377556899379677,Man In The Mirror,0.11981050711902022,Contagious,0.11847731837109707,Can't Find My Way Home,0.2938576505731399,If You Really Love Me,0.2806653310247655,If You Change Your Mind,0.27288504773682626,Can't Find My Way Home,0.3280646875267458,If You Really Love Me,0.32013349837804256,If You Change Your Mind,0.3167835945142845
305,TRSOTQI128E0789132,SOURGXB12A6701F9E5,ARJW1SP1187FB4CA51,Pink Martini,Anna (el negro zumbon),latin,Interlude 5,2965.0,Hold Me Down (Album Version),2314.0,B-Boy Bouillabaisse: A.W.O.L. (2009 Digital Remaster),2066.0,Interlude 5,3.234749999999999,Hold Me Down (Album Version),2.6740468749999997,That's What You Told Me,2.191843749999999,El Arado,0.5589757276617525,A fuego lento (directo Las Ventas),0.5495209923490737,U,0.4981967620562254,El Arado,0.5687488472595515,A fuego lento (directo Las Ventas),0.558964734607865,Nuevo Dia (New Day),0.5144103695797536,La ciudad nunca duerme,296.66092723011053,Cantando,283.5613626209924,Tu Y Yo,276.3267126266248,La ciudad nunca duerme,0.28638388978701146,Tu Y Yo,0.2834685398370242,Grito Mundial,0.27763010383997444,La Estación,0.352432164786658,Exilio,0.3503214473198564,Ven,0.34400466904813437,La Estación,0.37377380447353953,Ven,0.3705493564961002,Exilio,0.36057672921489586
306,TRZHOUV128F9316269,SOIYPYO12AB017C8BE,ARJW1SP1187FB4CA51,Chavela Vargas,Piensa en mi,latin,Move On,627.0,Dale tiempo al rumor,614.0,Horse With No Name,601.0,Move On,0.7492406249999994,Dale tiempo al rumor,0.7247218750000018,Horse With No Name,0.7201999999999978,La Chica De Ayer,0.639744935216227,Asi Eres Tu,0.5873872815717566,Tú,0.5870702138628171,La Chica De Ayer,0.6470591680907622,Asi Eres Tu,0.5960973863107749,Tú,0.5956847588351356,Dale tiempo al rumor,287.4308521144123,Que Voy A hacer Sin Tí,272.9363310905544,Gitana,269.66753458533236,Dale tiempo al rumor,0.32481356391341754,Que Voy A hacer Sin Tí,0.32003340818008785,Como Duele,0.31163321653612747,Después De Ti,0.5745798259226277,No Voy A Cambiar,0.5181850029085657,Que Voy A hacer Sin Tí,0.5123498962388335,Después De Ti,0.5853672521757631,No Voy A Cambiar,0.5316012248324076,Que Voy A hacer Sin Tí,0.5262454487487807
307,TRPXMGA128F42A98BA,SOGHCII12D021B3225,ARB054P1187B9AD32E,Santana,Esperando,latin,B-Boy Bouillabaisse: A.W.O.L. (2009 Digital Remaster),1122.0,Mellow My Man,1113.0,My Baby Just Cares For Me,1109.0,My Baby Just Cares For Me,1.314849999999996,Mellow My Man,1.2762749999999972,B-Boy Bouillabaisse: A.W.O.L. (2009 Digital Remaster),1.1870750000000012,My Baby Just Cares For Me,0.4657479448889276,Waiting For My Child,0.46427378521255,Cryin',0.4440639999036644,Waiting For My Child,0.48348364324196236,My Baby Just Cares For Me,0.4783821398184999,Cryin',0.46160054217113705,Cantando,271.52927849143737,Al Natural (Amended Version),270.21805312299125,Todos Quieren A Raymond,267.07345955827526,Al Natural (Amended Version),0.300444839006318,El Semáforo,0.28544889794842393,Gulere Gulere,0.2848341198397376,Gulere Gulere,0.48559781959256726,He Chocado Con La Vida,0.4520027454503668,El Diablo,0.42270121667298655,Gulere Gulere,0.5044347592419145,He Chocado Con La Vida,0.46401445658311513,El Diablo,0.4455729568825545
308,TRBYMWR128F425DD8E,SOMNTDT12A8AE47628,AR65K7A1187FB4DAA4,Beyoncé,Beautiful Liar (Bello Embustero),latin,Miss You,1932.0,Dale tiempo al rumor,1779.0,Breakaway,1748.0,Miss You,2.3051562499999942,Breakaway,2.118168750000002,Dale tiempo al rumor,2.1065062500000016,Vine A Decirte Adios,0.6821002016409298,No Existe Un Lugar,0.6710903556626346,Años Luz,0.6434667545561407,Vine A Decirte Adios,0.6859793305271504,No Existe Un Lugar,0.6770187355102132,Años Luz,0.6510024687072693,Cantando,697.4056678718887,Dale tiempo al rumor,667.3065871161175,Todos Quieren A Raymond,531.8617348524248,Cantando,0.7975898678695347,Dale tiempo al rumor,0.7580062695037333,Todos Quieren A Raymond,0.5935082039467156,Cantando,0.5954234141488471,Buenaventura Y Caney,0.5779098551616859,Cruz De Navajas,0.5665776161505091,Cantando,0.6141373226798932,Buenaventura Y Caney,0.5950309300704897,Cruz De Navajas,0.5826842547496371
309,TRPAZDJ128F42881A1,SOGAFMO12D02199AD2,ARYN2M61187B995BD6,Juanes,Rosario Tijeras,latin,Move On,2808.0,Horse With No Name,2595.0,Dale tiempo al rumor,2494.0,Move On,3.4135015625000067,Horse With No Name,3.1569249999999927,Dale tiempo al rumor,2.997879687499995,La Aristocracia del Barrio,0.8266839582292687,Sol_ Playa Y Arena,0.7903248421002795,El Cosechero,0.7583598406171247,La Aristocracia del Barrio,0.8298251097347298,Sol_ Playa Y Arena,0.7937309125358529,El Cosechero,0.7626811957876786,La ciudad nunca duerme,580.5162714703972,Un Montón de Estrellas,579.2673652660634,Dale tiempo al rumor,567.2087800251645,Un Montón de Estrellas,0.6756489230456107,La ciudad nunca duerme,0.6650881362950589,Como Duele,0.6587415313429129,En Algún Rincón,0.6029043238637066,Se Duerme,0.6022139099229432,Me Voy,0.5846476537705617,En Algún Rincón,0.6156095776277264,Se Duerme,0.6153066080890786,Me Voy,0.600692101569626
310,TRHZGZO128F9341C4A,SOAUETF12D02199708,ARLUF1T1187FB3603B,Ricardo Arjona,Animal Nocturno,latin,Dale tiempo al rumor,2421.0,Cantando,2178.0,La ciudad nunca duerme,1658.0,Dale tiempo al rumor,2.9240578125000045,Cantando,2.632401562499997,El Negro Está Cocinando,2.0075546875000057,Quien No Ha Dicho Una Mentira,0.8838088464808739,Don Manuel Sr. Molina,0.8621295216693593,Cuando,0.8582421817882214,Quien No Ha Dicho Una Mentira,0.8865650602336969,Don Manuel Sr. Molina,0.8654340962571605,Cuando,0.86156836677929,Dale tiempo al rumor,593.7730655231278,Cantando,581.8188171914792,La ciudad nunca duerme,530.7410795906516,Dale tiempo al rumor,0.6767975230186762,Cantando,0.6635387984339977,La ciudad nunca duerme,0.6080626046870116,Rio De La Plata,0.6926384762320424,Santiago de Chile,0.6874526487361845,Cuando,0.6834787577813555,Rio De La Plata,0.7044632839768111,Santiago de Chile,0.697562385480217,Cuando,0.6965366846398287
311,TRDFNLR12903CB0FE4,SOFDJSB12AB0183B5B,ARGN0KR1187B991A99,Camila,Alejate De Mi,latin,Dale tiempo al rumor,2804.0,Lloré Lloré,2504.0,El Negro Está Cocinando,2440.0,Dale tiempo al rumor,3.3536921875000063,Lloré Lloré,3.050615625000004,El Negro Está Cocinando,2.9649453125000065,Obsesion (English Remix_ Album Version),0.784127832256286,La Coqueta,0.7807775059034039,Aqui Se Termino (Never Forever),0.7678101767569827,Obsesion (English Remix_ Album Version),0.7898638191270088,La Coqueta,0.7863864435880652,Aqui Se Termino (Never Forever),0.7735494241238626,Dale tiempo al rumor,743.880461242836,Como Y Vete,663.473688256411,Cantando,662.8965462580028,Dale tiempo al rumor,0.8468212109813552,Como Y Vete,0.7646622187052902,Cantando,0.7477287541802552,Enamorado,0.702911609457064,Enséñame A Olvidar,0.6311031066707786,Virgen De Riña,0.6188521107908618,Enamorado,0.7107875507710657,Enséñame A Olvidar,0.6470741923482867,Virgen De Riña,0.6298890993072591
312,TROBWIG12903CB0FD7,SODWRNB12AB0183B3B,ARGN0KR1187B991A99,Camila,Entre Tus Alas,latin,Dale tiempo al rumor,1915.0,Cantando,1542.0,Lloré Lloré,1308.0,Dale tiempo al rumor,2.299479687499995,Cantando,1.844385937499996,Lloré Lloré,1.5855406249999993,19 De Noviembre,0.8158806214442527,Es Por Ti,0.7986090887480799,Amor Latino,0.7882810532143935,19 De Noviembre,0.8195208037719853,Es Por Ti,0.8025887616656597,Amor Latino,0.7918395959918446,Dale tiempo al rumor,492.2421250051935,Cantando,490.52611268461015,La Dosis Perfecta,458.22598086221353,Dale tiempo al rumor,0.5560895726488064,Cantando,0.5554688881973345,La Dosis Perfecta,0.5394296931467729,Lloro Por Ti,0.6547883577275566,Llanto Lloro,0.6375971955512264,Pensar En Ti,0.6351750253989982,Lloro Por Ti,0.6656133421366833,Llanto Lloro,0.6494213925497083,Pensar En Ti,0.6458396748942069
313,TRDWUTF12903CA9249,SODRAIV12A8C1430AB,ARGN0KR1187B991A99,Camila,Me Basto,latin,Dale tiempo al rumor,1368.0,Cantando,1265.0,Como Y Vete,1257.0,Dale tiempo al rumor,1.618106249999999,Cantando,1.500231249999999,Como Y Vete,1.5002000000000015,No Te Vayas,0.6970393645830355,Te Extrano,0.6900673011204177,Al Despertar,0.6868878800974604,No Te Vayas,0.7033607175156156,Te Extrano,0.6967956337518377,Al Despertar,0.693488685426632,Dale tiempo al rumor,528.551162469587,Cantando,473.02451290621525,Te Ando Buscando,428.88645090247786,Dale tiempo al rumor,0.6037317100985051,Cantando,0.5357896566632179,Te Ando Buscando,0.4997686472917223,Despedida,0.5888646223001882,Pierdo El Tiempo,0.568779637266172,No Me Acostumbro,0.566546063504889,Despedida,0.6012606478596212,Pierdo El Tiempo,0.5819665112003407,No Me Acostumbro,0.5818873963841845
314,TRCRNBS128F9347F55,SOTOLCQ12AF729AC84,ARGN0KR1187B991A99,Camila,Va Para Ti,latin,Miss You,3888.0,Breakaway,3474.0,El Negro Está Cocinando,2940.0,Miss You,4.7175000000000145,Breakaway,4.255799999999986,El Negro Está Cocinando,3.5895000000000064,Manto Estelar,0.8178395890882648,La Estación,0.7808296081882495,No Me Acostumbro,0.6822611974465076,Manto Estelar,0.8202663217275167,La Estación,0.78266981996399,No Me Acostumbro,0.6868530733604221,Cantando,526.2208836306183,Gitana,488.9170143254234,Dale tiempo al rumor,488.9130521987026,Cantando,0.5980339485568085,Gitana,0.5639951966626053,Dale tiempo al rumor,0.549820570492824,Manto Estelar,0.5684671369066027,Te Quiero Porque Te Quiero,0.5661098627150482,La Novia Del Sol (La Canción de Evaluna),0.5509446050992021,Manto Estelar,0.5802999489086781,Te Quiero Porque Te Quiero,0.5788657412155469,La Novia Del Sol (La Canción de Evaluna),0.5644360761008821
315,TRDYKYQ12903CAD2B8,SOCDZHG12A58A81315,AR81DGA1187B9A0A43,Reik,Fui,latin,Dale tiempo al rumor,1123.0,Cantando,963.0,La ciudad nunca duerme,811.0,Dale tiempo al rumor,1.3435437499999956,Cantando,1.1506687499999995,La ciudad nunca duerme,0.973137500000001,Lloro Por Ti,0.7716727929982024,No Pense Enamorarme Otra Vez,0.7387701560116817,La rabia,0.7303017281159611,Lloro Por Ti,0.7766371888415745,No Pense Enamorarme Otra Vez,0.7448531250656283,La rabia,0.7356504997947901,La ciudad nunca duerme,385.8546915483395,Cantando,380.53080573036345,Dale tiempo al rumor,375.75778306331574,La ciudad nunca duerme,0.4425666860640399,No Paseis Por Alto A Los Genios,0.43220261245740205,Cantando,0.4299013893532138,Enamorado,0.633110867202593,Por Ti Seré (You Raise Me Up),0.6110990751704172,Que Me Quedes Tu,0.6097328357048498,Enamorado,0.64509503881579,Que Me Quedes Tu,0.6210171953931092,Por Ti Seré (You Raise Me Up),0.6209211958474123
316,TRAYQRI12903CAD2A1,SOFPPPB12AB018BB18,AR81DGA1187B9A0A43,Reik,Ilusionado,latin,Dale tiempo al rumor,1263.0,El Negro Está Cocinando,1189.0,Cantando,1154.0,Dale tiempo al rumor,1.4939859375000017,El Negro Está Cocinando,1.438601562500002,Cantando,1.367767187500001,La Coqueta,0.6863901532701995,Todos Quieren A Raymond,0.6720259445806478,Sueño,0.6594268454630673,La Coqueta,0.6949663275352392,Todos Quieren A Raymond,0.682693490330219,Sueño,0.6674967319502595,Todos Quieren A Raymond,518.7700244854651,Dale tiempo al rumor,480.9333904771456,Cantando,468.33179834801797,Todos Quieren A Raymond,0.5851411824150087,Dale tiempo al rumor,0.5335765530063986,Cantando,0.5195645467256015,Llévatelo Todo (Album Version),0.5483926738138772,Enzo,0.5461572418553037,Todos Quieren A Raymond,0.5258586497662114,Llévatelo Todo (Album Version),0.5660923637469066,Enzo,0.5640449073383921,Todos Quieren A Raymond,0.5493372599216735
317,TRGFMTT12903CAD2A2,SOIKGCB12AF72A11C6,AR81DGA1187B9A0A43,Reik,Piel De Ciudad,latin,Cantando,1253.0,Dale tiempo al rumor,1226.0,Lloré Lloré,1193.0,Cantando,1.4880250000000015,Lloré Lloré,1.4446999999999992,Dale tiempo al rumor,1.4437750000000014,Voy A Seguir,0.6220650450528373,Tu Y Yo,0.598653373225891,Alejate De Mi,0.5929319239744406,Voy A Seguir,0.6320537686475144,Tu Y Yo,0.608231897975064,Alejate De Mi,0.6027363984654994,Cantando,591.1201497328944,Tu Y Yo,501.13955845446355,Todos Quieren A Raymond,494.29467764640356,Cantando,0.6785893507451847,Tu Y Yo,0.587995812330114,Todos Quieren A Raymond,0.5598736347775543,Tu Y Yo,0.5947861029355395,El ectoplasta,0.5695655748500428,Hazme Sentir,0.5432521587330591,Tu Y Yo,0.6086665967351881,El ectoplasta,0.5838625717078453,Hazme Sentir,0.5581996756059194
318,TRJXNZL128F92E54EE,SOQUZCC12A8C140463,AR81DGA1187B9A0A43,Reik,Quedate,latin,Dale tiempo al rumor,2547.0,El Negro Está Cocinando,2002.0,Cantando,1951.0,Dale tiempo al rumor,3.0680906249999937,El Negro Está Cocinando,2.4374843750000004,Cantando,2.336778125000002,Ni Te Llamo Ni Te Busco,0.8279530909899613,Todavía Me Amas,0.8220633955761157,Aqui Se Termino (Never Forever),0.8118627566400809,Ni Te Llamo Ni Te Busco,0.8315872982003084,Todavía Me Amas,0.8260536790580612,Aqui Se Termino (Never Forever),0.8160223564817328,Dale tiempo al rumor,601.943218694525,Cantando,550.3739782498798,La ciudad nunca duerme,485.3772147505005,Dale tiempo al rumor,0.6817852641094145,Cantando,0.6191423060343415,Entra,0.5522109978326616,No Voy A Cambiar,0.6176564652515392,Se Te Olvido,0.6068583945847817,Vuelve Conmigo,0.6049318609216763,No Voy A Cambiar,0.63348150638916,Se Te Olvido,0.6229438610763682,Vuelve Conmigo,0.6176540748472196
319,TRDOVAF128F93112F7,SOLRFDT12AB0183B0D,ARU3BQ91187FB5A3D6,Animal Collective,Brother Sport,latin,Interlude 5,2783.0,Man In The Mirror,2126.0,Cancel (Album Version),2124.0,Interlude 5,3.142950000000001,Cancel (Album Version),2.5407093750000005,Acid 8000,2.4678031249999997,Get Your Hands Up,0.5837471954337085,In Moderation,0.5651490092363557,Freestate,0.5593264021266136,Get Your Hands Up,0.5941177712013598,In Moderation,0.5773178593548627,Freestate,0.5692627890631652,The Illest Brother,141.21818268596556,She Ain't Afraid,131.18492461878165,Interlude 5,127.17750080840959,The Illest Brother,0.12923422393234407,Just Another Brother,0.11942048147617569,She Ain't Afraid,0.11096160435616673,Far Beyond The Sun,0.30979067075742023,Freestate,0.2934927291620055,Door To My Heart,0.2872305349689671,Far Beyond The Sun,0.333543432396993,Freestate,0.3186917282118539,Door To My Heart,0.30742956653482373
320,TRVPMSA128F9331D03,SOJQZHG12AB0185EAB,ART5MUE1187B98C961,Metallica,The Prince,metal,B-Boy Bouillabaisse: A.W.O.L. (2009 Digital Remaster),1689.0,Interlude 5,1523.0,I Want You,1448.0,B-Boy Bouillabaisse: A.W.O.L. (2009 Digital Remaster),1.8823609375000003,I Want You,1.709407812500003,Interlude 5,1.6300499999999989,I've Grown Accustomed To His Face,0.5553501946748247,Me And The Devil,0.5370830567350922,Crime,0.5270964997743132,I've Grown Accustomed To His Face,0.5705951008000594,Me And The Devil,0.5592928659148159,Crime,0.5432249025218393,B-Boy Bouillabaisse: A.W.O.L. (2009 Digital Remaster),148.36288961330567,The Hourglass,124.53723403959893,One of Us,121.80415993119982,Marry the Devil,0.0969993338669683,Corner Of The Earth,0.09539160950629409,Piggy Pie,0.09278226501539903,I Wish You Could Smile,0.3004128858315687,Autumn,0.2882397721550079,Marry the Devil,0.2380288482544654,I Wish You Could Smile,0.3271254765486023,Autumn,0.31240439812272036,Marry the Devil,0.287701909782517
321,TRPCZPE12903CAF5BD,SOAVPPJ12A8C13EFBC,ARC9CR51187FB51A13,Avenged Sevenfold,Second Heartbeat,metal,Interlude 5,3310.0,B-Boy Bouillabaisse: A.W.O.L. (2009 Digital Remaster),2658.0,I'm A Winner (Amended Album Version),2620.0,Interlude 5,3.6131000000000015,I'm A Winner (Amended Album Version),2.9322874999999993,B-Boy Bouillabaisse: A.W.O.L. (2009 Digital Remaster),2.8839562500000016,Just a Memory,0.6473704752904147,A Song For You,0.6379830512215784,Whereareyougoing,0.6376728308327402,Just a Memory,0.6689599218780159,A Song For You,0.6590634224753672,Whereareyougoing,0.658762686126843,The Hourglass,253.71388398180062,8 Mile,249.77491780224565,B-Boy Bouillabaisse: A.W.O.L. (2009 Digital Remaster),231.0282481180598,The Hourglass,0.1744220463118545,8 Mile,0.14643946457839005,Towards Loss,0.14608714523161204,It Serves Me Right To Suffer,0.3014943172750561,Towards Loss,0.2989260788587223,Can't Take This (Album Version),0.28087445677579326,Towards Loss,0.3732069040673081,Can't Take This (Album Version),0.3397763094237898,A Day In The Life Of A Fool,0.3392542232093479
322,TRNUDHG12903CAF56B,SOLFXQT12A8C13E06C,ARC9CR51187FB51A13,Avenged Sevenfold,To End The Rapture,metal,Interlude 5,626.0,One of Us,343.0,Spitfall,341.0,Interlude 5,0.7226999999999996,Spitfall,0.3974874999999997,One of Us,0.3925937500000011,Throne Of Dark Immortals,0.573460696684584,What You Became,0.5537710997797838,Apocalyptic Destroyer of Angels,0.5409897585041105,Throne Of Dark Immortals,0.583115436899835,What You Became,0.5634006699500398,Chimaera (Album Version),0.5513067596400915,The Hourglass,52.159222958358505,It Came Upon A Midnight Clear (Album Version),43.67713846339686,Curse,42.399027958243806,It Came Upon A Midnight Clear (Album Version),0.050400369178049936,City Of Angels,0.04426710505730469,The Hourglass,0.042474398654450136,Ev'ry Time We Say Goodbye,0.29995611128630295,It Came Upon A Midnight Clear (Album Version),0.26979118843052774,Apocalyptic Destroyer of Angels,0.26817999516853763,Ev'ry Time We Say Goodbye,0.3189580366336884,It Came Upon A Midnight Clear (Album Version),0.28581163166305346,Apocalyptic Destroyer of Angels,0.28546663370917
323,TRJAABI12903CF759F,SOKACRK12AC90759DA,ARJ94571187B98C352,blessthefall,Witness,metal,Interlude 5,5559.0,I'm A Winner (Amended Album Version),4362.0,My Darling,3888.0,Interlude 5,6.456550000000004,I'm A Winner (Amended Album Version),5.130831249999997,My Darling,4.558728124999998,"You Are The Universe (Roger's Universal 7"" Edit)",0.7550326775457129,Incision,0.7536400580169542,It's Only Your Life,0.7516731253085117,Incision,0.7617512019044316,"You Are The Universe (Roger's Universal 7"" Edit)",0.7607870252913538,It's Only Your Life,0.7596541767604351,One of Us,203.3061826526858,Interlude 5,171.56200956809968,B-Boy Bouillabaisse: A.W.O.L. (2009 Digital Remaster),165.4896767072907,One of Us,0.17256547816987364,Breathe Again,0.16164931118459971,Till I See Ya,0.14136032773990656,without emotions,0.30129845130866856,Breathe Without You,0.2930829531069798,Breathe Again,0.2874092226885006,Breathe Again,0.328735930585923,Breathe Without You,0.3222688714571388,Say You're Sorry,0.31377515867649725
324,TRREMAP128F42983BD,SOWEDJU12D02198FF6,ARU6HMT1187FB38801,HIM,Heartache Every Moment,metal,Interlude 5,2505.0,Ice Is Workin' It,1834.0,B-Boy Bouillabaisse: A.W.O.L. (2009 Digital Remaster),1811.0,Interlude 5,2.78625000000001,Ice Is Workin' It,2.1293749999999907,Touch It / Technologic,2.0225781250000003,The Miner Becomes Forgetful,0.5551331100515836,Broken Heart,0.5440784501995997,All About U,0.5403661666619635,The Miner Becomes Forgetful,0.5733116454565457,All About U,0.56094269289156,Broken Heart,0.5607269076324319,Lost In This Moment,155.15467997718423,Showtape '91,126.52793411416673,Interlude 5,125.40293387003578,Lost In This Moment,0.16655043479951107,I'm Going On A Long Journey Never To Return,0.12077164466019845,Heaven,0.11915582622836403,Lost In This Moment,0.34722379841336043,When You Say You Love Me (Album Version),0.2745239051660261,Hirudineans,0.2720585584365162,Lost In This Moment,0.3820945757753572,When You Say You Love Me (Album Version),0.3172713853942507,Hirudineans,0.31364176532809396
325,TRFRDZW128F429C337,SOAVNID12A8C13B197,ARU6HMT1187FB38801,HIM,Sigillum Diaboli,metal,Interlude 5,7876.0,I Want You,6915.0,B-Boy Bouillabaisse: A.W.O.L. (2009 Digital Remaster),6895.0,Interlude 5,9.265400000000005,I Want You,8.430731249999983,B-Boy Bouillabaisse: A.W.O.L. (2009 Digital Remaster),8.134043749999995,Pervert,0.7617312197364924,Sold,0.7504284091754663,Gotta Get Over (Taking Loot) (Explicit),0.7375985211391811,Pervert,0.7674733890742158,Sold,0.7560001819507821,Gotta Get Over (Taking Loot) (Explicit),0.7437197471761641,My Darling,158.52594317466952,B-Boy Bouillabaisse: A.W.O.L. (2009 Digital Remaster),134.32969603506163,Interlude 5,117.99996010551828,My Darling,0.13354841176244947,You're The Reason,0.10238799302207281,Child Of Mine,0.10066528011976737,Explode,0.31614831031258145,We Are In Love,0.2962326969455765,Black Magic Woman,0.28487640572782086,Explode,0.3430875046438105,We Are In Love,0.3299585665880734,Black Magic Woman,0.31448073864894455
326,TRHVUCJ128F934B68C,SOPDMDM12A8C132ABD,ARWMY7E1187B9B7049,As I Lay Dying,Refined By Your Embrace,metal,I'm A Winner (Amended Album Version),1451.0,Interlude 5,1318.0,B-Boy Bouillabaisse: A.W.O.L. (2009 Digital Remaster),1187.0,I'm A Winner (Amended Album Version),1.7370906249999978,Interlude 5,1.5301999999999987,B-Boy Bouillabaisse: A.W.O.L. (2009 Digital Remaster),1.3856546874999973,I fantasize of you,0.770344494854286,Rabbit Run,0.754516755710214,Beyond Salvation,0.7484882701172648,I fantasize of you,0.7769301279624139,Rabbit Run,0.7614979452464139,Beyond Salvation,0.7545010379247884,A Man Without Love,52.55538052249886,Lay Back In The Arms Of Someone,51.00385519263833,My Darling,48.44450339221351,Lay Back In The Arms Of Someone,0.0569093177119333,A Man Without Love,0.0566539050321116,Breathe Again,0.04859406195517258,Lay Back In The Arms Of Someone,0.302828059968418,A Man Without Love,0.27817089701320363,Hunter killer,0.2767885606932999,Lay Back In The Arms Of Someone,0.32715151335298037,A Man Without Love,0.307948043197538,Hunter killer,0.3027610197254363
327,TRIBZVH128F934B68D,SOWJVZY12A8C132AC2,ARWMY7E1187B9B7049,As I Lay Dying,The Innocence Spilled,metal,Interlude 5,1358.0,B-Boy Bouillabaisse: A.W.O.L. (2009 Digital Remaster),1172.0,My Darling,1076.0,Interlude 5,1.5089000000000004,B-Boy Bouillabaisse: A.W.O.L. (2009 Digital Remaster),1.3072781249999996,My Darling,1.2295593749999985,The End Of An Anchor,0.6282569847458236,Something For The Pain,0.6145886713221957,So Help Me God,0.5890386617071754,The End Of An Anchor,0.6429775687565498,Something For The Pain,0.6307495590298327,Feel Me,0.607793765392342,Pain,109.28505766146198,One of Us,98.07047828492144,One Good Time,97.0547918349191,Pain,0.11245701202343977,This Ain't A Love Song,0.09301817821301071,Grace Unhearing,0.0922276202696183,Pain,0.312445104493722,Grace Unhearing,0.304404622551741,Tears On My Pillow,0.274854931233817,Pain,0.354463764727756,Grace Unhearing,0.3391252081267467,This Ain't A Love Song,0.3156780898318001
328,TRZOLOQ128F428FA00,SOHEPVU12A8C13A03D,ARMGBBW1187FB4A7A0,August Burns Red,An American Dream,metal,Interlude 5,623.0,One of Us,527.0,Otha Fish,510.0,Interlude 5,0.59935,One of Us,0.5502812500000003,The Way It Is,0.5476187500000017,This Is Not America,0.5202757631751308,Bear The Cross,0.5019947799932443,Threat,0.4958331206152238,This Is Not America,0.534408956120613,Bear The Cross,0.5189855735517976,Threat,0.518232718424729,Weak Become Heroes,113.06413713476802,One of Us,107.69256631441469,Interlude 5,106.98193406151817,Weak Become Heroes,0.09466073849033318,One of Us,0.0873880457927911,Kingdom of Loss,0.0816604489938772,Simple Favor,0.29469106024927927,Torches and Tragedies,0.2400961452923857,Moths,0.23669231760248766,Simple Favor,0.3212195041419097,Torches and Tragedies,0.2842193240610487,Moths,0.2788006075204048
329,TRFQWAQ128F14B084D,SOLXNXB12A6D4FBCDA,ARPFK3E1187B9A43BF,Underoath,The Changing Of Times,metal,Interlude 5,3021.0,I'm A Winner (Amended Album Version),2329.0,B-Boy Bouillabaisse: A.W.O.L. (2009 Digital Remaster),2184.0,Interlude 5,3.449649999999995,I'm A Winner (Amended Album Version),2.697806250000002,B-Boy Bouillabaisse: A.W.O.L. (2009 Digital Remaster),2.4568718750000067,Whereareyougoing,0.7310229209739124,Only When ur Lonely,0.7195886914474401,Get Sick Soon,0.7172162374203631,Whereareyougoing,0.7449862482077669,Only When ur Lonely,0.733394067028018,Get Sick Soon,0.7267941008784884,Interlude 5,167.73421440141564,B-Boy Bouillabaisse: A.W.O.L. (2009 Digital Remaster),154.7721654611468,Curse,142.47750649629077,Wherever You're Goin' (It's Alright),0.10480089479655869,Don't Say Goodbye,0.10364772822870746,Good Thing,0.10292386806747471,Someone Said Goodbye,0.24806183363253406,All We Ever Do Is Say Goodbye,0.24122827428451038,Wherever You're Goin' (It's Alright),0.23983047750366968,Someone Said Goodbye,0.29521137992683744,Don't Say Goodbye,0.2936033595812697,Wherever You're Goin' (It's Alright),0.2901893491617044
330,TRLKWJA128F92E154E,SOFDWFR12A58A77D46,ARLHB6B1187B9B1B14,Haste The Day,Autumn,metal,B-Boy Bouillabaisse: A.W.O.L. (2009 Digital Remaster),787.0,Touch It / Technologic,776.0,Mellow My Man,719.0,Touch It / Technologic,0.8982828125000002,Let's Get Crazy,0.8427234375000022,B-Boy Bouillabaisse: A.W.O.L. (2009 Digital Remaster),0.831798437499998,Sprachbarrieren,0.552472887330899,Auf das Leben,0.5248169877476923,Viel Mehr,0.5115900473878588,Sprachbarrieren,0.5613776561989384,Auf das Leben,0.5348470254830876,Viel Mehr,0.5249714919813976,Von Disco Zu Disco,482.0068922004344,Gott schenk ihr Flügel,453.03229485076236,Toastbrot,427.12035640785524,Von Disco Zu Disco,0.5619820264903909,Gott schenk ihr Flügel,0.5364700424061509,Toastbrot,0.49911698248073877,Auf das Leben,0.6502841048949584,Dschungelpartei,0.6201010646471166,ROSENROT,0.5876243824916706,Auf das Leben,0.6588487267524257,Dschungelpartei,0.6287589858984453,ROSENROT,0.5972369020175765
331,TRNQSWR128EF34375F,SOWHMAY12A67ADD2E3,ARLHB6B1187B9B1B14,Haste The Day,Chorus Of Angels,metal,One of Us,2670.0,Interlude 5,2651.0,Remind Me (Live),2586.0,Remind Me (Live),3.1068937500000016,Right Here Right Now,2.953450000000001,One of Us,2.9091875000000016,Fireflies Take Flight,0.43957041079605547,Remind Me (Live),0.41934251874272227,Now Three,0.40621675634955,Fireflies Take Flight,0.45975612795704196,Now Three,0.43066850856805156,Remind Me (Live),0.42653761230192777,I Love U In Me ( LP Version),253.09812656072734,Interlude 5,234.07865487934535,Weak Become Heroes,215.51360962004813,It Came Upon A Midnight Clear (Album Version),0.22371653503973477,Lullaby,0.19856019792082377,Right Here Right Now,0.18917724252810594,It Came Upon A Midnight Clear (Album Version),0.28605924516687503,Wake Up Call (Album Version),0.2698953123323408,From This Dream,0.2697973411244349,It Came Upon A Midnight Clear (Album Version),0.3100323398642787,Lullaby,0.3054490160862343,From This Dream,0.304428316037464
332,TRGQLSE128F93257D8,SOUZNST12A58A7EF1D,ARQETJY1187FB3FE74,Demon Hunter,Follow The Wolves,metal,One of Us,1494.0,If I Had,1075.0,Interlude 5,1035.0,One of Us,1.6575156249999976,If I Had,1.2071421874999992,The chronicle of shadows,0.9932500000000013,Vengeance of Demonic Fury,0.519677993100568,Full Moon,0.5149723665996204,Son Of The Morning,0.4800078923999013,Full Moon,0.5332640701283287,Vengeance of Demonic Fury,0.5315028598171133,Son Of The Morning,0.4948458974865205,17,143.43863542910378,The Hourglass,132.19471565743828,The Power Of Lard,126.94798975939088,17,0.148668331565633,Abandoned,0.12257245505359358,The Power Of Lard,0.12046615835496302,17,0.33546639224868935,Abandoned,0.28595177456489684,Stayin' Power (Remastered Album Version),0.28325343708191425,17,0.37680243779419564,Abandoned,0.3290833905961347,Extirpation,0.3094926735779371
333,TRCAWAA128F93257D1,SOCLOSW12AB0187E07,ARQETJY1187FB3FE74,Demon Hunter,I Am You,metal,Interlude 5,3589.0,B-Boy Bouillabaisse: A.W.O.L. (2009 Digital Remaster),2555.0,I'm A Winner (Amended Album Version),2457.0,Interlude 5,4.010149999999997,B-Boy Bouillabaisse: A.W.O.L. (2009 Digital Remaster),2.7955984375000016,I'm A Winner (Amended Album Version),2.760103125000005,The Weak Shall Prevail,0.5675331097085536,Redemption,0.5524728426306015,Burning Bridges,0.5507606502170128,The Weak Shall Prevail,0.5841452226386992,Redemption,0.5688475571419305,Burning Bridges,0.56312139828566,Rise,189.167114043802,Rise Up,181.5049601769215,My Darling,150.86985583158088,Rise,0.19796748027398628,Rise Up,0.17678580112754563,Sentenced to Burn,0.1458102924736141,No Sympathy (for The Devil),0.3463201609645727,Rise,0.3105405463170906,Sentenced to Burn,0.2889049615887715,No Sympathy (for The Devil),0.3574488793453273,Rise,0.3495283964705547,Sentenced to Burn,0.321278154643634
334,TRWPRIF128EF34B8F8,SOXZKPU12AF72AAB3B,ARQETJY1187FB3FE74,Demon Hunter,The Science Of Lies,metal,Interlude 5,2909.0,One of Us,2041.0,B-Boy Bouillabaisse: A.W.O.L. (2009 Digital Remaster),1815.0,Interlude 5,3.2222499999999963,One of Us,2.300937499999999,B-Boy Bouillabaisse: A.W.O.L. (2009 Digital Remaster),1.9225312500000014,The 4th Branch,0.6672434125699622,Showtape '91,0.6039764374246117,Masquerade,0.5925505558179057,The 4th Branch,0.6846821034003884,Showtape '91,0.6247838357190857,Masquerade,0.614847186264281,Interlude 5,205.91065406809693,One of Us,187.0999653784974,Mr. Outsider,159.4196125530258,One of Us,0.15456915264596588,Buckets of Blood,0.12315300097071269,Incarnadine,0.11850162853481472,Freestate,0.2738895618092073,Phoenix From The Fire,0.26874607657498806,Forecasting,0.268159563982321,Phoenix From The Fire,0.3108174752756853,Freestate,0.30874698251049293,Incarnadine,0.30846553058903103
335,TRKLLYD128F4273FF4,SOHRFIP12A8C12FFD1,AR8DTVF1187B9AA292,Ozzy Osbourne,Slow Down,metal,Interlude 5,5555.0,I'm A Winner (Amended Album Version),4147.0,My Darling,4014.0,Interlude 5,6.377950000000001,I'm A Winner (Amended Album Version),4.81398125,My Darling,4.671178125000003,You're Not Supposed To,0.7024976597282406,Angelina,0.7008287647691585,You're A Zombie,0.7003670395015372,Angelina,0.7114579744009516,You're A Zombie,0.7113010446343779,It's Only Your Life,0.7098931701274067,B-Boy Bouillabaisse: A.W.O.L. (2009 Digital Remaster),201.89148178691073,Mainstream,192.34953440992,She Luv It,182.4575032833909,Joy Ride,0.17329126409842113,She Luv It,0.1593480094191633,Stop This Car,0.15629365824915076,Saturday Come Slow,0.2730811422576853,Towards Loss,0.2664826494906542,Swimmer,0.245216443684486,Towards Loss,0.3233351987910357,Saturday Come Slow,0.2963676464540907,Swimmer,0.2855448676968478
336,TRQJQNX128F4266704,SOEVNLW12A8C13401E,AR8DTVF1187B9AA292,Ozzy Osbourne,Steal Away (The Night),metal,Interlude 5,2136.0,B-Boy Bouillabaisse: A.W.O.L. (2009 Digital Remaster),1480.0,My Darling,1399.0,Interlude 5,2.416999999999996,B-Boy Bouillabaisse: A.W.O.L. (2009 Digital Remaster),1.638421875,My Darling,1.5938906249999996,Further Away,0.6365034119132507,Chase The Clouds Away,0.616078815445286,The Look Of Love,0.6032381944397326,Further Away,0.6459665063087461,Chase The Clouds Away,0.6294273849928796,The Look Of Love,0.6234445403238089,Last to Know,124.73269276771089,B-Boy Bouillabaisse: A.W.O.L. (2009 Digital Remaster),114.76603991181724,Chain Of Fools,109.79302680046627,Last to Know,0.11896624763854308,Chain Of Fools,0.11701475600160675,I'm a Broken Heart,0.08583719429679394,That Ain't A Crime,0.2739722165472167,Snowflakes Of Love,0.25971269987909656,Chain Of Fools,0.25713320818517,That Ain't A Crime,0.3078758364927148,Snowflakes Of Love,0.2990072217284643,Remember Me,0.2922491542402074
337,TRYIKZR128E0783C64,SOBEOHW12AF72A5BFC,AR98JLC1187B9ADE23,Megadeth,Black Curtains (2004 Digital Remaster),metal,B-Boy Bouillabaisse: A.W.O.L. (2009 Digital Remaster),1522.0,Interlude 5,1485.0,Mellow My Man,1342.0,B-Boy Bouillabaisse: A.W.O.L. (2009 Digital Remaster),1.6736109375000001,Interlude 5,1.582549999999999,Mellow My Man,1.5553390625000008,Black Jettas,0.5821581750969682,Black Sheep,0.5772949172585258,Black Is The Color,0.5731883024923987,Black Jettas,0.6012765820603042,Black Sheep,0.5965315473346697,Black Is The Color,0.5853071854852668,B-Boy Bouillabaisse: A.W.O.L. (2009 Digital Remaster),121.57927069057023,Me Or The Papes,116.27247413646535,Mr. Outsider,114.13665966173356,Black Is The Color,0.09915740474997815,Last Transmission,0.0959694831765794,Bloodletting Upon The Cloven Hoof,0.0957061574909435,Black Is The Color,0.33831017760217785,Bags,0.30146165459667096,C.b.f.,0.2613624996242612,Black Is The Color,0.36205170063141234,Bags,0.3267888346396581,C.b.f.,0.3077964894406223
338,TRIOZOZ128F92FA0C2,SOVOXQN12A3F1EC5FA,AR98JLC1187B9ADE23,Megadeth,Die Dead Enough,metal,B-Boy Bouillabaisse: A.W.O.L. (2009 Digital Remaster),7906.0,8 Mile,7598.0,Everytime I...,7414.0,B-Boy Bouillabaisse: A.W.O.L. (2009 Digital Remaster),9.267000000000012,Everytime I...,9.042499999999968,8 Mile,9.032999999999994,Runaway,0.7562206472032845,Awake Enough,0.7455293784764403,Ball Peen Hammer,0.7382286680954132,Runaway,0.761836093336518,Awake Enough,0.7505999415922849,Ball Peen Hammer,0.7439489791176387,Face Down,228.29648699286105,Overdose (Album Version),213.44559569856884,Curse,203.8886787355564,Face Down,0.17042930097810952,Awake Enough,0.15151128214098888,Curse,0.14375527610396288,Never Enough,0.32471283504080156,Lightspan,0.3111236078223039,Hymn,0.2896841928032987,Never Enough,0.35677926616042704,Lightspan,0.32056442887835174,Hymn,0.3127932322791317
339,TRUHHWN128F93045BA,SOKAEJQ12AB0181294,ARVSQHB1187B992FF0,Drowning Pool,Bodies,metal,Hold Me Down (Album Version),1981.0,Locked Up,1906.0,Interlude 5,1870.0,Hold Me Down (Album Version),2.186400000000002,Locked Up,2.1797749999999967,Let Me Be Me,2.0489500000000036,Let The Beat Hit 'Em,0.3857244986273333,Let Me Go Lover,0.37914509770458615,Let Me Be Me,0.3278864198538181,Let The Beat Hit 'Em,0.40398375318503255,Let Me Go Lover,0.3918310297917783,Let Me Be Me,0.344624943503443,Switch,243.25381019761465,Naked,227.42104463046087,AJ Scratch,226.8266644366182,Switch,0.24577262423367116,AJ Scratch,0.2408185633184991,Naked,0.22808067083083866,Wrong Body,0.27997244679991756,Have To Explode,0.27870247231623263,Naked,0.2746487022894252,Naked,0.3160502844539314,Have To Explode,0.3108169471237449,Switch,0.30584586310547823
340,TRJHNLI128F934B2CA,SONCWXR12D021B1283,AR5Z3L01187B99C5A9,Cannibal Corpse,Rotting Head,metal,One of Us,815.0,B-Boy Bouillabaisse: A.W.O.L. (2009 Digital Remaster),724.0,Interlude 5,724.0,One of Us,0.9102812499999969,New Town,0.7705343750000008,Otha Fish,0.770515625,Tuleen Ajettu Maa,0.6553058792971679,Vengeance of Demonic Fury,0.6524107357156264,Bloodletting Upon The Cloven Hoof,0.6144605707405312,Tuleen Ajettu Maa,0.6720242612554111,Vengeance of Demonic Fury,0.6617835182605531,Resolution,0.632672464973576,B-Boy Bouillabaisse: A.W.O.L. (2009 Digital Remaster),117.36857663018212,Piggy Pie,105.85456313600268,Curse,99.80817923534026,Blues For Suckers,0.09322726108724717,Just Another Brother,0.09248074811693101,Piggy Pie,0.09110417789881786,Mummified in Barbed Wire,0.29760713014815493,The Sanity Assassin,0.28886058135557885,Gutter Boy,0.2711255731684096,Mummified in Barbed Wire,0.32923607488933876,The Sanity Assassin,0.3255024722473391,Bourbon,0.3030114022972633
341,TRQGFHN128F428643E,SOVKLCX12A8C13860D,AR0KBXO1187B996460,Slipknot,Gehenna,metal,Interlude 5,6553.0,I'm A Winner (Amended Album Version),6296.0,I Want You,5931.0,Interlude 5,7.531150000000006,I'm A Winner (Amended Album Version),7.438603125000009,I Want You,7.171145312500007,I Want You,0.6942820223995627,Breakin Me,0.6675026216571323,I Want That,0.6559545034297771,I Want You,0.7027788680568936,Breakin Me,0.6772164810780862,I Want That,0.6615524853091157,Brotha,349.9894177687306,She Got Kids,347.0706694889685,Find A Way,321.7719864187508,Brotha,0.4080784820683336,She Got Kids,0.3638894701404378,Sprung,0.36106407205531554,Brotha,0.4916722931658638,GO,0.4851901202393459,Me And My Desire,0.4738846984993061,Brotha,0.5087892481630195,GO,0.5066150452128548,Me And My Desire,0.4961618741398865
342,TRHCDHI128F92C4B9B,SOOHRVS12AF729C881,AR0KBXO1187B996460,Slipknot,[sic] [Explicit],metal,Interlude 5,5014.0,I'm A Winner (Amended Album Version),4682.0,I Want You,3907.0,Interlude 5,5.7913999999999985,I'm A Winner (Amended Album Version),5.541353124999989,I Want You,4.708770312500009,Revenge,0.7982978490055763,Tangled Up,0.789513595712225,Your Eyes,0.7886139921785539,Revenge,0.8055664449826841,Tangled Up,0.7971794189891338,Your Eyes,0.7964214263895867,Overdose (Album Version),273.01024395463406,She Ain't Afraid,260.3357690992652,1st Booty On Duty,236.88869627489206,She Ain't Afraid,0.2268822177723132,Overdose (Album Version),0.22097643111147225,1st Booty On Duty,0.20503800238675918,I'm Sick,0.3048825331317744,Nevertrust [Explicit],0.2872958373755006,She Ain't Afraid,0.26675624778824747,She Ain't Afraid,0.33842819668095936,Rabbit Run,0.33084055460952544,I'm Sick,0.3274852359216364
343,TRVHKNP128F429DDCE,SOENNBZ12A58A7B5A7,ARK9TRQ1187B99C095,Nine Inch Nails,Gunshots by Computer,metal,Interlude 5,3135.0,I'm A Winner (Amended Album Version),2542.0,B-Boy Bouillabaisse: A.W.O.L. (2009 Digital Remaster),2420.0,Interlude 5,3.4449499999999973,I'm A Winner (Amended Album Version),2.8678562500000053,B-Boy Bouillabaisse: A.W.O.L. (2009 Digital Remaster),2.6287718750000004,Ex-Factor,0.5168808838052986,Nipple To The Bottle,0.5007177731307332,Untouchable,0.49994853102996184,Ex-Factor,0.5377272114850229,Honest Expression,0.5242725953050008,Untouchable,0.5239390877455391,Interlude 5,182.84553145749052,Let's All Get Drunk,170.9585932218781,Twizala,169.01891126197535,Twizala,0.17762493371784463,Let's All Get Drunk,0.15842087667730034,Tranny Chaser,0.15603603572195324,Tranny Chaser,0.2987520730294909,Twizala,0.29277099728479533,Disco,0.26278281867593783,Tranny Chaser,0.3377523120387453,Twizala,0.32973176482895306,Here I Am,0.287550427934502
344,TREFLCZ128F4236589,SOJKLWM12A81C23BBC,ARDQ9AP1187B9BA3F6,Killswitch Engage,Hope Is... (Album Version),metal,Interlude 5,1777.0,Remind Me (Live),1776.0,Miss You,1498.0,Remind Me (Live),2.1645374999999993,Interlude 5,1.9084500000000018,Miss You,1.7715624999999966,Heroes Of Our Land,0.6246646920627774,Manhattan,0.5633799221145632,We Are the End,0.5335869830557823,Heroes Of Our Land,0.6340553127318005,Manhattan,0.575011056267938,We Are the End,0.5454685055683166,Rise Up,130.47799805605806,(Don't) Give Hate A Chance,108.73001663245435,Lost In This Moment,100.9359637212283,Rise Up,0.1350527949126201,(Don't) Give Hate A Chance,0.1118951636146786,Lost In This Moment,0.10851744457294146,No More Runnin,0.29051726240545317,Lost In This Moment,0.2794488656914056,Rise Up,0.25995333351900335,No More Runnin,0.3182827193101443,Lost In This Moment,0.30957927141529873,Rise Up,0.295200713090949
345,TRQFRJG128F4260199,SOVJLIF12A8C137957,ARHXK5N1187B98F942,Opeth,The Moor,metal,Interlude 5,3473.0,B-Boy Bouillabaisse: A.W.O.L. (2009 Digital Remaster),2908.0,I'm A Winner (Amended Album Version),2291.0,Interlude 5,3.9433500000000006,B-Boy Bouillabaisse: A.W.O.L. (2009 Digital Remaster),3.302245312500007,I'm A Winner (Amended Album Version),2.603709374999998,Elohim (1972),0.7603160204056151,Skullptures,0.7259657657705124,Snoopafella (Edited),0.7223625933448801,Elohim (1972),0.773323513414559,Skullptures,0.7385221318397993,Snoopafella (Edited),0.7375630740202269,B-Boy Bouillabaisse: A.W.O.L. (2009 Digital Remaster),181.2719857152588,Interlude 5,157.56970076130088,The Fire In Which You Burn (feat. J-Treds & The Brewin From The Juggaknots),145.36179456936355,Standing,0.09740109271975922,fly,0.09069223257696599,I'm Going On A Long Journey Never To Return,0.08910404977039953,Cambridge (Album Version),0.2936160887521369,Standing,0.23470451442245202,Turn Away,0.2306183656509125,Cambridge (Album Version),0.34077104523252494,Standing,0.29993714280626016,Turn Away,0.28355636388522754
346,TRMFSTL128F427B6C1,SOIXQXH12A8C135FC8,ARMOHN71187FB3959F,Atreyu,This Flesh A Tomb (Instrumental Version),metal,Interlude 5,4268.0,B-Boy Bouillabaisse: A.W.O.L. (2009 Digital Remaster),3816.0,I'm A Winner (Amended Album Version),3325.0,Interlude 5,4.854299999999998,B-Boy Bouillabaisse: A.W.O.L. (2009 Digital Remaster),4.368001562499991,I'm A Winner (Amended Album Version),3.842096874999988,Let Me Into Starfish Land,0.7562160690734316,Bent,0.7556727068515351,Runaway,0.7554985052223722,Let Me Into Starfish Land,0.7664126056021127,Bent,0.7658798907769248,Runaway,0.7653720646791049,8 Mile,219.34325658449964,Interlude 5,201.03289568313863,B-Boy Bouillabaisse: A.W.O.L. (2009 Digital Remaster),191.32486037015883,Make Me Lose Control,0.14500401893844347,8 Mile,0.1383304344315991,Curse,0.1202522416211588,Little Girl,0.2669188066923382,Heroe,0.26310769029559944,Baby Be Mine,0.25637597969731835,Baby Be Mine,0.32267810931970015,Little Girl,0.31934260908347745,Dream,0.31897456620167003
347,TRALERK12903CDCAFD,SOZABYO12A8C143546,ARWMFZH11C8A4219E0,For Today,A Higher Standard,metal,Interlude 5,1972.0,Ice Is Workin' It,1384.0,Touch It / Technologic,1382.0,Interlude 5,2.198199999999998,Touch It / Technologic,1.6221937500000039,Ice Is Workin' It,1.603850000000001,It's Undeniable,0.6853663724168803,Prime Time TV,0.6722792022799882,It's De-Lovely,0.6546935110729452,It's Undeniable,0.6986506430099624,Prime Time TV,0.6878967658034362,It's De-Lovely,0.6639397904075182,One of Us,148.74866210284605,B-Boy Bouillabaisse: A.W.O.L. (2009 Digital Remaster),147.73932909904303,Man In The Mirror,132.97074050135978,One of Us,0.1306994238443364,Man In The Mirror,0.11511304859100642,Resolution,0.08891774398275923,Migration,0.2777128164074602,By Our Brotherhood With Seth,0.26472623164409226,Automatic Man (Album Version),0.2626924446119313,One of Us,0.3170591427668153,Migration,0.3093155651779977,Automatic Man (Album Version),0.3068543734078564
348,TRDIJKP12903CDCAF4,SOATHYW12A8C143527,ARWMFZH11C8A4219E0,For Today,Redemption,metal,Interlude 5,1761.0,B-Boy Bouillabaisse: A.W.O.L. (2009 Digital Remaster),1390.0,My Darling,1161.0,Interlude 5,1.9942500000000019,B-Boy Bouillabaisse: A.W.O.L. (2009 Digital Remaster),1.5643906250000001,My Darling,1.3245468750000011,So_ I Guess This Is Goodbye,0.6154378684274523,Happymess,0.6116074730362402,Furtive Monologue,0.6095927644683617,So_ I Guess This Is Goodbye,0.6321840409012528,Happymess,0.6292424298161395,Furtive Monologue,0.6228251496053563,Interlude 5,102.87494246908406,Overdose (Album Version),92.50766248326603,Let It Be,89.83839305574826,Let It Be,0.07084092271393343,Wayfarin' Stranger,0.07025714512089787,Sticky,0.06999178482964692,God Is My Friend,0.2607535995560013,Domination,0.25348135153480184,Call the Ships to Port,0.24426707091058364,Domination,0.29506222289176587,God Is My Friend,0.2947492749564852,Call the Ships to Port,0.28685682836099485
349,TRZQYIJ128F92E7F49,SOYPYRU12AB017F852,ARVJR1N1187FB4144A,Lamb Of God,We Die Alone (Bonus Track),metal,Interlude 5,1626.0,We Gonna Rock,1182.0,Undead,1013.0,Interlude 5,1.7749000000000001,We Gonna Rock,1.4243000000000003,Undead,1.144974999999999,Daneurysm,0.5794771985190575,Die Polizei,0.5459137220887282,Dead March,0.540832584608506,Daneurysm,0.5869391856534222,Die Polizei,0.5552489765968329,I Think We're Alone Now (Single/LP Version),0.5523507547078581,The Hourglass,133.70744617389036,B-Boy Bouillabaisse: A.W.O.L. (2009 Digital Remaster),128.70078387794345,Resurrection,106.13922091112964,Rise Against,0.11408863538983459,Die Another Day [Live],0.102921653131581,The Hourglass,0.09865841578097527,-9-,0.3428804587613918,5 Years Of Silence,0.3405695842476497,Rise Against,0.3310619135614905,5 Years Of Silence,0.3609821262274906,Rise Against,0.3600149701154307,-9-,0.3546834644604173
350,TRMYVVL128F92E865E,SODLQJO12A8C139576,ARWIA8D1187B990A0C,STRATOVARIUS,Elements,metal,Interlude 5,2289.0,One of Us,2216.0,B-Boy Bouillabaisse: A.W.O.L. (2009 Digital Remaster),2135.0,One of Us,2.5043906250000005,Interlude 5,2.421950000000003,B-Boy Bouillabaisse: A.W.O.L. (2009 Digital Remaster),2.3013734375000023,Fountainhead,0.5643511611369215,13 Months Of Sunshine,0.5587545182408156,The chronicle of shadows,0.5425058639766578,Fountainhead,0.5809928937741268,13 Months Of Sunshine,0.5721870309909729,The chronicle of shadows,0.5582489746603887,Tuleen Ajettu Maa,169.85142660926053,Paprika Plains  (Remix),146.81290852349346,Resolution,143.90267417316258,Tuleen Ajettu Maa,0.15280213550739213,Heal The Waters,0.1462672803128763,Joy,0.12972437726593536,Infant Joy,0.27474957418936424,Heal The Waters,0.2735044027297472,Utterance,0.2647514900902412,Heal The Waters,0.31048116786053326,Utterance,0.3002066674209912,Infant Joy,0.29163418384662426
351,TRIKFKO128F426A6FC,SORDWWC12A8C13AA28,ARWIA8D1187B990A0C,STRATOVARIUS,Know The Difference,metal,Interlude 5,3160.0,B-Boy Bouillabaisse: A.W.O.L. (2009 Digital Remaster),2246.0,Man In The Mirror,2051.0,Interlude 5,3.6187999999999945,B-Boy Bouillabaisse: A.W.O.L. (2009 Digital Remaster),2.5305249999999986,Man In The Mirror,2.2798000000000016,What Do I Know,0.5608945283514114,Genius,0.551021448916369,I Can Change,0.5414909375099236,What Do I Know,0.5777648532054018,Genius,0.5595505781204345,I Can Change,0.557300624962853,Interlude 5,178.47205509578245,One Word,131.8241637791693,Make A Move,131.4263707509306,One Word,0.12464063842993635,Don't Get Around Much Anymore,0.11477571501126878,Interlude 5,0.1118341183691529,Don't Get Around Much Anymore,0.3186512232293507,You're Not Supposed To,0.30597807824649403,He Loves Me (Lyzel In E Flat),0.30382686629499256,Don't Get Around Much Anymore,0.34489333646637077,He Loves Me (Lyzel In E Flat),0.3315329064185237,You're Not Supposed To,0.3270601110158287
352,TRJAFPP128F426AB25,SOXHFBO12A8C13132A,AR9C8IE1187B9ACC99,System of a Down,Peephole,metal,I'm A Winner (Amended Album Version),5819.0,Interlude 5,5190.0,New Town,4318.0,I'm A Winner (Amended Album Version),6.925025,Interlude 5,5.953899999999999,New Town,5.1760125000000095,It's Only Money,0.6208140134342525,It's Only Money,0.6208140134342525,Castles In The Sky,0.6053955509406352,It's Only Money,0.6292793229203554,It's Only Money,0.6292793229203554,Castles In The Sky,0.6144659106620916,Stuck In The Middle,185.49663085591973,Bleed For Me,154.24238485840684,Stuck Inside Of Mobile With The Memphis Blues Again,152.42112944091193,Stuck In The Middle,0.20755084038392366,Bleed For Me,0.17685961206876707,Burning Bridges,0.15327960999848073,Bleed For Me,0.3545477174956427,Stuck In The Middle,0.330705468411798,Web In Front,0.30664208659545955,Bleed For Me,0.373313102241612,Stuck In The Middle,0.35285446428964073,Web In Front,0.32685003376437266
353,TRYMCCD128F421CD27,SOPTZIL12A6D4FD7AC,ARR057Y1187B9A16E7,Children Of Bodom,Hellhounds on My Trail,metal,Interlude 5,4753.0,I'm A Winner (Amended Album Version),3783.0,B-Boy Bouillabaisse: A.W.O.L. (2009 Digital Remaster),3635.0,Interlude 5,5.343249999999999,I'm A Winner (Amended Album Version),4.337937499999996,I Want You,4.160218749999996,My Finest Hour,0.7185938175801597,Tell Me (Acoustic),0.7117842712995434,Heartattack,0.7086845694897054,My Finest Hour,0.7325219522759784,Tell Me (Acoustic),0.7279971810899087,Heartattack,0.7233155202192146,Interlude 5,347.23060202146206,B-Boy Bouillabaisse: A.W.O.L. (2009 Digital Remaster),268.27306202338144,Overdose (Album Version),242.75719546786323,Interlude 5,0.20634387081159591,Undead,0.16224123849173494,Para-noir,0.15140273545683036,Para-noir,0.28035825588455804,Gotta Go,0.2767225081733097,Vague Love Song,0.26292429825991476,All About U,0.33881018009880154,Gotta Go,0.3309475984128218,Interlude 5,0.327697503824459
354,TRVIFKS128F426813A,SOKVYHH12A81C22CC4,ARR057Y1187B9A16E7,Children Of Bodom,No Commands,metal,Interlude 5,2491.0,B-Boy Bouillabaisse: A.W.O.L. (2009 Digital Remaster),2308.0,Miss You,2142.0,Interlude 5,2.7641500000000003,B-Boy Bouillabaisse: A.W.O.L. (2009 Digital Remaster),2.5926375000000035,Miss You,2.5646875000000064,Pride,0.7190860717153248,The Girls In Their Summer Dresses,0.6929569638575331,No More Runnin,0.6732635960442215,Pride,0.730685325394385,The Girls In Their Summer Dresses,0.7059013632518532,No More Runnin,0.685946789689363,Interlude 5,201.45932570375032,B-Boy Bouillabaisse: A.W.O.L. (2009 Digital Remaster),151.47726491240925,One Word,146.3739924262501,One Word,0.1375665493040944,It Doesn't Matter Anymore,0.13530950345253814,Interlude 5,0.12598510762372556,It Doesn't Matter Anymore,0.3342992201121327,Take Me,0.2910852345841348,One Word,0.2708517304581452,It Doesn't Matter Anymore,0.37718416023353823,Take Me,0.3387268207065606,One Word,0.32976723258166274
355,TRLHJMW128F1493BA1,SOZUQLN12A5891F885,AR4KS8C1187FB4CF3D,Tori Amos,Mother (2006 Remastered Alternate Mix),metal,Interlude 5,3989.0,B-Boy Bouillabaisse: A.W.O.L. (2009 Digital Remaster),3698.0,I'm A Winner (Amended Album Version),3159.0,Interlude 5,4.425049999999996,B-Boy Bouillabaisse: A.W.O.L. (2009 Digital Remaster),4.153181249999999,I'm A Winner (Amended Album Version),3.5819874999999985,B-Boy Bouillabaisse: A.W.O.L. (2009 Digital Remaster),0.6781064580343268,Mr. Wiggles,0.6660451523952875,Clickety Clack,0.658929887410537,B-Boy Bouillabaisse: A.W.O.L. (2009 Digital Remaster),0.7006273830040078,Mr. Wiggles,0.6860587240275627,Clickety Clack,0.6789315977170077,Interlude 5,274.76296982346605,B-Boy Bouillabaisse: A.W.O.L. (2009 Digital Remaster),247.3404089465848,My Darling,223.03044514559872,Not Leaving Without You (Album Version),0.15982533411139482,The Light & The Glass,0.1595205227014154,It's Alright,0.15131666006424502,Dance Me,0.2579044315287652,Plaza,0.25292680750849617,All That Jazz,0.2347378178462557,The Light & The Glass,0.2937202897611261,All That Jazz,0.29370480962818396,Plaza,0.28295373773489557
356,TRZGXNM128F1451ADF,SOGGUIK12A6D4F5F5B,ARHTAPO1187FB5AADE,Iron Maiden,Lord Of The Flies (Live In Dortmund),metal,Interlude 5,2778.0,B-Boy Bouillabaisse: A.W.O.L. (2009 Digital Remaster),2016.0,One of Us,1833.0,Interlude 5,3.0654000000000003,B-Boy Bouillabaisse: A.W.O.L. (2009 Digital Remaster),2.1795515625000004,One of Us,2.0451093750000022,Photography,0.6413408846177058,Growin' Old,0.6270552968291512,Perfect Stranger,0.6115632869142172,Photography,0.649652866201779,Growin' Old,0.6422040191894371,Perfect Stranger,0.6240552973474305,Oh Jerusalem,184.96323021155507,Interlude 5,180.36894634035306,Curse,174.37419271225897,Oh Jerusalem,0.16364468559970718,Curse,0.13234500524660825,She's A Star,0.12316755912892377,Soul Possessed,0.3386331886030171,May It Be,0.32032586433733307,Red Flag,0.2714300774149353,Soul Possessed,0.36914159705691013,May It Be,0.3523104498948682,Oh Jerusalem,0.32782600540089046
357,TROGUOT128F147F39A,SOPFDRI12A6D4F83F4,ARHTAPO1187FB5AADE,Iron Maiden,Phantom Of The Opera (Live) (1998 Digital Remaster),metal,Interlude 5,4990.0,I'm A Winner (Amended Album Version),3658.0,My Darling,3483.0,Interlude 5,5.8603,I'm A Winner (Amended Album Version),4.325987499999999,My Darling,4.122868749999998,Nausea,0.8406231946758768,Angelina,0.8371306691765787,Predictable,0.8348878714500753,Nausea,0.8467369926646121,Angelina,0.8429679722119156,Predictable,0.840067919980346,Slam,164.3431252988251,Slam Harder,164.3431252988251,B-Boy Bouillabaisse: A.W.O.L. (2009 Digital Remaster),152.80133927425098,Slam,0.14830404132920372,Slam Harder,0.14830404132920372,Do It Again,0.10144293874350846,Walk The Proud Land,0.2792882979250211,Don't Look Back,0.27829825544970865,Runnin' With The Devil,0.27649297721621635,Don't Look Back,0.3301421506205488,Slam,0.32657654297518274,Slam Harder,0.32657654297518274
358,TRJYSJS128EF356B75,SOTFXJB12A58A7692B,ARQATWU1187B98EE26,Ill Niño,Re-Birth,metal,Interlude 5,9791.0,I'm A Winner (Amended Album Version),8922.0,That's What You Told Me,7795.0,Interlude 5,11.461349999999996,I'm A Winner (Amended Album Version),10.644443749999999,That's What You Told Me,9.445887500000003,Into The Sun,0.8338938474189721,All About You,0.7416617882204967,Out of Character,0.7410632597529286,Into The Sun,0.8377308272040479,Out of Character,0.7489598668381433,All About You,0.748672022688164,Interlude 5,282.301772237736,B-Boy Bouillabaisse: A.W.O.L. (2009 Digital Remaster),228.03162946677253,The Hourglass,223.50257516932194,Interlude 5,0.17049837837228451,Shoulda Put Something On,0.1675019093478626,Mr. Outsider,0.16705143854405274,Into The Sun,0.3815608759609441,Undefeated,0.32362095117492023,Burn,0.29192792038610516,Into The Sun,0.4170842574571826,Undefeated,0.36692244533779994,Burn,0.33302440344908957
359,TRSUANW128F930BD52,SOHWQLM12AB017E46B,ARDZQ7Z1187B99711A,Kamelot,This Pain,metal,Interlude 5,2009.0,B-Boy Bouillabaisse: A.W.O.L. (2009 Digital Remaster),1722.0,8 Mile,1405.0,Interlude 5,2.200749999999999,B-Boy Bouillabaisse: A.W.O.L. (2009 Digital Remaster),1.8928359374999986,8 Mile,1.5602890624999979,Releasing Hypnotical Gases,0.5750933171604559,Ballad In Plain D,0.5724776268885771,Abandon Ship,0.5659868946676431,Releasing Hypnotical Gases,0.5980200053758546,Ballad In Plain D,0.5941583075925528,Abandon Ship,0.586963426420464,Interlude 5,159.08222087003668,Overdose (Album Version),155.63689624947813,She Ain't Afraid,146.34136192006542,Blessed 2 Have,0.12190643787839768,She Ain't Afraid,0.10748073124175572,Overdose (Album Version),0.10244795585546751,Witness To A Murder (Part 2),0.27609429466101915,Pain in My Heart,0.2400417921577669,Blessed 2 Have,0.2314952167697264,Witness To A Murder (Part 2),0.3081426727662671,Blessed 2 Have,0.27563617547052616,Pain in My Heart,0.2725067821029018
360,TRRIRCF128F426A606,SOFRVOH12A8C132F50,ARXPPEY1187FB51DF4,Michael Jackson,You Are Not Alone,pop,Interlude 5,8798.0,I'm A Winner (Amended Album Version),7672.0,My Darling,7036.0,Interlude 5,10.220099999999992,I'm A Winner (Amended Album Version),9.081943749999992,My Darling,8.319159375000005,Dressed To Kill,0.7811525199246072,You Don't Have A Clue,0.7752268528358752,To Where You Are,0.7668680646454287,Dressed To Kill,0.7874136640838154,You Don't Have A Clue,0.7824166637149198,To Where You Are,0.7746958016316867,Interlude 5,236.08213408875218,So Far,221.1331200122185,The Hourglass,211.71634913284691,So Far,0.21148114492069292,Apart,0.17082590169554668,Stay Another Day,0.1600107909988535,Stay Another Day,0.31356722783726826,So Far,0.29105978396027976,From Here To Eternity,0.29099033056386203,Stay Another Day,0.3585380117322224,So Far,0.34902635473980514,From Here To Eternity,0.3278026315608433
361,TREUPHA128F4278F34,SOTLPVB12CF5CFD7F3,ARXPPEY1187FB51DF4,Michael Jackson,Baby Be Mine,pop,Interlude 5,7579.0,I'm A Winner (Amended Album Version),6234.0,B-Boy Bouillabaisse: A.W.O.L. (2009 Digital Remaster),5254.0,Interlude 5,8.705549999999992,I'm A Winner (Amended Album Version),7.290456249999994,I Want You,6.112665625000003,Anytime,0.7605082734012643,Dream,0.7570053656774904,Preacher On A Sunday Morning,0.7260830175609759,Anytime,0.7709399009187753,Dream,0.7679262438085412,Preacher On A Sunday Morning,0.7391723196073088,Just Right,217.66494315247542,B-Boy Bouillabaisse: A.W.O.L. (2009 Digital Remaster),210.86506158845464,Interlude 5,210.0699745537494,Just Right,0.2030092383110471,Waiting For The Day,0.1754117186513136,Hey Child,0.1745872994324172,Be My Girl,0.38845956297932405,Anytime,0.3321911624823005,Give Me Time,0.33202520560691284,Be My Girl,0.42722739760020473,Anytime,0.3899333887186531,Give Me Time,0.38086206160528485
362,TRQAWKR128F425EEC3,SOFHEBR12CF5F892C7,ARXPPEY1187FB51DF4,Michael Jackson,Man In The Mirror,pop,Interlude 5,22971.0,I'm A Winner (Amended Album Version),19432.0,B-Boy Bouillabaisse: A.W.O.L. (2009 Digital Remaster),15159.0,Interlude 5,25.811149999999994,I'm A Winner (Amended Album Version),22.39305624999999,B-Boy Bouillabaisse: A.W.O.L. (2009 Digital Remaster),16.521371875000003,Show Me The Money,0.5718009748687517,Sunshine,0.5643738229200912,LaLa,0.5411750827220249,Show Me The Money,0.5897635004021178,Sunshine,0.5880589018332385,One,0.5623304492220924,Interlude 5,586.4028698272313,Say Now,537.6366216256879,A8,522.7680003150882,Say Now,0.4795931013418697,Blues For Suckers,0.4774129158966937,Universal Prayer,0.46631415555146033,Oh Na Na Na,0.37432745489687175,Dla Niego,0.36841536789889745,Universal Prayer,0.34061907411260056,Universal Prayer,0.3976972179083154,A8,0.3911129450535214,Blues For Suckers,0.3851028698729677
363,TRCYAYD128F92F3758,SODIHGW12CF5F88001,ARXPPEY1187FB51DF4,Michael Jackson,Why You Wanna Trip On Me,pop,Interlude 5,4979.0,Hold Me Down (Album Version),4785.0,That's What You Told Me,4464.0,Hold Me Down (Album Version),5.73189375,Interlude 5,5.685550000000002,That's What You Told Me,5.373787499999997,U,0.6201604165101683,Thinking Blues,0.5978789187092537,Shame On Me,0.5962427569999834,U,0.6283285693322629,Thinking Blues,0.6096649878630613,Shame On Me,0.604518605708452,Interlude 5,291.92437342670723,Man In The Mirror,208.28029957800504,B-Boy Bouillabaisse: A.W.O.L. (2009 Digital Remaster),190.831265639159,Interlude 5,0.2243042530330747,Man In The Mirror,0.1896789962204567,Your Song,0.16887485742706254,Everytime We Live Together We Die A Bit More,0.34330406890450055,Give Me What I Want (LP Version),0.3073856828907195,What's On Your Radio?,0.28438979132298164,Everytime We Live Together We Die A Bit More,0.3690216024747901,Give Me What I Want (LP Version),0.34993549415721353,Ain't No Stopping Us Now,0.3309045640789886
364,TRGJXNX128F92F8757,SOEURRQ12D02194749,ARORMBJ1241B9CDB1A,Ke$ha,TiK ToK,pop,Interlude 5,4104.0,B-Boy Bouillabaisse: A.W.O.L. (2009 Digital Remaster),4058.0,I'm A Winner (Amended Album Version),3618.0,B-Boy Bouillabaisse: A.W.O.L. (2009 Digital Remaster),4.453153124999998,Interlude 5,4.389399999999998,I'm A Winner (Amended Album Version),4.038493749999998,Trife Life,0.6667075262446405,Ain't No Stopping Us Now,0.6613966525856648,We Brings Heat,0.621176259226523,Trife Life,0.6893796234755959,Ain't No Stopping Us Now,0.6782559135932518,We Brings Heat,0.6453767728066259,Interlude 5,326.08827992462477,B-Boy Bouillabaisse: A.W.O.L. (2009 Digital Remaster),311.4759360375377,I'm A Winner (Amended Album Version),263.1729813549695,Let's All Get Drunk,0.2347156284248777,I'm A Winner (Amended Album Version),0.2329177036047785,It's A Party,0.22948306109922176,Ringa Ding Ding,0.33343271944073155,Party Crashers,0.288000044165284,It's A Party,0.2842275461176103,Ringa Ding Ding,0.37093179480225213,It's A Party,0.3551921773243002,Let's All Get Drunk,0.3392912627997535
365,TRNQDAJ128F92F4AE0,SOQDMKM12A58A7A9B2,ARF5M7Q1187FB501E8,Maroon 5,Nothing Lasts Forever,pop,Interlude 5,5698.0,I'm A Winner (Amended Album Version),4709.0,Splurge,4008.0,Interlude 5,6.393400000000001,I'm A Winner (Amended Album Version),5.409759375000004,I Want You,4.742035937500007,It's Alright,0.6977854778434903,I Try,0.6288350588609991,Splurge,0.6256400206416594,It's Alright,0.7116653289954948,So Alone,0.6444344381904505,Splurge,0.6425857531241738,Interlude 5,290.72820496741883,B-Boy Bouillabaisse: A.W.O.L. (2009 Digital Remaster),285.7694297828769,I Love You Babe,280.6312802034596,I Love You Babe,0.3028527833839013,The Hurt,0.2216691924153636,I'd Hate To Be You When People Find Out What This Song Is About (Album),0.19325077614263075,I Love You Babe,0.4394775372172604,The Hurt,0.3182583738090102,I'd Hate To Be You When People Find Out What This Song Is About (Album),0.3001133102276457,I Love You Babe,0.47358245040502,The Hurt,0.370536067310815,I'd Hate To Be You When People Find Out What This Song Is About (Album),0.35355511031013254
366,TRHKYKI128E07921BC,SOPOYAC12D021B2BE2,ARDCFNZ1187FB3DDB0,Enrique Iglesias,Roamer,pop,B-Boy Bouillabaisse: A.W.O.L. (2009 Digital Remaster),5514.0,8 Mile,4976.0,Interlude 5,4622.0,B-Boy Bouillabaisse: A.W.O.L. (2009 Digital Remaster),6.328932812499993,8 Mile,5.794692187499997,Over It (Acoustic),5.2490515624999965,It's Like That,0.7552979748719144,8 Mile,0.7517455508574978,Fucked Up,0.7362588804630822,It's Like That,0.7666848213591823,8 Mile,0.7642215266355509,Fucked Up,0.7497658843732983,B-Boy Bouillabaisse: A.W.O.L. (2009 Digital Remaster),312.51579873589634,8 Mile,283.36993896432426,The Dance,228.4407086832503,8 Mile,0.208565550907898,B-Boy Bouillabaisse: A.W.O.L. (2009 Digital Remaster),0.20637665340110076,Touch It / Technologic,0.18232626917970776,I Still Feel,0.27430352843065847,Let Me Out,0.2666814372614676,I Am Not A Whore,0.2479691736106499,Let Me Out,0.3237304887767215,I Still Feel,0.31858968791183995,B-Boy Bouillabaisse: A.W.O.L. (2009 Digital Remaster),0.3172659381135096
367,TRTJYFF128F9340CA9,SOYXNXN12A8C131F3D,ARML3X41187FB35F2E,Jason Mraz,Live High (Album Version),pop,Interlude 5,2496.0,Touch It / Technologic,2054.0,Ice Is Workin' It,2044.0,Interlude 5,2.6255000000000006,Touch It / Technologic,2.3723203125000007,Ice Is Workin' It,2.3211875000000006,Black & White,0.5000502692115251,Mexico City,0.4874932228677985,Let's Live It Up,0.4602619194630969,Black & White,0.5247903083791047,Mexico City,0.5052363035421391,Virtual Insanity,0.4831657252356816,B-Boy Bouillabaisse: A.W.O.L. (2009 Digital Remaster),264.5145201020481,Interlude 5,211.20113725431247,I Love U In Me ( LP Version),193.18333756556996,Someday,0.16289252737840074,Queen Of Hollywood ( LP Version ),0.15779995699218546,B-Boy Bouillabaisse: A.W.O.L. (2009 Digital Remaster),0.14788381755012522,Easy,0.33548732657705893,Penelope Tree,0.31847581052427776,Easy Living,0.29049428452696935,Easy,0.36918303975300876,Penelope Tree,0.3582155438420659,Easy Living,0.32610998577653794
368,TRMBGMX128F92FD769,SOREOCT12AB0184E18,ARKSZW81187B9B695D,Mariah Carey,Did I Do That?,pop,Interlude 5,12494.0,I'm A Winner (Amended Album Version),9967.0,My Darling,8848.0,Interlude 5,14.5112,I'm A Winner (Amended Album Version),11.735746874999997,I Want You,10.598404687499999,What You Do To Me,0.7990768675616652,"You Are The Universe (Roger's Universal 7"" Edit)",0.7631379539420372,The Hop,0.7616972696340067,What You Do To Me,0.8054571054467728,The Hop,0.770880030994126,It's Only Your Life,0.769442004214009,Interlude 5,384.2404164749253,B-Boy Bouillabaisse: A.W.O.L. (2009 Digital Remaster),332.80538277238185,What's On Your Mind,267.7381241735541,Interlude 5,0.2401506133846113,So Not Over You,0.21115962761861165,What's On Your Mind,0.20340068497567945,So Not Over You,0.261618558248605,Killing Time,0.25570273145256284,Use Me,0.24521762593190438,So Not Over You,0.3290830501229228,Freedom,0.3202920168330497,What's On Your Mind,0.31679949350897774
369,TRWMZQL128F9306DCB,SOQWWOQ12AAF3B22EA,ARKSZW81187B9B695D,Mariah Carey,I'll Be There,pop,Interlude 5,7134.0,I'm A Winner (Amended Album Version),6537.0,B-Boy Bouillabaisse: A.W.O.L. (2009 Digital Remaster),6522.0,Interlude 5,8.243599999999994,I'm A Winner (Amended Album Version),7.7308343750000015,I Want You,7.592323437499967,I'll Be There,0.9570638510280608,There Will Be A Light,0.7905674614617442,It's All Up To You,0.7835298542592499,I'll Be There,0.9577936708564238,There Will Be A Light,0.793572943575263,It's All Up To You,0.7879539273141432,I'll Be There,227.44109683580837,B-Boy Bouillabaisse: A.W.O.L. (2009 Digital Remaster),184.5600288118123,Interlude 5,155.66880155530615,I'll Be There,0.26346738378210277,All Over The World,0.1165050874021452,With You,0.11547576447888941,I'll Be There,0.8812693548871117,Worlds Keep Spinning,0.31588906690369445,You'll Be In My Heart,0.288204911947519,I'll Be There,0.8889923564633931,Worlds Keep Spinning,0.36568061416960296,You'll Be In My Heart,0.34123765228973024
370,TRRIZDV128F92C1F17,SOBQRXD12A8C13FB26,ARBAW9R1187B98FB6B,Natasha Bedingfield,I Think They're Thinking - Interlude,pop,B-Boy Bouillabaisse: A.W.O.L. (2009 Digital Remaster),1039.0,Interlude 5,1025.0,Splurge,989.0,B-Boy Bouillabaisse: A.W.O.L. (2009 Digital Remaster),1.1737265625,Splurge,1.1618046874999977,Everytime I...,1.134296874999996,Guns And Dolls,0.569484557071863,Thinking About You,0.5649859531015334,Oooh,0.5641155363161793,Guns And Dolls,0.5804846047689669,Thinking About You,0.5771466951321084,Oooh,0.575380998347272,Interlude 5,92.28922178177795,Undead,75.1135278345527,B-Boy Bouillabaisse: A.W.O.L. (2009 Digital Remaster),66.63703643901408,Hate,0.07118445724316849,Undead,0.06854693943865792,Interlude 5,0.06845792249332912,Your Guts (I Hate 'em) (Live),0.3552737620793819,Hate,0.31683047406025927,Better Life,0.3035544805844042,Your Guts (I Hate 'em) (Live),0.37406099057822473,Hate,0.3390351945020721,Better Life,0.3307675980819231
371,TREXAZN128F425A825,SOUPUNL12A8AE48502,ARBAW9R1187B98FB6B,Natasha Bedingfield,Silent Movie,pop,Interlude 5,4849.0,I'm A Winner (Amended Album Version),3575.0,Hold Me Down (Album Version),3340.0,Interlude 5,5.54835,I'm A Winner (Amended Album Version),4.133553125000002,Hold Me Down (Album Version),3.9373656250000035,Mighty Good,0.708094771581105,Predictable,0.6978586134139816,You Don't Have A Clue,0.6955586950005662,Mighty Good,0.7196103777143457,Predictable,0.7081814897881549,You Don't Have A Clue,0.7073473561605901,Interlude 5,251.65677526475625,B-Boy Bouillabaisse: A.W.O.L. (2009 Digital Remaster),244.68023441418586,Spitfall,179.16431977103667,Interlude 5,0.14789091839222615,B-Boy Bouillabaisse: A.W.O.L. (2009 Digital Remaster),0.13595957364434136,Spitfall,0.12818212168709697,Phoenix From The Fire,0.24461125370120107,Enjoy Yourself,0.24392556475935015,Freestate,0.24026443459033311,Phoenix From The Fire,0.2922322338217689,Enjoy Yourself,0.2880005822400351,Freestate,0.28006371840573746
372,TRFYGMB128F425A7A2,SOXDIRH12A8AE45FD5,ARBAW9R1187B98FB6B,Natasha Bedingfield,Stumble,pop,Interlude 5,8293.0,I'm A Winner (Amended Album Version),7445.0,I Want You,6090.0,Interlude 5,9.706150000000006,I'm A Winner (Amended Album Version),8.874853125000008,I Want You,7.369895312500009,Ain't No Way (You Won't Love Me),0.8264005546707714,Revenge,0.8228813036135704,Club Megamix,0.817867016162311,Ain't No Way (You Won't Love Me),0.8328130724606821,Revenge,0.829075976700141,Club Megamix,0.825193747963769,Interlude 5,262.76159203292053,B-Boy Bouillabaisse: A.W.O.L. (2009 Digital Remaster),240.79425961156176,Undead,187.8694486475659,Interlude 5,0.1447846573610861,What's Not Being Said,0.13702548147598834,Club Megamix,0.13605570056157887,More Than This,0.3148707496578859,What's Not Being Said,0.29416630476734035,More Than Words,0.26916749111862276,More Than This,0.3631800643306515,What's Not Being Said,0.3591260966433739,More Than Words,0.32471797564134225
373,TRSRDVR128F92E6CF4,SOIXPFM12AF72A3189,ARDCFNZ1187FB3DDB0,Enrique Iglesias,Heroe,pop,I'm A Winner (Amended Album Version),5891.0,Interlude 5,5886.0,I Want You,4997.0,I'm A Winner (Amended Album Version),7.021037499999985,Interlude 5,6.833100000000001,I Want You,6.053518749999983,Little Girl,0.9954110187808046,Get Sick Soon,0.7844123410835808,To Be With You Again,0.7607457760687035,Little Girl,0.9955455951265381,Get Sick Soon,0.7907233705356336,To Be With You Again,0.7681179384037037,Little Girl,345.4986089214001,One of Us,188.17176597287207,Let's All Get Drunk,180.33718681938387,Little Girl,0.4049679607732314,One Kiss From Heaven,0.16905266010472103,Let's All Get Drunk,0.16489002569251032,Little Girl,0.9815848095634875,Tuesday,0.3470636717690251,Billie Jean,0.32956571664008083,Little Girl,0.9827083902577364,Tuesday,0.37854612384148173,Billie Jean,0.3766000581773986
374,TRNHATG128F428BC8A,SOVSGRO12A8C138859,ARDCFNZ1187FB3DDB0,Enrique Iglesias,Little Girl,pop,I'm A Winner (Amended Album Version),5753.0,Interlude 5,5725.0,I Want You,4868.0,I'm A Winner (Amended Album Version),6.8605624999999915,Interlude 5,6.650249999999996,I Want You,5.899031250000012,Heroe,0.9954110187808053,Get Sick Soon,0.7799721965660319,To Be With You Again,0.7645189525473,Heroe,0.9955455951265381,Get Sick Soon,0.7863453831346229,To Be With You Again,0.7716834565632026,Heroe,345.4986089214001,One of Us,176.46327781276196,Let's All Get Drunk,160.9388904123069,Heroe,0.4049679607732314,One Kiss From Heaven,0.16019316388436458,Billie Jean,0.14547976736770185,Heroe,0.9815848095634785,Tuesday,0.33767484500985434,Forever Yours,0.32438372545410027,Heroe,0.982708390257736,Tuesday,0.36932644599745096,One Kiss From Heaven,0.3556681330770264
375,TREMCSO128F4215877,SOSVMLR12A6D4F7921,ARDCFNZ1187FB3DDB0,Enrique Iglesias,Ruleta Rusa,pop,Dale tiempo al rumor,2382.0,Te Vuelvo Loca,2139.0,Al Natural (Amended Version),2070.0,Dale tiempo al rumor,2.842828124999997,Te Vuelvo Loca,2.5882187499999945,Al Natural (Amended Version),2.4961250000000064,La Media Vuelta,0.7549448460135583,Sacrificio,0.7538834485062886,Entra,0.743794152609174,Sacrificio,0.7600404918828338,La Media Vuelta,0.7593498242919043,Entra,0.7500954419169308,Cantando,668.2403620902737,Dale tiempo al rumor,652.364670157776,Todos Quieren A Raymond,626.8651315020192,Cantando,0.7571519955540612,Dale tiempo al rumor,0.735242435458628,Todos Quieren A Raymond,0.708434101701356,Obsesion (English Remix_ Album Version),0.6492473709714426,Mi Corazoncito,0.621163581363252,Me Lo Estas Poniendo Dificil,0.6131033421750792,Obsesion (English Remix_ Album Version),0.6650959595759786,Mi Corazoncito,0.6365589165410266,Me Lo Estas Poniendo Dificil,0.6293609698043177
376,TRMMVPU128F145EC99,SOTTMRS12A6D4F791C,ARDCFNZ1187FB3DDB0,Enrique Iglesias,Contigo,pop,Dale tiempo al rumor,3252.0,Al Natural (Amended Version),2707.0,Cantando,2568.0,Dale tiempo al rumor,3.8851734375000073,Al Natural (Amended Version),3.261737499999995,Cantando,3.051454687499998,Candela,0.7256498183406741,En el último lugar del mundo,0.7186265787581417,Milonga Del Solitario,0.7133281137274411,Candela,0.731668371221979,En el último lugar del mundo,0.724427634398472,Milonga Del Solitario,0.7207350918709684,Dale tiempo al rumor,801.0532314885153,Cantando,696.2476006776739,El Semáforo,661.0349839281855,Dale tiempo al rumor,0.913171587016727,Cantando,0.7844336767209973,El Semáforo,0.7640892975777269,Mediterraneo,0.637833726479467,19 De Noviembre,0.6176425344172702,Sueños,0.6174507933733105,Mediterraneo,0.6527019231775576,Sueños,0.632278920519414,19 De Noviembre,0.6305642892280185
377,TRFKPYW128F92F21C5,SOJHZAT12D02198B73,AR6PJ8R1187FB5AD70,Shakira,Años Luz,pop,Dale tiempo al rumor,2295.0,Cantando,1947.0,El Negro Está Cocinando,1893.0,Dale tiempo al rumor,2.7610125000000005,Cantando,2.338762500000002,El Negro Está Cocinando,2.3056875000000012,Obsesion (English Remix_ Album Version),0.8448204165353131,Clemencia,0.8344049196672085,Algo Mas,0.8319353726922657,Obsesion (English Remix_ Album Version),0.8486064974777672,Clemencia,0.8379461754934256,Algo Mas,0.8350606568769703,Cantando,600.0081411446531,Dale tiempo al rumor,556.1888153416518,Todos Quieren A Raymond,540.7533256044176,Cantando,0.6854188320910255,Dale tiempo al rumor,0.6289379541908039,Todos Quieren A Raymond,0.6138308216549896,La Coqueta,0.7355482395751101,Mirta_ De Regreso,0.657014058366424,Hazme Sentir,0.6498149105724973,La Coqueta,0.7457744569371051,Mirta_ De Regreso,0.6710002956780482,Hazme Sentir,0.6634004364866098
378,TRCUKHR128F92DF656,SOCWCZN12A8C14388F,ARQ32IT1187FB589D3,Sara Bareilles,Love Song,pop,Interlude 5,9640.0,I'm A Winner (Amended Album Version),9321.0,My Darling,7152.0,Interlude 5,11.176000000000004,I'm A Winner (Amended Album Version),11.080062499999986,I Want You,8.475031249999986,Ain't No Way (You Won't Love Me),0.810271533276964,Revenge,0.7885339231925994,Can't You See,0.785034612012587,Ain't No Way (You Won't Love Me),0.8174797111797105,Revenge,0.7961043133471438,Not Your Baby,0.7920351793826961,Interlude 5,299.83593062219313,B-Boy Bouillabaisse: A.W.O.L. (2009 Digital Remaster),277.0979788826874,Your Song,261.1823939997176,Your Song,0.2271141892036361,Man In The Mirror,0.18323165713764183,I'm A Winner (Amended Album Version),0.18013213515260454,Calls The Tune,0.2959129830634436,I Will Write My Book,0.28663947588705246,Rolling Hills,0.27528019773039414,I Will Write My Book,0.33749231634188476,Calls The Tune,0.3363760962226644,Vacation,0.3257539138184659
379,TRDLWAP128F428F6B9,SORXKZB12AF72A1F72,AR0S7TA1187FB4D024,Christina Aguilera,Candyman,pop,Interlude 5,2374.0,B-Boy Bouillabaisse: A.W.O.L. (2009 Digital Remaster),2114.0,One of Us,2024.0,Interlude 5,2.4707000000000026,One of Us,2.229624999999994,B-Boy Bouillabaisse: A.W.O.L. (2009 Digital Remaster),2.2270374999999993,Wolfman Jack,0.6312732669389767,Old Hippie,0.6214458595136203,Automatic Man (Album Version),0.6136401008442085,Wolfman Jack,0.6556354648529685,Old Hippie,0.6376046190404733,Automatic Man (Album Version),0.6288748355708191,Plumskinzz (Loose Hoe_ God & Cupid),315.44831535705583,Have You Seen Her,308.0908538494562,B-Boy Bouillabaisse: A.W.O.L. (2009 Digital Remaster),286.800897452829,Have You Seen Her,0.31353354625015034,Plumskinzz (Loose Hoe_ God & Cupid),0.28756016030083353,Jump To It,0.26714762054709706,Computer Love,0.34935445882488775,Such A Night,0.32756370857249584,Plumskinzz (Loose Hoe_ God & Cupid),0.32611560762002945,Plumskinzz (Loose Hoe_ God & Cupid),0.3954802029205849,Computer Love,0.3807180389413624,Such A Night,0.37792410514620334
380,TRPEWXU12903CE6EA2,SONLEKN12AC9618818,ARVOZXD12454A4CC66,Selena Gomez & The Scene,Tell Me Something I Don't Know,pop,Interlude 5,11672.0,I Mean (I Don't Mean It),10461.0,B-Boy Bouillabaisse: A.W.O.L. (2009 Digital Remaster),9474.0,Interlude 5,13.506699999999977,I Mean (I Don't Mean It),12.617760937500002,Splurge,11.176807812499993,Salva Mea,0.7588440151627045,All Of Me,0.7425361450786518,Flowers On The Wall,0.7086726376355676,Salva Mea,0.7640494606995895,All Of Me,0.7486372291303719,Flowers On The Wall,0.7159010857040885,Interlude 5,309.61597322077836,8 Mile,226.02549645459186,Tell You Something (Nana's Reprise),191.84166264756152,Interlude 5,0.20607191794235313,Tell You Something (Nana's Reprise),0.177816523950391,Alguien Real (Baby_ I'm In Love),0.16690902000327568,You Do Something To Me,0.2909691285727528,Kiss And Tell,0.2677488317796801,Stutter,0.26662270036386504,Miracle Mile,0.32014313325978555,Kiss And Tell,0.31600109921931113,Stutter,0.31363245497913145
381,TRAYJOF128F92F9EEA,SOAYXCJ12AB0183822,ARJGIOD1187B9AE920,Kelly Clarkson,Cry,pop,Interlude 5,9255.0,I'm A Winner (Amended Album Version),8700.0,B-Boy Bouillabaisse: A.W.O.L. (2009 Digital Remaster),7576.0,Interlude 5,10.669449999999998,I'm A Winner (Amended Album Version),10.28727812499999,I Want You,9.009482812499993,Everytime I...,0.8178212504789794,I'd Like To,0.7973045189921637,I Think I Love You,0.7914075967035933,Everytime I...,0.8202984502943056,I'd Like To,0.8047271924485088,Pervert,0.7981103760430076,Interlude 5,378.74963254423466,My Darling,324.389354773482,8 Mile,298.4283445407682,My Darling,0.2334862974871764,Interlude 5,0.22071727716549397,Lentil (Live),0.18847680136592576,Lentil (Live),0.27883761257094103,Don't Cry Baby,0.2546365765983141,I Was Meant For the Stage,0.24941102731064219,Lentil (Live),0.33452673724952575,Bump What Your Friends Say,0.3165333391407018,Happymess,0.31645955306021195
382,TRARKBB128F92E9468,SORUPLB12A8C14211F,ARFWL8S1187B9B4B44,Céline Dion,Zora sourit,pop,Interlude 5,983.0,She Ain't Afraid,770.0,Panam All Star,764.0,Interlude 5,0.8377499999999999,L'Amour Du Risque,0.8006249999999983,Panam All Star,0.7998749999999991,Laquelle Des Deux Est La Plus Snob,0.36493063263509634,3ème Sexe,0.3642775093494522,Earthless,0.3442080806887703,3ème Sexe,0.38996967967815976,Laquelle Des Deux Est La Plus Snob,0.3890252053892492,Earthless,0.37426056242920896,Panam All Star,723.076697200308,L'Amour Du Risque,693.8899196810887,Sans Rémission,657.8419823892591,Panam All Star,0.775365974943406,L'Amour Du Risque,0.764630436417994,Sans Rémission,0.71475095547622,3ème Sexe,0.5961515252751687,Laquelle Des Deux Est La Plus Snob,0.5815431463349603,Au Printemps,0.5579243427485616,3ème Sexe,0.6138424718730454,Laquelle Des Deux Est La Plus Snob,0.5971468192898574,Le Commerce De L'eau,0.5732922441127999
383,TRFBXJZ128F92D25C0,SOZGQFY12A8C140D8B,ARUFTTR1187FB3A4B0,Newsboys,Dance,pop,Interlude 5,2566.0,B-Boy Bouillabaisse: A.W.O.L. (2009 Digital Remaster),2058.0,I'm A Winner (Amended Album Version),2056.0,Interlude 5,2.710700000000003,I'm A Winner (Amended Album Version),2.245325000000004,B-Boy Bouillabaisse: A.W.O.L. (2009 Digital Remaster),2.157037500000001,Act Like You Know (LP Version),0.5181697298261113,WordPlay,0.5012728597937021,Ruggedness,0.48237284578994133,Act Like You Know (LP Version),0.5471104547616711,WordPlay,0.5160011665636731,Ruggedness,0.5105247911486431,Interlude 5,243.9648575782353,My Darling,203.67799773578201,B-Boy Bouillabaisse: A.W.O.L. (2009 Digital Remaster),201.44882321770447,Hold You,0.16523411667213495,Goodnight,0.13749748082715665,I Know You Got Soul,0.13554733253541612,-9-,0.2766950680067516,Hold You,0.26690849897529967,Police The Nation,0.24841825801856718,Hold You,0.3334476376868436,Heroes Of Our Land,0.2998292325969883,Mercy,0.29493886423333615
384,TRICXDK128F92CBC3C,SOXWHWP12A8C1440F8,ARFWL8S1187B9B4B44,Céline Dion,Partout Je Vois,pop,Interlude 5,5411.0,I'm A Winner (Amended Album Version),5291.0,B-Boy Bouillabaisse: A.W.O.L. (2009 Digital Remaster),4549.0,I'm A Winner (Amended Album Version),6.14176875,Interlude 5,6.041550000000001,I Want You,5.177071874999995,Best Friend,0.5942864319384645,Snowflakes,0.5874335919058798,I Still Love You,0.5863305122176753,Best Friend,0.6106199209803829,Snowflakes,0.6064074052526383,Mississippi,0.6005705159146837,Sans Rémission,928.0916745958762,Panam All Star,908.6992074073186,Yakamonéyé,906.8226350831507,Sans Rémission,1.0435305758176596,Yakamonéyé,1.0194775786190953,Panam All Star,0.9966039910425328,L'Homme De La Situation,0.7007178185879708,Assassine,0.6720633082391417,Titanic,0.6692064789489617,L'Homme De La Situation,0.7129291566994381,Assassine,0.6845246687260884,Titanic,0.6817266241226451
385,TRZNHJN128F4293FC2,SOVODWN12D02199268,ARJGIOD1187B9AE920,Kelly Clarkson,Anytime,pop,Interlude 5,8741.0,I'm A Winner (Amended Album Version),7814.0,My Darling,6174.0,Interlude 5,10.121250000000016,I'm A Winner (Amended Album Version),9.241406249999992,I Want You,7.280390624999983,Alguien Real (Baby_ I'm In Love),0.7677465741256755,Dream,0.7641149898992978,Club Megamix,0.7633399455512293,Alguien Real (Baby_ I'm In Love),0.776801579017345,Club Megamix,0.7747048050262816,Dream,0.7745176011074857,Interlude 5,250.1227441658838,Hold Me Down (Album Version),208.6246905694933,She Ain't Afraid,201.66121517109949,Hold Me Down (Album Version),0.19461596810009005,Alguien Real (Baby_ I'm In Love),0.18478475577218578,Never Gonna Give You Up,0.1702641260841797,Baby Help Me,0.3524172738926157,Dreamworld,0.3481556779236123,What You Do To Me,0.3462038468629774,Dreamworld,0.40385380094441614,What You Do To Me,0.4023844196204698,Alguien Real (Baby_ I'm In Love),0.3948133365087737
386,TRPKKZG128F92E495A,SOODGZY12A8C141F44,ARQEBGJ122E6447D2B,Edward Sharpe & The Magnetic Zeros,Simplest Love,pop,All Day Sucker,665.0,Love Is Wicked,547.0,Love And War,456.0,All Day Sucker,0.8010874999999972,Love Is Wicked,0.6488374999999966,Love And War,0.5467249999999992,Love For Sale (LP Version),0.59554106150272,My Love For You Is Real,0.5633270057054441,Love For Sale,0.5335555987784929,Love For Sale (LP Version),0.6011078428933582,My Love For You Is Real,0.5704295605069961,Love For Sale,0.5402551638186823,Your Song,65.62483545266771,Hair,63.78609762383295,B-Boy Bouillabaisse: A.W.O.L. (2009 Digital Remaster),59.97686384802929,Green Light Girl,0.07052618730137787,Green Light,0.06885160892613913,Your Song,0.06800573105250138,Green Light Girl,0.341986419330201,Leaving Green Sleeves,0.3045542097481254,Sing A Song,0.2978385195720039,Green Light Girl,0.3538113154744985,Leaving Green Sleeves,0.31990141461623595,Sing A Song,0.3084408032590499
387,TRVPPSC128F92EC9C2,SORRVTP12A8C13FFAF,ARQ2I6K1187FB59949,Colbie Caillat,Midnight Bottle,pop,Interlude 5,3451.0,I'm A Winner (Amended Album Version),3062.0,B-Boy Bouillabaisse: A.W.O.L. (2009 Digital Remaster),2885.0,Interlude 5,3.7640500000000015,I'm A Winner (Amended Album Version),3.4682531249999977,B-Boy Bouillabaisse: A.W.O.L. (2009 Digital Remaster),3.1465484374999964,Don't Be A Stranger,0.6046069189830114,Only For The Weak,0.56752478026294,Try Sleeping With A Broken Heart,0.5647730470505982,Don't Be A Stranger,0.6260203823237321,Feel Me,0.5933196980061832,Only For The Weak,0.5855376817908355,Interlude 5,254.92353854758028,Let's All Get Drunk,210.8185251092331,B-Boy Bouillabaisse: A.W.O.L. (2009 Digital Remaster),207.6708624259696,Let's All Get Drunk,0.19375790484392422,Don't You Say No,0.15406674432825462,Emergency House Party,0.1499961932048,Drive Me To Drink,0.3146655049828234,Emergency House Party,0.30643005029560066,Tonight The Bottle Let Me Down,0.30336227728738485,Drive Me To Drink,0.35292630962589705,Tonight The Bottle Let Me Down,0.34483147596711483,Emergency House Party,0.342358855325883
388,TRCJADX128F428D3E0,SOKPSGM12A8C1381DE,AR03BDP1187FB5B324,Britney Spears,Let Me Be,pop,Interlude 5,11300.0,I'm A Winner (Amended Album Version),8604.0,B-Boy Bouillabaisse: A.W.O.L. (2009 Digital Remaster),8578.0,Interlude 5,13.11759999999999,I Want You,10.15975312500001,I'm A Winner (Amended Album Version),10.096631249999994,Baby Now That I've Found You,0.7749752103441925,Club Megamix,0.7683530845057382,Love Affair,0.7639826988870386,Baby Now That I've Found You,0.7815844439734705,Club Megamix,0.7761534299422532,Love Affair,0.7719389916322995,8 Mile,294.1121938086905,Interlude 5,250.806626482096,B-Boy Bouillabaisse: A.W.O.L. (2009 Digital Remaster),218.72097165304652,8 Mile,0.2214457047970483,Thinking About You,0.19361990325268316,All I Ever Think About,0.15712804156913382,Ain't No Way,0.2984498239765388,Bump In The Road,0.2790663819631015,Ain't No Way (You Won't Love Me),0.27003221481848333,Ain't No Way,0.335738658704673,Bump In The Road,0.3317603402985762,Ain't No Way (You Won't Love Me),0.3317430686528262
389,TRKJKJV128F425E247,SOEMDUJ12A8AE460E2,ARW9FP41187B98C2A7,Annie Lennox,Big Sky,pop,Interlude 5,3223.0,I'm A Winner (Amended Album Version),3098.0,B-Boy Bouillabaisse: A.W.O.L. (2009 Digital Remaster),2489.0,Interlude 5,3.6492499999999994,I'm A Winner (Amended Album Version),3.624484374999999,B-Boy Bouillabaisse: A.W.O.L. (2009 Digital Remaster),2.793882812499998,Preacher On A Sunday Morning,0.6256009629784014,Witch,0.6109997611788902,Snowflakes,0.5896395115083055,Preacher On A Sunday Morning,0.6414659499487988,Witch,0.62155020755253,Snowflakes,0.6061603034467242,Interlude 5,190.1365441537008,B-Boy Bouillabaisse: A.W.O.L. (2009 Digital Remaster),169.8179724620768,Don't Stop Believin',145.7180073726273,Don't Stop Believin',0.1264477819067149,Shoulda Put Something On,0.11444379808345298,Interlude 5,0.11263228726581874,Alice,0.2998850364065123,La Prima Volta (First Time Ever I Saw Your Face),0.2598424152058151,Peephole,0.24049085043098603,Alice,0.3247838778775235,La Prima Volta (First Time Ever I Saw Your Face),0.2959627991907102,Incarnadine,0.27533366052062697
390,TRXMQNH128F4287D61,SOSHPHO12A58A7D1F5,AR30R5E1187B9AD78A,Whitney Houston,Thinking About You,pop,Interlude 5,10860.0,I'm A Winner (Amended Album Version),10022.0,I Want You,9587.0,Interlude 5,12.512399999999998,I'm A Winner (Amended Album Version),11.833056249999977,I Want You,11.593215624999997,I Think I Love You,0.7826517099758205,Oooh,0.7672246724298546,All I Ever Think About,0.7546189018184756,I Think I Love You,0.7889969690422559,Oooh,0.7740031409220594,All I Ever Think About,0.7634068533009658,The Easy Spell,366.8084553883548,It Ain't About You,311.87365466818505,B-Boy Bouillabaisse: A.W.O.L. (2009 Digital Remaster),303.2709651360075,The Easy Spell,0.36352376601822256,Shock Dat Monkey,0.29492091605079734,Love Is Wicked,0.27158626950897896,Out On The Western Plain,0.38758352977033633,London Boys,0.38275261777995867,Something In The Way,0.3648473689053467,Out On The Western Plain,0.4055108134791974,London Boys,0.40213167191440813,Borderline,0.39740785490913294
391,TRXXPYK128F14805B7,SOYLXQZ12A6D4F99CA,AR9W3X91187FB3994C,Phil Collins,A Groovy Kind Of Love (Live),pop,Interlude 5,3709.0,I'm A Winner (Amended Album Version),3303.0,I Want You,2926.0,Interlude 5,4.268249999999997,I'm A Winner (Amended Album Version),3.888249999999999,I Want You,3.5222499999999943,Sweet Misery,0.7425284398036519,Get Sick Soon,0.7368458846882777,Club Megamix,0.7288325625340264,Sweet Misery,0.7522530540869348,Get Sick Soon,0.7452540939763487,Club Megamix,0.7407846807501905,Man In The Mirror,171.47576468691022,Club Megamix,117.00767284120255,Interlude 5,113.00186179638165,Man In The Mirror,0.1602696273319829,Some Kind Of Friend,0.10863681774828647,Red Red Wine (Edit),0.10341832095977249,What Kind Of Love,0.3193762921967169,Some Kind Of Friend,0.31607516005327413,Love Affair,0.294786979411229,What Kind Of Love,0.35406241878138583,Some Kind Of Friend,0.3506261760370662,Love Affair,0.3428290277499891
392,TRGQFUZ128F92ED646,SORBUNE12AB017CDD2,AR65K7A1187FB4DAA4,Beyoncé,That's Why You're Beautiful,pop,Interlude 5,3180.0,Man In The Mirror,2376.0,B-Boy Bouillabaisse: A.W.O.L. (2009 Digital Remaster),2150.0,Interlude 5,3.572499999999993,Man In The Mirror,2.624921874999994,B-Boy Bouillabaisse: A.W.O.L. (2009 Digital Remaster),2.3508984374999957,Tu Eres,0.5970835467137305,That's All (Album Version),0.5487831399325467,Beautiful Song,0.532389007097975,Tu Eres,0.610654637076813,That's All (Album Version),0.5648205602196629,Beautiful Song,0.5538723560390673,Interlude 5,174.38669520204445,Man In The Mirror,142.41337238305343,My Darling,135.98324373394917,Make Ya Feel Beautiful,0.14668150838649857,The Pugilist,0.12747875045597015,Chorus Of Angels,0.12000774973111701,The Pugilist,0.37207302338092574,Cavatina,0.34367821280732896,Big Swing Face,0.3283844246906276,The Pugilist,0.3984331453593453,Cavatina,0.3740033789604486,Big Swing Face,0.35918520148497446
393,TRPAJJF128F428D18A,SOIHYXH12D0219A26C,AR30R5E1187B9AD78A,Whitney Houston,Step By Step,pop,By The Way,5075.0,Interlude 5,4369.0,B-Boy Bouillabaisse: A.W.O.L. (2009 Digital Remaster),4154.0,By The Way,6.0133125,Interlude 5,4.679250000000003,B-Boy Bouillabaisse: A.W.O.L. (2009 Digital Remaster),4.538531249999993,By The Way,0.6305301152936614,Flash Pan Hunter/Intro,0.5166647091610208,Every Little Bit,0.5162073665779235,By The Way,0.6428824630883891,Every Little Bit,0.5313794072904473,Flash Pan Hunter/Intro,0.5247130742536599,8 Mile,303.8349686625635,Soundman,263.0488726112154,Ice Is Workin' It,260.6537543992409,Little Bit [CSS Remix],0.26110412824360546,It's Your Thing,0.23364029008458131,Stone County,0.2243906950226173,Stone County,0.3354305952853914,Little Bit [CSS Remix],0.3325379652234209,It's Your Thing,0.32783776400948195,Stone County,0.36880206537762167,Little Bit [CSS Remix],0.36543269266799977,It's Your Thing,0.36193256563600007
394,TRLPDIB128F42289CC,SOOVOWN12A8AE46AA6,AR03BDP1187FB5B324,Britney Spears,Piece Of Me (Main Version),pop,Interlude 5,8660.0,I'm A Winner (Amended Album Version),7165.0,Hold Me Down (Album Version),6896.0,Interlude 5,9.974000000000014,I'm A Winner (Amended Album Version),8.40009374999999,Hold Me Down (Album Version),8.225718749999988,The Angry Cry Of The Angry Pie,0.734609174474449,Kid Gloves,0.6430368214907599,Dying Embers,0.6310921905162336,The Angry Cry Of The Angry Pie,0.742411191472892,Kid Gloves,0.6538073748739257,Dying Embers,0.6423728089374924,Bring Your Whole Crew,233.91403041280006,Overdose (Album Version),230.41227727611397,Mischievous,207.89810867988058,Missing Piece,0.20239311977884872,Bring Your Whole Crew,0.19965511401688507,Miss You,0.19638112722283985,Missing Piece,0.3463054734774228,The Angry Cry Of The Angry Pie,0.28941581891582796,Miss Ann,0.282398945175441,Missing Piece,0.37657690074151223,The Angry Cry Of The Angry Pie,0.32868624956884934,This Is Me (Acoustic Full Version),0.3253349098486928
395,TRJTTMZ128F930924B,SOLDVYF12AB017D892,AR03BDP1187FB5B324,Britney Spears,Can't Make You Love Me,pop,Interlude 5,12190.0,I'm A Winner (Amended Album Version),11738.0,B-Boy Bouillabaisse: A.W.O.L. (2009 Digital Remaster),9832.0,Interlude 5,14.096699999999984,I'm A Winner (Amended Album Version),13.92695000000002,I Want You,11.839474999999995,Club Megamix,0.8321898356721628,Where Will I Be Now,0.8055180964465294,Breakin Me,0.7964666431859956,Club Megamix,0.8388693588307584,Where Will I Be Now,0.8130500883644655,Breakin Me,0.8047746727559942,Interlude 5,293.6541265205659,B-Boy Bouillabaisse: A.W.O.L. (2009 Digital Remaster),267.25438948824444,Hurts The Most,232.109188536098,Hurts The Most,0.2161977414471771,Don't Get Nine,0.1944357946473885,Happy Boys & Girls,0.18615456991288729,System,0.31806393252346904,It's All Up To You,0.30368111528293884,Politically Correct,0.2939077624888765,System,0.35732201136127734,It's All Up To You,0.3559283099181859,Politically Correct,0.3528316700608709
396,TRKGGHK128F42999EF,SOQBVLW12A8C13B29C,AR03BDP1187FB5B324,Britney Spears,Girl In The Mirror,pop,Interlude 5,4724.0,B-Boy Bouillabaisse: A.W.O.L. (2009 Digital Remaster),4639.0,I'm A Winner (Amended Album Version),3963.0,Interlude 5,5.364499999999995,B-Boy Bouillabaisse: A.W.O.L. (2009 Digital Remaster),5.346742187500002,I'm A Winner (Amended Album Version),4.600515625000015,El Paso,0.7173502005370312,Emeraldine,0.6886460772426846,Snoopafella (Edited),0.6872634522727085,El Paso,0.7289598635638569,Snoopafella (Edited),0.7003520632880552,Emeraldine,0.6963056758277201,Interlude 5,211.6383568504675,She Ain't Afraid,191.84453619508668,8 Mile,174.97008462025596,253,0.1677881111568265,Damage,0.15740970759571143,She Ain't Afraid,0.1497592664589845,Someone i care about,0.2979873062707332,Baroque Bordello,0.28165933935842885,Wish,0.27898702167042705,Someone i care about,0.33601592397038516,Damage,0.3258185915387442,253,0.3242964999318885
397,TRLTYLK128F92FE6FF,SOWVIEO12AB0182D10,AR03BDP1187FB5B324,Britney Spears,Radar,pop,Interlude 5,13754.0,I'm A Winner (Amended Album Version),12861.0,B-Boy Bouillabaisse: A.W.O.L. (2009 Digital Remaster),11876.0,Interlude 5,16.127600000000008,I'm A Winner (Amended Album Version),15.38030312499998,B-Boy Bouillabaisse: A.W.O.L. (2009 Digital Remaster),13.954448437500005,Get It How You Live  (Explicit Chopped & Screwed Version),0.7695696264274693,Lover Tonite,0.7484952818109895,Preacher On A Sunday Morning,0.7334761458409198,Get It How You Live  (Explicit Chopped & Screwed Version),0.7744642893343668,Lover Tonite,0.7542495904793188,Preacher On A Sunday Morning,0.7390553798575576,B-Boy Bouillabaisse: A.W.O.L. (2009 Digital Remaster),299.9959078098873,Interlude 5,276.400207957465,The Dance,240.45967918817016,B-Boy Bouillabaisse: A.W.O.L. (2009 Digital Remaster),0.1840464702404482,So What'Cha Want (Butt Naked Version) (Explicit) (2009 Digital Remaster),0.18328240957224878,I Don't Wanna Lose Your Love,0.173764951652672,So What'Cha Want (Butt Naked Version) (Explicit) (2009 Digital Remaster),0.3047431886286292,I Don't Wanna Lose Your Love,0.2851402801578705,Possessed To Skate,0.2694366089431056,So What'Cha Want (Butt Naked Version) (Explicit) (2009 Digital Remaster),0.36946582476603074,I Don't Wanna Lose Your Love,0.33868654368136,Move (If You Wanna),0.32280944207586043
398,TRNEGIP128F4296261,SOGQSNV12A8C139B54,AR03BDP1187FB5B324,Britney Spears,When Your Eyes Say It,pop,Interlude 5,9339.0,I'm A Winner (Amended Album Version),7408.0,B-Boy Bouillabaisse: A.W.O.L. (2009 Digital Remaster),6578.0,Interlude 5,10.857249999999988,I'm A Winner (Amended Album Version),8.726390624999992,Ice Is Workin' It,7.725187499999981,Kickin' It With Your Girlfriend,0.7408443993532302,Yours (Live),0.7127635984070155,Lovebite,0.7036895767319894,Kickin' It With Your Girlfriend,0.749883342787364,Yours (Live),0.7225252008099253,Lovebite,0.7142749021053271,Interlude 5,191.1454571349474,B-Boy Bouillabaisse: A.W.O.L. (2009 Digital Remaster),177.90665097114294,Close My Eyes,165.77186375077514,Love Don't Love You (LP Version),0.1394820696166244,My Heart Belongs To You,0.1337351312330946,Make Me Lose Control,0.13268466113988894,Whispers,0.3573806338137676,Tell Me,0.33670182206279065,Is It Me? Is It True?,0.31199840287176145,Whispers,0.39520678292607375,Tell Me,0.38004573116965235,Love Don't Love You (LP Version),0.359808142248739
399,TRUWOUE128F14867BF,SOAEEWF12A6D4FAD71,AR6LZB61187B9AF431,Depeche Mode,Precious (Live In Milan),pop,Interlude 5,2123.0,B-Boy Bouillabaisse: A.W.O.L. (2009 Digital Remaster),1578.0,I'm A Winner (Amended Album Version),1533.0,Interlude 5,2.3340500000000004,I'm A Winner (Amended Album Version),1.7073156250000028,B-Boy Bouillabaisse: A.W.O.L. (2009 Digital Remaster),1.7051421875000008,NoOne,0.5509927318464861,Soft Things,0.49698730624730475,You Never Knew,0.4928776277854118,NoOne,0.5702667037524347,You Never Knew,0.5255076659009053,Mississippi,0.5217648492943788,Interlude 5,216.6830564760307,The Hourglass,165.75966592273386,One of Us,163.02265642150914,Interlude 5,0.1391567388606068,One of Us,0.13222464716796492,NoOne,0.12393235784335138,NoOne,0.3376503091030793,Broken Buildings,0.2682103367796411,If Trust Is Broken...,0.2636887516399784,NoOne,0.3794524781199516,Broken Buildings,0.3111987924446037,If Trust Is Broken...,0.3047246931056597
400,TRFJKWU12903CC37B1,SOLXVSH12AB018BE14,AR5K3CW1187FB45B46,Crystal Castles,Insectica,punk,I'm A Winner (Amended Album Version),1492.0,Interlude 5,1490.0,My Darling,1447.0,I'm A Winner (Amended Album Version),1.7447500000000002,My Darling,1.6961250000000019,Interlude 5,1.6784999999999983,Displaced,0.7055497163291731,When It Comes To Me,0.6636685644333832,Breakin Me,0.6607105949221511,Displaced,0.7145395062704731,Breakin Me,0.6739130434782609,When It Comes To Me,0.673855179021523,B-Boy Bouillabaisse: A.W.O.L. (2009 Digital Remaster),95.57797345688866,The Lightning Strike,84.30799061321997,The Fire In Which You Burn (feat. J-Treds & The Brewin From The Juggaknots),80.84650600836909,The Lightning Strike,0.07143489434454481,Soul Power,0.06990887137641974,Birthmark,0.06790508790913333,Displaced,0.2880465211704335,Disrepair,0.26943860517302876,Feel The Beat,0.25095032782986454,Displaced,0.3147151729410483,Disrepair,0.31156118974264796,There Must Be More,0.2807633809469612
401,TRVEUUV128F428AB29,SOEFPNV12A8C13A346,ARACDPV1187FB58DF4,Motion City Soundtrack,Cambridge (Album Version),punk,Interlude 5,1348.0,B-Boy Bouillabaisse: A.W.O.L. (2009 Digital Remaster),1270.0,Otha Fish,1039.0,Interlude 5,1.4343000000000006,B-Boy Bouillabaisse: A.W.O.L. (2009 Digital Remaster),1.3778453124999999,Otha Fish,1.1684609374999988,Over My Head (Cable Car),0.573646043495661,Rhinestone Eyes,0.5125275773256088,Opiate Summer,0.5063887005084203,Over My Head (Cable Car),0.5945963053240351,Rhinestone Eyes,0.5410841543810523,I Am Stretched On Your Grave (Live Remastered),0.5305787019362456,Masters Of The Universe,123.43632647691342,B-Boy Bouillabaisse: A.W.O.L. (2009 Digital Remaster),120.47999637608422,Interlude 5,118.35923860477054,In My Head,0.10415053228327677,Relating To A Psychopath,0.10368035665433613,Masters Of The Universe,0.10177460798010865,The Moor,0.29361608875213463,Daybreaker (Roots Manuva Remix),0.281206696957337,Relating To A Psychopath,0.2705020560693635,The Moor,0.34077104523252494,Daybreaker (Roots Manuva Remix),0.3185654363948354,Relating To A Psychopath,0.31335128496045006
402,TRMZJSE12903D00E60,SOZGAOO12AB017EBA2,ARACDPV1187FB58DF4,Motion City Soundtrack,Disappear,punk,I'm A Winner (Amended Album Version),5905.0,Interlude 5,5816.0,I Want You,4893.0,I'm A Winner (Amended Album Version),7.064090624999992,Interlude 5,6.784700000000006,I Want You,5.937889062499993,Revenge,0.7818060665078779,I Want It,0.7813399395836053,I Still Love You,0.7753805019041466,Revenge,0.7885603017668223,I Want It,0.7866966210344944,I Still Love You,0.7816818948578419,Interlude 5,158.88483812616457,The Dance,131.08391374695438,The Fire In Which You Burn (feat. J-Treds & The Brewin From The Juggaknots),129.75103523539173,My Heart Belongs To You,0.11632958901590859,The Joke,0.11297463164878392,Swallows Me Whole,0.1119960828908576,Swallows Me Whole,0.2688321753912902,Destination Unknown,0.2681928213941727,Love Me Tender,0.25215057345079994,Swallows Me Whole,0.31275374220154567,Destination Unknown,0.3092199527691109,My Heart Belongs To You,0.298549951384426
403,TRIGZIY128F42348C1,SOWMAZE12A58A79390,ARACDPV1187FB58DF4,Motion City Soundtrack,Fell in Love Without You (Cd),punk,Interlude 5,2793.0,B-Boy Bouillabaisse: A.W.O.L. (2009 Digital Remaster),2047.0,Otha Fish,2012.0,Interlude 5,3.120949999999998,Otha Fish,2.3225546875000003,B-Boy Bouillabaisse: A.W.O.L. (2009 Digital Remaster),2.249076562499999,Lessons In Love,0.6515205923173878,Dead Spaces,0.625685029408375,In The Blue Of The Evening,0.6241501447671639,Lessons In Love,0.6634932958895056,Dead Spaces,0.6399773388089581,In The Blue Of The Evening,0.6359558643793364,B-Boy Bouillabaisse: A.W.O.L. (2009 Digital Remaster),131.03081555946588,Indy 500,118.12957204294072,Back Then,117.25435322720512,Back Then,0.12143511754668714,We Are the End,0.11453740547542493,One Man Drinking Games,0.10317538491347392,Memories Are Made Of This,0.2749075259139355,Dont Cry,0.27192582684436617,Back Then,0.266435633158889,Memories Are Made Of This,0.30615134610983813,Dont Cry,0.3058341100004412,Back Then,0.30407796918656604
404,TRZGUYI128F42368DF,SOGAERS12A58A7F67D,ARACDPV1187FB58DF4,Motion City Soundtrack,Point Of Extinction (Cd),punk,Interlude 5,5177.0,I'm A Winner (Amended Album Version),4914.0,B-Boy Bouillabaisse: A.W.O.L. (2009 Digital Remaster),4544.0,Interlude 5,5.850249999999999,I'm A Winner (Amended Album Version),5.7366562500000065,B-Boy Bouillabaisse: A.W.O.L. (2009 Digital Remaster),5.160671874999997,Hook,0.7098270389733563,Rabbit Run,0.7092421207728266,I Never Complain,0.694649508155958,Rabbit Run,0.7238252218777514,Hook,0.7234576966416139,Puck Two,0.707599610617793,Interlude 5,239.19078235929075,If I Had,227.05939601972378,Work Work,198.25922058651918,If I Had,0.19692783833308825,We Propose,0.16931462152042248,Work Work,0.16777452672493698,Lightspan,0.3502417442444184,We Propose,0.3091642031238682,I'm So Glad,0.2576182787703739,Lightspan,0.35828722658866197,We Propose,0.3518213171957771,If I Had,0.31848955762225745
405,TRJQRJO12903D00E65,SOBMDGH12AC3DF9D80,ARACDPV1187FB58DF4,Motion City Soundtrack,Stand Too Close,punk,Interlude 5,3802.0,I'm A Winner (Amended Album Version),3555.0,B-Boy Bouillabaisse: A.W.O.L. (2009 Digital Remaster),2908.0,Interlude 5,4.290200000000005,I'm A Winner (Amended Album Version),4.1416218750000064,I Want You,3.2875921875000045,If I,0.7117138060483779,Tool,0.6457813381069004,The Biggest Part Of Me,0.6445602731581977,If I,0.72150479919644,Tool,0.6610325849404158,Just To Prove My Love For You,0.6605067018466592,Indy 500,220.29688290682634,Interlude 5,214.08117752126142,B-Boy Bouillabaisse: A.W.O.L. (2009 Digital Remaster),195.41370102987636,Indy 500,0.1782725547532942,Overjoyed,0.1151617495260218,Rabbit Run,0.11405589146739648,Overjoyed,0.2608455233346259,Too Much Love,0.23631943683053647,You Win Again,0.23492016807437002,Overjoyed,0.31243392137170756,Indy 500,0.2984437872626035,Too Much Love,0.2888860480337595
406,TRQMNKZ12903D00E5B,SOSEINE12AC3DF608E,ARACDPV1187FB58DF4,Motion City Soundtrack,Worker Bee,punk,B-Boy Bouillabaisse: A.W.O.L. (2009 Digital Remaster),1452.0,8 Mile,1366.0,Interlude 5,1352.0,B-Boy Bouillabaisse: A.W.O.L. (2009 Digital Remaster),1.6130390624999995,8 Mile,1.5550859375,I Mean (I Don't Mean It),1.5265390624999973,Book Of Life,0.5738156861157898,I Got It Bad (and That Ain't Good),0.5641008933145308,Rotten Apple Pie,0.5632132667910993,Book Of Life,0.591750157130537,Rotten Apple Pie,0.5854537258521889,Pack The Pipe,0.5837569013174864,B-Boy Bouillabaisse: A.W.O.L. (2009 Digital Remaster),173.27470226809015,Indy 500,128.74203693249996,Spitfall,118.87748392390324,B-Boy Bouillabaisse: A.W.O.L. (2009 Digital Remaster),0.10962539265789074,Winter,0.10561207144146807,Indy 500,0.10289596114140039,Winter,0.25953117880637294,Good Day Here,0.25056495533697726,Gold,0.23358708681908888,Winter,0.29546155033476196,Good Day Here,0.2830063197389198,Gold,0.27194335374676004
407,TRMZSJY128F4255BE9,SOGKVVX12A81C224D1,ARNBMT71187B993523,Interpol,Mind Over Time,punk,Interlude 5,1378.0,B-Boy Bouillabaisse: A.W.O.L. (2009 Digital Remaster),1213.0,Over It (Acoustic),1111.0,Interlude 5,1.4694999999999956,B-Boy Bouillabaisse: A.W.O.L. (2009 Digital Remaster),1.3046718749999997,Over It (Acoustic),1.3029843750000039,Logan Time,0.5251694507348528,Mindrot,0.5174792115587323,Happy Times,0.4999396416588293,Logan Time,0.5324817082241688,Mindrot,0.5261629690193306,Happy Times,0.5112786019323207,B-Boy Bouillabaisse: A.W.O.L. (2009 Digital Remaster),90.77168671334528,All Over The World,90.58444794026383,Overdose (Album Version),84.6692836120418,All Over The World,0.09693252849842456,Plastic,0.07435234546431845,Over My Head (Cable Car),0.07366225389487194,I'm Not Silent,0.2933501497289117,Viva ! blunt force trauma,0.27656078748410845,All Over The World,0.25075519221277925,I'm Not Silent,0.3117335655822125,Viva ! blunt force trauma,0.286853187675906,All Over The World,0.28072991521252083
408,TRVQHEV128F4259AB2,SOYQVWF12D0219A2C4,AR13CXU1187B9AD30A,The Clash,I Fought The Law,punk,Interlude 5,4325.0,B-Boy Bouillabaisse: A.W.O.L. (2009 Digital Remaster),4261.0,8 Mile,3736.0,Interlude 5,5.169349999999998,B-Boy Bouillabaisse: A.W.O.L. (2009 Digital Remaster),5.128135937500003,8 Mile,4.520489062500006,Runaway,0.852247305447831,The Car Song,0.8161598467740905,Needles And Pins (Remastered Album Version ),0.8083592999904627,Runaway,0.8509200911589332,The Car Song,0.8132895579234755,Needles And Pins (Remastered Album Version ),0.8080586112382928,All Ghetto Girl,91.80289362912924,It Ain't About You,78.19535479927765,8 Mile,74.191427486664,All Ghetto Girl,0.09714237517328167,Bad Girls,0.07262969869208648,I Held My Baby Last Night,0.07094322170094572,I Held My Baby Last Night,0.4070097426054803,All Ghetto Girl,0.3029515378320757,My Girl,0.2849478498806265,I Held My Baby Last Night,0.42807988518825085,All Ghetto Girl,0.33604510619556377,My Girl,0.30795971058699584
409,TRVMLEW128F425A82D,SOFEOUD12D021B1FC4,AR13CXU1187B9AD30A,The Clash,The Magnificent Seven,punk,Interlude 5,7461.0,I'm A Winner (Amended Album Version),5484.0,Man In The Mirror,4925.0,Interlude 5,8.493649999999997,I'm A Winner (Amended Album Version),6.310868750000005,I Want You,5.601496875000004,It's Only Your Life,0.7502114586580458,Killing Time,0.7430032656307043,The Hop,0.7399541216536965,It's Only Your Life,0.7595553601981182,The Hop,0.7551371391488695,Killing Time,0.7530481842462741,Interlude 5,397.0326196126613,B-Boy Bouillabaisse: A.W.O.L. (2009 Digital Remaster),360.3548180644585,Man In The Mirror,307.00667669172276,Man In The Mirror,0.2365694592630767,Interlude 5,0.20345742926918717,Mr. Outsider,0.19158552764812317,Christmas Card From A Hooker In Minneapolis,0.24603643722053029,Those Sweet Words,0.23283007333377084,I Can't Get My Hands On You,0.23231216606861269,Christmas Card From A Hooker In Minneapolis,0.3313412634326374,Willie And Laura Mae Jones,0.31948835006250015,I Can't Get My Hands On You,0.31418495650334083
410,TRWVZBZ128F1462E08,SOKLVHU12A6D4F4778,AR048JZ1187B9AEB85,Yellowcard,Believe,punk,Interlude 5,4526.0,B-Boy Bouillabaisse: A.W.O.L. (2009 Digital Remaster),3248.0,I'm A Winner (Amended Album Version),2679.0,Interlude 5,4.903100000000001,B-Boy Bouillabaisse: A.W.O.L. (2009 Digital Remaster),3.429112499999997,Alright,3.0765,Alright,0.6013791461857495,Everything Is Everything,0.5270296594780628,It's Not OK [Live From London],0.5061057784346032,Alright,0.6159661448303315,Everything Is Everything,0.5483085128288824,It's Not OK [Live From London],0.5266699434660874,Interlude 5,391.8499983367552,Alright,327.33210828324263,B-Boy Bouillabaisse: A.W.O.L. (2009 Digital Remaster),288.84349343349584,Alright,0.3518441034656041,Interlude 5,0.2572842237706564,Welcome To My Love,0.24719643236004651,Alright,0.47747690149182787,Welcome To My Love,0.41813445185869647,One Love / People Get Ready,0.3530916491302141,Alright,0.5150208016105108,Welcome To My Love,0.4627356125285782,One Love / People Get Ready,0.3941847799267136
411,TRQYGUV128F1462E01,SOTEFLI12A6D4F4771,AR048JZ1187B9AEB85,Yellowcard,Empty Apartment,punk,Interlude 5,5963.0,I'm A Winner (Amended Album Version),4647.0,Hold Me Down (Album Version),3760.0,Interlude 5,6.929350000000003,I'm A Winner (Amended Album Version),5.4660375,Hold Me Down (Album Version),4.457037499999995,All About U,0.7930815008868383,It's Only Your Life,0.7555546316559796,What's Your Problem,0.7525587827266561,All About U,0.802501845009226,It's Only Your Life,0.7643475916700233,What's Your Problem,0.7622586802967409,Interlude 5,224.2563462885911,8 Mile,175.67340910775178,B-Boy Bouillabaisse: A.W.O.L. (2009 Digital Remaster),172.36230051132262,Your Eyes,0.1330032486851884,Don't You (Forget About Me),0.1320740015465517,Forgiveness,0.12017929010014874,Don't You (Forget About Me),0.2999025836600198,Broken Heart,0.2889009909799424,Call Me,0.2746493492662143,Don't You (Forget About Me),0.3545985761260983,Broken Heart,0.33659570286530505,Call Me,0.3247015521590952
412,TRBKLDM128F427D0DA,SOMGXHN12A58A7929F,ARZWK2R1187B98F09F,Rise Against,But Tonight We Dance,punk,Interlude 5,4386.0,B-Boy Bouillabaisse: A.W.O.L. (2009 Digital Remaster),3217.0,I'm A Winner (Amended Album Version),2976.0,Interlude 5,5.004100000000001,B-Boy Bouillabaisse: A.W.O.L. (2009 Digital Remaster),3.6211750000000005,I'm A Winner (Amended Album Version),3.4073500000000068,Hidden,0.6593196150094328,Happymess,0.6441307277286521,Puck Two,0.6400259523592,Hidden,0.6741762677871569,Happymess,0.6625272403282761,Puck Two,0.6591083402857786,Let's All Get Drunk,179.84974683009418,The Hourglass,169.0565224538398,Interlude 5,167.16605813931008,Let's All Get Drunk,0.15811251549318123,Going Down Town Tonight,0.13625561153646898,When We Dance,0.1359616284473819,Private Lives,0.31733595153880484,Dance me love,0.29300686102707113,Emergency House Party,0.27742117444421943,Private Lives,0.3569333413725601,Dance me love,0.31973023875472784,Emergency House Party,0.31371988720395766
413,TRKSDBX128F9345DC9,SOZQVQL12AB01860A8,ARZWK2R1187B98F09F,Rise Against,Faint Resemblance,punk,Interlude 5,3517.0,B-Boy Bouillabaisse: A.W.O.L. (2009 Digital Remaster),2586.0,I Want You,2339.0,Interlude 5,4.01905,B-Boy Bouillabaisse: A.W.O.L. (2009 Digital Remaster),2.917056249999999,I Want You,2.785118750000003,On the Outside,0.6664977046527597,Are You Out There,0.6548289483086792,I Love You,0.6462399386898026,On the Outside,0.6827870937948103,Are You Out There,0.6713566002289092,I Love You,0.6655135748747238,Interlude 5,194.63782865315298,8 Mile,139.33465011074293,B-Boy Bouillabaisse: A.W.O.L. (2009 Digital Remaster),132.74925450165964,Interlude 5,0.12418273113819822,Wait A Minute,0.11243733655249027,our ethos: a legacy to pass on,0.10832202247705766,Fiesta Loca,0.28049275726003947,Wait A Minute,0.2744275346325848,Fields,0.2731698620595723,Wait A Minute,0.32456294631075955,Fields,0.32188947235134097,Fiesta Loca,0.3184439638404864
414,TRMGOLR128F933A7DB,SOYDERO12A6D4F72BC,ARZWK2R1187B98F09F,Rise Against,Survive,punk,Interlude 5,4185.0,Undead,2796.0,We Gonna Rock,2718.0,Interlude 5,4.5573500000000005,We Gonna Rock,3.258325000000001,Undead,3.177735937499998,Static Age,0.6889561780477291,Destination: Death or Better Days,0.6866576694446255,We Are Detective,0.679044534194976,Destination: Death or Better Days,0.6988727693714599,Static Age,0.694586823866838,We Are Detective,0.6896343266765022,8 Mile,263.5574374858209,Interlude 5,213.4640349865858,B-Boy Bouillabaisse: A.W.O.L. (2009 Digital Remaster),201.35122931548548,8 Mile,0.17570463539757364,Earthquake,0.16201098582210982,Kickin' It With Your Girlfriend,0.15125236699471778,Highlight Of My Life,0.26015348156923246,2x2x2,0.25877041044574345,Earthquake,0.25778767820117154,Earthquake,0.3014735202682856,Highlight Of My Life,0.29394513917475623,2x2x2,0.2913484277598136
415,TRFNVPY128F92D2626,SOUKLPY12A8C1451A8,ARZWK2R1187B98F09F,Rise Against,The Dirt Whispered,punk,B-Boy Bouillabaisse: A.W.O.L. (2009 Digital Remaster),3252.0,Interlude 5,3062.0,8 Mile,2899.0,B-Boy Bouillabaisse: A.W.O.L. (2009 Digital Remaster),3.663001562499992,Interlude 5,3.3468000000000013,8 Mile,3.3203734375000096,Book Of Life,0.7291292995498296,Preachin' To The Choir,0.7274307230129831,I'm Still Dancin' With You,0.7166599105005218,Book Of Life,0.7417775692200579,Preachin' To The Choir,0.7411651089584385,I'm Still Dancin' With You,0.7311551614511401,One of Us,207.83550046166116,Mortal City,206.70075354589005,B-Boy Bouillabaisse: A.W.O.L. (2009 Digital Remaster),205.13282620169753,We Break The Dawn,0.16495824545746146,One of Us,0.15473869738903945,Mortal City,0.15083657774936984,Digital Sea,0.26339653010371267,Breathe Without You,0.26138033371693026,Josey,0.25187192761669597,Digital Sea,0.3113294260412552,Josey,0.3061769705448479,You Are Not Alone,0.3055097303556769
416,TRPSYVF128F428A446,SOQAAVL12A8C13C158,ARP28RX1187B9AF6C4,The Offspring,Get It Right (Album Version),punk,Interlude 5,3935.0,B-Boy Bouillabaisse: A.W.O.L. (2009 Digital Remaster),3449.0,I'm A Winner (Amended Album Version),3367.0,Interlude 5,4.4449499999999995,B-Boy Bouillabaisse: A.W.O.L. (2009 Digital Remaster),3.915021874999993,I'm A Winner (Amended Album Version),3.8991062499999902,Stoneface,0.6797783982232338,I'll Never Love Again,0.6754940000982854,Code Of The Streets (Explicit),0.6648292196587238,Stoneface,0.690200242094388,I'll Never Love Again,0.6840906921800699,Code Of The Streets (Explicit),0.6817800417174624,B-Boy Bouillabaisse: A.W.O.L. (2009 Digital Remaster),221.65290079941795,Interlude 5,211.81107830949705,8 Mile,171.86219929493296,B-Boy Bouillabaisse: A.W.O.L. (2009 Digital Remaster),0.14301121579892515,Man In The Mirror,0.14236203613092818,Interlude 5,0.13324236566772382,All Terrain Vehicle                      	,0.30109343749243095,Something I Can Never Have,0.29969866693499875,When I Get Old,0.294739494309768,Something I Can Never Have,0.3497786287695695,When I Get Old,0.3427735120098,All Terrain Vehicle                      	,0.3408643089590555
417,TROGTUS128F932D6CB,SOSVNOS12AB01831D7,ARP28RX1187B9AF6C4,The Offspring,Want You Bad,punk,Interlude 5,4813.0,I'm A Winner (Amended Album Version),4510.0,I Want You,3978.0,Interlude 5,5.632149999999997,I'm A Winner (Amended Album Version),5.386478124999997,I Want You,4.831332812499997,So What'Cha Want (Butt Naked Version) (Explicit) (2009 Digital Remaster),0.7923761857122203,Revenge,0.7914956272938068,I Try,0.7896786552576078,So What'Cha Want (Butt Naked Version) (Explicit) (2009 Digital Remaster),0.7991199678096599,Revenge,0.7979245614795774,I Try,0.7954905739980809,Interlude 5,163.73942493126978,B-Boy Bouillabaisse: A.W.O.L. (2009 Digital Remaster),156.86181840672552,Bad Girls,148.1408630855381,Bad Girls,0.1541542493544842,Bad Mutha,0.11618472396687089,Bad Girl,0.11246419326569398,Ballchef,0.3226112387419489,Bad Girls,0.3169786839285727,You Need A Hug,0.30750795147771537,Bad Girls,0.3578432364717625,Ballchef,0.3576891833139155,You Need A Hug,0.34568874475802985
418,TRZVPFY128F92E19DF,SOPXOZV12AAF3B462D,ARP28RX1187B9AF6C4,The Offspring,Staring At The Sun,punk,Interlude 5,6817.0,I'm A Winner (Amended Album Version),6499.0,B-Boy Bouillabaisse: A.W.O.L. (2009 Digital Remaster),5836.0,Interlude 5,7.743849999999991,I'm A Winner (Amended Album Version),7.615693749999995,My Darling,6.710409375000008,Fever Moon,0.7395774479076871,Revenge,0.7310384865398267,Don't Worry,0.6993608344713026,Fever Moon,0.7501832560096057,Revenge,0.7407940579777026,Don't Worry,0.7112920499480058,B-Boy Bouillabaisse: A.W.O.L. (2009 Digital Remaster),255.0632273220034,Curse,203.13890200925997,Close My Eyes,197.24449996092693,Punk Rock Points,0.2113360377171,Close My Eyes,0.20912843850910032,Travellers Tune,0.17760298020200455,Punk Rock Points,0.3813050600271402,Close My Eyes,0.35945512705802873,Don't Cry For Me Argentina,0.2898305565639635,Punk Rock Points,0.4135257387636266,Close My Eyes,0.39817097146103164,Don't Cry For Me Argentina,0.3402686470828329
419,TRGAEVY128F428BEF6,SOWLEBB12A8C13972F,AR46CAD1187FB4D84B,Bad Religion,Operation Rescue,punk,Interlude 5,2094.0,B-Boy Bouillabaisse: A.W.O.L. (2009 Digital Remaster),1450.0,My Darling,1214.0,Interlude 5,2.284000000000001,B-Boy Bouillabaisse: A.W.O.L. (2009 Digital Remaster),1.5336015625000003,My Darling,1.313367187500002,Plain Clothes,0.57669467293518,Brood Of Hatred (Album Version),0.5752083467334745,Planting Seeds,0.5530248312312934,Plain Clothes,0.5967933663219459,Brood Of Hatred (Album Version),0.5924374104983581,Planting Seeds,0.5783789616986831,Interlude 5,201.6056465926667,Curse,148.29847680314688,Feva Las Vegas,147.6370273470154,Interlude 5,0.13063247417348892,Feva Las Vegas,0.12347343231221317,Curse,0.11083844101536744,World Of Uncertainty,0.31325395433575814,16,0.2655740589118566,There Stands The Glass,0.2575751926694891,World Of Uncertainty,0.3607911445701713,16,0.3053180209895217,The Irony Of It All (Album Version),0.2994262336620753
420,TRPTWJT128F422F239,SOAOSYE12A6D4FB832,AR10USD1187B99F3F1,Silverstein,When Broken Is Easily Fixed (Album Version),punk,Interlude 5,3968.0,Hold Me Down (Album Version),3347.0,That's What You Told Me,3061.0,Interlude 5,4.5574999999999894,Hold Me Down (Album Version),3.997265625000006,That's What You Told Me,3.6720312499999945,He Loves Me (Lyzel In E Flat),0.7243852888582915,Comfort,0.717348424704836,Crazier,0.6979844228279343,He Loves Me (Lyzel In E Flat),0.728433473710059,Comfort,0.7262262332197584,Crazier,0.709096476192283,Curse,143.6090047042941,My Darling,140.51368817306715,Overdose (Album Version),137.97088477821728,Pretty Lush (Album Version),0.1196827994193469,Bloodless,0.11895812011210202,Sentenced to Burn,0.11244853680588171,Pretty Lush (Album Version),0.25553878088542636,C.b.f.,0.25384509896811297,Bottomless Seas,0.2528486224106976,Pretty Lush (Album Version),0.30586159139232355,C.b.f.,0.30042190037225147,Bottomless Seas,0.293636981026164
421,TRPYGVQ128E078EFE9,SOEDBQL12A670213B3,ARWA6NT1187FB3F15C,The Cure,Want,punk,Interlude 5,5579.0,I'm A Winner (Amended Album Version),4571.0,I Want You,4071.0,Interlude 5,6.559750000000003,I'm A Winner (Amended Album Version),5.443187499999996,I Want You,4.936593749999988,So What'Cha Want (Butt Naked Version) (Explicit) (2009 Digital Remaster),0.6963210362069803,Pervert,0.6875904805395818,All Fired Up_ No Place To Go,0.6822005754465855,So What'Cha Want (Butt Naked Version) (Explicit) (2009 Digital Remaster),0.7036822071249154,Pervert,0.6949354270021553,All Fired Up_ No Place To Go,0.6897099032142422,Tricky Versus Lynx (Live),130.40612011296065,Ho,120.84003396748639,The Dog ( LP Version),113.9478608481489,The Dog ( LP Version),0.1358925165186273,Ho,0.12945944793677427,Do The Dog,0.1289618024089888,The Dog ( LP Version),0.38540330289878094,Do The Dog,0.3699983497523753,TruDog: The Return,0.2898208266571096,The Dog ( LP Version),0.39639138652074374,Do The Dog,0.38550365684538807,TruDog: The Return,0.30837623053489543
422,TRJNMGP128F92E0427,SOGXZZI12AAF3B2704,AR8UICP11C8A4154FD,Hey Monday,Josey,punk,Interlude 5,3317.0,B-Boy Bouillabaisse: A.W.O.L. (2009 Digital Remaster),2241.0,Touch It / Technologic,2104.0,Interlude 5,3.667850000000001,Touch It / Technologic,2.441175000000004,B-Boy Bouillabaisse: A.W.O.L. (2009 Digital Remaster),2.401175000000003,Carnt Be Trusted,0.6742306252578413,The Way It Is,0.6285831885418387,Earthless,0.6148410342354329,Carnt Be Trusted,0.689886393722987,The Way It Is,0.6448952609528046,Earthless,0.6299635498994527,B-Boy Bouillabaisse: A.W.O.L. (2009 Digital Remaster),230.62804737594206,Overdose (Album Version),203.36609830047507,8 Mile,176.33841727386252,Queen Of Hollywood ( LP Version ),0.15959618803285971,DHC,0.1445096415339604,Officer,0.1380145755287463,DHC,0.2713260806733686,Beef Bologna,0.25962656434418613,She Sings The Mourning,0.2522931306578433,DHC,0.32824379073085264,The Dirt Whispered,0.30617697054484794,Tinkers Blues,0.2928432390297615
423,TRVWMAR128F425A2DA,SOMFMFC12A8AE45B47,AR13CXU1187B9AD30A,The Clash,1-2 Crush On You,punk,I'm A Winner (Amended Album Version),7262.0,Interlude 5,7112.0,I Want You,6549.0,I'm A Winner (Amended Album Version),8.698712500000012,Interlude 5,8.310399999999998,I Want You,7.973231249999989,Auntie (Ma-Ma-Ma Belle),0.8140767045237227,Holdin' On [Missin' U] (Album Version),0.7801241176967921,System,0.7772882131287153,Auntie (Ma-Ma-Ma Belle),0.8184781019138007,Holdin' On [Missin' U] (Album Version),0.7856285670674079,System,0.7833750247726515,Interlude 5,238.9191836446246,Man In The Mirror,234.48871964798224,Knowledge Of Self,213.10754926597568,Man In The Mirror,0.21502960920404326,Knowledge Of Self,0.2003783277128217,Eat To Live (Album Version),0.15421669141680316,Auntie (Ma-Ma-Ma Belle),0.35104591173849603,Knowledge Of Self,0.33840158675447873,Hellhound On My Trail,0.30865803520336943,Knowledge Of Self,0.4022191414304439,Auntie (Ma-Ma-Ma Belle),0.39012338281111697,Eat To Live (Album Version),0.33638757436205213
424,TRCKZBM128F425A2DD,SOJPDPR12A8AE45B50,AR13CXU1187B9AD30A,The Clash,Brand New Cadillac,punk,Interlude 5,1562.0,She Ain't Afraid,1429.0,Baby Come Back,1412.0,Interlude 5,1.6787999999999992,Baby Come Back,1.6729609375000032,She Ain't Afraid,1.6269015625000005,She's A Runner (24-Bit Digitally Remastered 02),0.5783845825398573,Over You Blues,0.5554113248611335,That's My Baby,0.527152899167438,She's A Runner (24-Bit Digitally Remastered 02),0.5914153703399583,Over You Blues,0.5664108791144276,That's My Baby,0.5405233696340517,Me Or The Papes,168.27043734263512,It Ain't About You,161.17954229758627,C'Mon,161.06864915862064,C'Mon,0.17353124775503342,Me Or The Papes,0.1646767859905741,Jesus Is Coming Soon,0.15490934935681128,He Ain't Comin' Home No More,0.40919827421449834,C'Mon,0.2732496436080061,Jesus Is Coming Soon,0.2701931105040584,He Ain't Comin' Home No More,0.4308994847144227,C'Mon,0.30269318991216787,Goin' Back To Indiana,0.2944816603532331
425,TRCFCHA128F4259A75,SORYRRU12A8AE45B60,AR13CXU1187B9AD30A,The Clash,Cool Confusion,punk,Interlude 5,2022.0,B-Boy Bouillabaisse: A.W.O.L. (2009 Digital Remaster),1901.0,Otha Fish,1723.0,Interlude 5,2.124999999999991,B-Boy Bouillabaisse: A.W.O.L. (2009 Digital Remaster),2.039648437499998,Otha Fish,1.9445703125000051,Stranger In Paradise,0.5983002946014038,In Deh,0.5782416006054936,Midnight Moonlight,0.5682863611064937,Stranger In Paradise,0.6146838438611498,The What,0.6011684529081096,In Deh,0.5947372708263751,B-Boy Bouillabaisse: A.W.O.L. (2009 Digital Remaster),247.38333433428707,Find A Way,234.08447451596734,No Remorse (Album Version),231.7639304855895,Brotha,0.20557081659128065,She Got Kids,0.1966318804371128,Find A Way,0.19482749364364715,Me And My Desire,0.3257427437154922,GO,0.31154560679155474,Brotha,0.2868935056341542,Me And My Desire,0.3657723871307386,Hollywood,0.35568401011668793,GO,0.3516504448064344
426,TRYSJKQ128F4259A73,SOKVAFU12A8AE46882,AR13CXU1187B9AD30A,The Clash,First Night Back In London,punk,Interlude 5,1438.0,B-Boy Bouillabaisse: A.W.O.L. (2009 Digital Remaster),1407.0,I'm A Winner (Amended Album Version),1226.0,B-Boy Bouillabaisse: A.W.O.L. (2009 Digital Remaster),1.5567890624999992,Interlude 5,1.5559999999999994,I'm A Winner (Amended Album Version),1.3746718750000024,Baby Phife's Return,0.6312523736707458,El Paso,0.6295263127494262,B-Boy Bouillabaisse: A.W.O.L. (2009 Digital Remaster),0.6210111243512165,Baby Phife's Return,0.658400987137392,El Paso,0.6533716809077528,B-Boy Bouillabaisse: A.W.O.L. (2009 Digital Remaster),0.6491256390286232,B-Boy Bouillabaisse: A.W.O.L. (2009 Digital Remaster),197.74731866793954,Interlude 5,170.37305711979704,Overdose (Album Version),158.12763570012226,B-Boy Bouillabaisse: A.W.O.L. (2009 Digital Remaster),0.11451478695573668,Overdose (Album Version),0.09925293116141369,Summertime,0.09526506127727341,Minutes to Miles,0.2650590842901721,vin ordinaire,0.232991707167227,One More Day,0.2180462321926919,Minutes to Miles,0.31569868658207717,Chest Pain,0.284453950087085,B-Boy Bouillabaisse: A.W.O.L. (2009 Digital Remaster),0.2816806020182796
427,TRAQKVC128F425E65C,SOUTRYP12A8AE46BC6,AR13CXU1187B9AD30A,The Clash,Inoculated City,punk,Interlude 5,1291.0,One of Us,937.0,B-Boy Bouillabaisse: A.W.O.L. (2009 Digital Remaster),894.0,Interlude 5,1.3975499999999992,One of Us,1.0405312500000001,B-Boy Bouillabaisse: A.W.O.L. (2009 Digital Remaster),0.9366968750000008,The 4th Branch,0.5811706635845548,Adam_ Where Are You?,0.5555592093800175,Masquerade,0.5524027015457202,The 4th Branch,0.6038773798613895,Masquerade,0.5774355286412254,Adam_ Where Are You?,0.5774148486359397,B-Boy Bouillabaisse: A.W.O.L. (2009 Digital Remaster),136.0030266515662,Spitfall,133.15857044568102,Undead,112.73262714566783,Spitfall,0.10948781718706008,With God On Our Side,0.09333598092130163,Undead,0.0873487207464464,Invaders Must Die,0.28645940375496864,21 Guns (Good Riddance),0.2776579903588462,I'm So Glad,0.27457982888288046,21 Guns (Good Riddance),0.3170151471041442,With God On Our Side,0.30418587020183013,Invaders Must Die,0.2915753617304611
428,TRUASIU128F425A1D7,SOKPHTL12A8AE47058,AR13CXU1187B9AD30A,The Clash,Lost In The Supermarket,punk,B-Boy Bouillabaisse: A.W.O.L. (2009 Digital Remaster),6301.0,8 Mile,6162.0,Everytime I...,5834.0,B-Boy Bouillabaisse: A.W.O.L. (2009 Digital Remaster),7.395390624999955,8 Mile,7.339609375000049,Everytime I...,7.11671875,Raven In The Storm,0.7749839111112752,The Moon,0.7591238984445268,Can't Take This (Album Version),0.7583462770525866,Raven In The Storm,0.779075409628105,The Moon,0.763768800811405,Can't Take This (Album Version),0.7633558973227766,Interlude 5,185.1156890785162,Snoopafella (Edited),151.56331249937404,Knick Knack Patty Wack,136.64900716337777,253,0.11465762239817931,Snoopafella (Edited),0.10747722699435838,The Music Or The Misery,0.10409212695625195,Here's To All The People I Have Lost,0.290070192502949,Just In Time,0.26157951824789194,So Much More,0.25207388707381045,Here's To All The People I Have Lost,0.3200945975621524,Just In Time,0.2948240327779399,The City,0.2908653520618654
429,TROLGMC128F4259BB8,SOMAATM12A8AE45E6A,AR13CXU1187B9AD30A,The Clash,Overpowered By Funk,punk,Interlude 5,3126.0,B-Boy Bouillabaisse: A.W.O.L. (2009 Digital Remaster),2672.0,I'm A Winner (Amended Album Version),2560.0,Interlude 5,3.470500000000001,B-Boy Bouillabaisse: A.W.O.L. (2009 Digital Remaster),2.9745468749999997,I'm A Winner (Amended Album Version),2.9144062499999954,One Nation Under A Groove,0.5893803592235489,Mr. Big,0.588195245111298,Club Megamix,0.586391094963969,One Nation Under A Groove,0.6101384291647136,Club Megamix,0.6090711087036049,Mr. Big,0.6085229691820605,The Rockafeller Skank,297.17627798792034,Funk Funk,271.7671766506446,One Nation Under A Groove,264.95117265414206,The Rockafeller Skank,0.3371084451187173,Funk Funk,0.3048108457856855,One Nation Under A Groove,0.284065466971359,Funk Funk,0.486587440079093,Shake Your Rump To The Funk,0.4023717754625028,The Rockafeller Skank,0.3649351474822336,Funk Funk,0.5134272613056896,Shake Your Rump To The Funk,0.4286958247476777,One Nation Under A Groove,0.38711815554198914
430,TRMQMTC128F428A516,SOSTMID12A8C13A27B,AR46CAD1187FB4D84B,Bad Religion,Automatic Man (Album Version),punk,Interlude 5,1916.0,B-Boy Bouillabaisse: A.W.O.L. (2009 Digital Remaster),1374.0,Man In The Mirror,1296.0,Interlude 5,2.1351,Velvet Pants,1.5390921874999974,B-Boy Bouillabaisse: A.W.O.L. (2009 Digital Remaster),1.5001515624999984,Who Is He? (And What Is He To You?),0.7348932779218906,Old Hippie,0.7297087633792964,Possessed To Skate,0.7180478349383463,Who Is He? (And What Is He To You?),0.7426565469688222,Old Hippie,0.7389383403275933,Possessed To Skate,0.7276437794230677,B-Boy Bouillabaisse: A.W.O.L. (2009 Digital Remaster),205.4675657599785,Interlude 5,166.33454906550813,The Illest Brother,139.35432511306323,B-Boy Bouillabaisse: A.W.O.L. (2009 Digital Remaster),0.14397641903568698,Just Another Brother,0.1326589103103918,The Illest Brother,0.11302962841037274,Reefer Man,0.30465242463669634,I Call Him Love,0.29689975632435334,Possessed To Skate,0.2925828761839107,Reefer Man,0.3377321719573333,Possessed To Skate,0.3353142092849672,I Call Him Love,0.33297763699294886
431,TRQENBA128F426093C,SOQLMHB12A8C1384BF,AR46CAD1187FB4D84B,Bad Religion,Chimaera (Album Version),punk,Interlude 5,5138.0,I'm A Winner (Amended Album Version),3017.0,My Darling,2935.0,Interlude 5,6.045300000000002,I'm A Winner (Amended Album Version),3.5247374999999987,My Darling,3.437868749999998,She's The Source,0.8014700482395745,What You Became,0.7926228091290272,Roots,0.7810602607288467,She's The Source,0.8070223082023004,What You Became,0.7980182213718866,Roots,0.7872396565780551,Interlude 5,207.49837305304644,B-Boy Bouillabaisse: A.W.O.L. (2009 Digital Remaster),173.88523636998084,Fool For Love,150.10393828299104,Hurts The Most,0.12947301038177378,Interlude 5,0.11327971932535696,Ken Kaniff,0.10773323342438944,Hurts The Most,0.24540591701145964,Ballchef,0.24133176285100544,Some Men Are Like Chocolate,0.22745448525082546,Hurts The Most,0.311700203329532,Some Men Are Like Chocolate,0.2878669032844581,Ballchef,0.28680819626765874
432,TRJCXHB128F428AC5B,SOLDKOL12A8C1392D1,AR46CAD1187FB4D84B,Bad Religion,Damned to Be Free (Album Version),punk,Interlude 5,1601.0,B-Boy Bouillabaisse: A.W.O.L. (2009 Digital Remaster),1506.0,Ice Is Workin' It,1458.0,Interlude 5,1.7160499999999963,Ice Is Workin' It,1.6876499999999914,B-Boy Bouillabaisse: A.W.O.L. (2009 Digital Remaster),1.6439937500000021,Ridiculous,0.640294977906487,Fixed,0.5887571466125986,Lovely Thing,0.5857897232034452,Ridiculous,0.6641014558792049,Fixed,0.6168363179918088,Lovely Thing,0.6066969872935191,Interlude 5,181.5370260104011,Curse,159.75905417230703,B-Boy Bouillabaisse: A.W.O.L. (2009 Digital Remaster),159.6145409541832,Curse,0.11716328045319356,Ridiculous,0.10348648277497186,Man In The Mirror,0.10166206654202764,Wicked World,0.23571379696238082,Re-Birth,0.22468105063271443,Plastic World,0.22385170555817738,Ridiculous,0.30416828441322125,Wicked World,0.286204791452872,Re-Birth,0.2786325007053789
433,TRHWAPL128F428BEEE,SOSHLOP12A8C13971C,AR46CAD1187FB4D84B,Bad Religion,Get Off,punk,Interlude 5,3021.0,B-Boy Bouillabaisse: A.W.O.L. (2009 Digital Remaster),2859.0,8 Mile,2636.0,Interlude 5,3.488750000000004,B-Boy Bouillabaisse: A.W.O.L. (2009 Digital Remaster),3.333320312499981,8 Mile,3.1135546875000206,Book Of Life,0.8424436271366434,Runaway,0.8052530656625042,Someday I Suppose,0.8011638761235094,Book Of Life,0.8479692210360039,Runaway,0.811862109141525,Someday I Suppose,0.807750846776038,Interlude 5,148.03400640327897,B-Boy Bouillabaisse: A.W.O.L. (2009 Digital Remaster),146.74362519473883,Mainstream,130.74792477706114,Who Ride Wit Us,0.10219377072433222,Mainstream,0.1021168783095863,All For One (Explicit) (2006 Remastered LP Version),0.09273562399429298,Is This Love,0.2600300530600956,Share My World,0.2545132606358219,(It's Not Easy) Bein' Green,0.23356859890965728,Share My World,0.30840889478718625,Mainstream,0.3076822382655918,All For One (Explicit) (2006 Remastered LP Version),0.29909353383746584
434,TRHYIAH128F14825EC,SOLIECS12A6310F220,AROBHK51187B9AD82B,Funeral For A Friend,Juneau,punk,B-Boy Bouillabaisse: A.W.O.L. (2009 Digital Remaster),3078.0,Interlude 5,2904.0,New Town,2783.0,B-Boy Bouillabaisse: A.W.O.L. (2009 Digital Remaster),3.5262859374999915,New Town,3.3193171874999905,Interlude 5,3.245899999999997,Raven In The Storm,0.6868928992379549,Switchblade,0.6840839331618439,Super Reality,0.6503141095247841,Switchblade,0.6938732714808346,Raven In The Storm,0.6934775721850356,Super Reality,0.6595237072114135,My Darling,124.1153624784015,Curse,121.91175868818165,Spitfall,111.42022054279876,Stone Cold Heart,0.11333831637483581,Love At First Sight (The Scumfrog's Beauty And The Beast Vocal Edit),0.09865099278414784,Oxygen's Gone,0.09573085245029025,Guess How Much I Love You,0.25357674270268343,Stone Cold Heart,0.24381692793566326,More Than You Know,0.2438139282542442,Guess How Much I Love You,0.28569660872454616,Stone Cold Heart,0.2784123935371073,More Than You Know,0.27311655201942614
435,TRWMODL128F92E7E2A,SOLOBYS12AB017B614,ARUUP451187B9AF56E,Wire,Another The letter,punk,Otha Fish,756.0,Man In The Mirror,664.0,Interlude 5,629.0,Otha Fish,0.8637187499999989,Man In The Mirror,0.695912500000001,Interlude 5,0.6298500000000008,Prologue,0.501971594908015,Israel,0.4722211219286208,In Deh,0.4709452257138437,Prologue,0.5187057995836745,Israel,0.49053517921735057,Requiem for a Dive,0.49046981633151027,Where's The Truth,106.212498721573,B-Boy Bouillabaisse: A.W.O.L. (2009 Digital Remaster),93.40809975851506,The Hourglass,91.94703936717869,Where's The Truth,0.11363433330077834,Heaven Is A Place On Earth,0.07891974682183368,Man In The Mirror,0.07258071152775578,Where's The Truth,0.3235988803341973,Heart In The Right Place,0.2519705377182594,Flying high,0.2385944229630194,Where's The Truth,0.3578033046748098,Heart In The Right Place,0.2893396701621511,Promise Broken,0.27242058888606313
436,TRABGYE128E078278A,SODQTSE12A6310D90B,ARUUP451187B9AF56E,Wire,Strange,punk,Go Cat Go,982.0,B-Boy Bouillabaisse: A.W.O.L. (2009 Digital Remaster),882.0,Interlude 5,831.0,Go Cat Go,1.171700000000002,Here We Go,0.965299999999999,Otha Fish,0.9190000000000008,Trilogy,0.4478460942265066,Arms Around Me (BBC 6Music Session),0.4218289357093433,Bought & Sold,0.41537491408642924,Trilogy,0.4647603253523263,Arms Around Me (BBC 6Music Session),0.43923618246435164,Bought & Sold,0.4331315117697229,B-Boy Bouillabaisse: A.W.O.L. (2009 Digital Remaster),105.26960770885199,Queen Of Hollywood ( LP Version ),98.38824239478592,Bodies,92.72133602030627,Bodies,0.10287025176864567,Queen Of Hollywood ( LP Version ),0.09838985547584927,DHC,0.09410447172097083,Something Written,0.32496472530842985,Have To Explode,0.26852816095186066,Smith,0.265151366494034,Something Written,0.3423330322335168,Have To Explode,0.29526741242232735,DHC,0.2851284506513003
437,TRBAQPR128F92F4AB0,SODLLJJ12A8C141D54,ARDT4K91187FB53602,The Wonder Years,Dude_ What Is a Land Pirate?,punk,Interlude 5,4562.0,B-Boy Bouillabaisse: A.W.O.L. (2009 Digital Remaster),3111.0,I Want You,2973.0,Interlude 5,5.228699999999999,I Want You,3.542115624999998,B-Boy Bouillabaisse: A.W.O.L. (2009 Digital Remaster),3.492521874999996,Ghosts Of You,0.7229487440801564,Undead,0.721251084732104,Slowes' Comb/The May 4th Movement starring Doodlebug,0.7042266072233689,Ghosts Of You,0.7369038830998202,Undead,0.7359877238937358,Slowes' Comb/The May 4th Movement starring Doodlebug,0.7194463918810536,Interlude 5,243.45826175082604,She Ain't Afraid,196.19770798805664,Overdose (Album Version),196.168656116334,She Ain't Afraid,0.14613777809461753,Interlude 5,0.14429706651600147,Ken Kaniff,0.13719580239729265,I'd Hate To Be You When People Find Out What This Song Is About (Album),0.2653481480053112,Already Gone,0.26455727104769877,Destination: Death or Better Days,0.25595652492832616,Already Gone,0.32715379946114437,Destination: Death or Better Days,0.3193111748525566,I'd Hate To Be You When People Find Out What This Song Is About (Album),0.31739900158326395
438,TRVOTRF128F148AE44,SOYCTSV12A6D4FB43C,ARMKNC21187FB4696B,Dashboard Confessional,Again I Go Unnoticed,punk,Interlude 5,2719.0,B-Boy Bouillabaisse: A.W.O.L. (2009 Digital Remaster),2153.0,My Darling,1924.0,Interlude 5,2.9502500000000023,B-Boy Bouillabaisse: A.W.O.L. (2009 Digital Remaster),2.3161796874999987,New Town,2.142585937499998,The Awakening,0.573959955232988,Other Side of Day,0.5711380002276887,MAPS OF REALITY,0.5653855607305287,Other Side of Day,0.5939071978394765,The Awakening,0.5927209844460312,Lord Of The Damned,0.5881893376910972,B-Boy Bouillabaisse: A.W.O.L. (2009 Digital Remaster),194.96353205050494,Curse,169.65868381633018,Interlude 5,165.69033836032773,Tell You Something (Nana's Reprise),0.14765526427867903,Breathe Again,0.14343357581552932,I'm Still Waiting,0.13566965418303917,Another Wound,0.28143065104882875,Lonely Starts & Broken Hearts (Album Version),0.26991617382872946,Breathe Again,0.2554694786423554,Another Wound,0.3248885917964122,I'm Still Waiting,0.3056725153661749,MV4,0.30287756178462083
439,TRRERUT128F1477144,SOWSXYV12A58A7CCC3,ARMKNC21187FB4696B,Dashboard Confessional,Carry This Picture,punk,Interlude 5,2326.0,B-Boy Bouillabaisse: A.W.O.L. (2009 Digital Remaster),2230.0,8 Mile,1875.0,Interlude 5,2.5670999999999986,B-Boy Bouillabaisse: A.W.O.L. (2009 Digital Remaster),2.5028312499999976,8 Mile,2.128918749999998,I Believe,0.6699581034755734,The Car Song,0.6568762642321851,Soul Into Hades,0.6565024415424626,I Believe,0.6850096942744679,The Car Song,0.6729162091835548,Soul Into Hades,0.6728451985810541,Honest Expression,145.87346592503204,Diamonds From Sierra Leone,141.65722887248452,Safe + Sound,130.26060186110556,Diamonds From Sierra Leone,0.10432748982720645,Accidents,0.10110161543078,Stingy,0.10030018475741423,Accidents,0.25050414135975985,The Cobbler,0.22337996760575748,Stingy,0.22050756547356898,Accidents,0.2873527456473281,Stingy,0.26898057970288086,The Cobbler,0.260876156233138
440,TRHGTHE128F428B4C3,SOVJEHL12A8C13B495,ARPDVPJ1187B9ADBE9,Usher,U R The One,r&b/soul,Interlude 5,6934.0,I'm A Winner (Amended Album Version),6320.0,B-Boy Bouillabaisse: A.W.O.L. (2009 Digital Remaster),5203.0,Interlude 5,7.821099999999999,I'm A Winner (Amended Album Version),7.346849999999986,I Want You,5.966424999999986,Run The Show,0.6052950963422986,Tell Me (Acoustic),0.5888600530125586,Y.O.U.,0.5831234773691143,Run The Show,0.623282822521767,Tell Me (Acoustic),0.6084699092018043,Breakin Me,0.6025935206912072,I Love U In Me ( LP Version),428.6113834291055,Feva Las Vegas,334.3356113384068,Jack U Off (LP Version),332.1013834105331,I Love U In Me ( LP Version),0.3923712572402573,Jack U Off (LP Version),0.37188070276730356,Valium Summer,0.36341213819202034,Jack U Off (LP Version),0.4439648612379091,Leave The Lights On (Album Version),0.3774353256225913,New York USA,0.36576373465821377,Jack U Off (LP Version),0.47100164285699764,Leave The Lights On (Album Version),0.40210055303300396,Never Letchu Go,0.39590112023675184
441,TREIEOO128F42B0099,SOJPTRM12A8C14003B,ARXOTQH1187FB57084,Chris Brown,Ain't No Way (You Won't Love Me),r&b/soul,Interlude 5,13073.0,I'm A Winner (Amended Album Version),11783.0,Hold Me Down (Album Version),10158.0,Interlude 5,15.278649999999994,I'm A Winner (Amended Album Version),14.034306249999979,Hold Me Down (Album Version),12.205181250000024,Stumble,0.8264005546707685,You Don't Know Me,0.8226916249738019,Play With Fire,0.8166435280352656,Stumble,0.8328130724606821,You Don't Know Me,0.8288904529638831,Play With Fire,0.8237734472214339,Interlude 5,369.96547144721836,B-Boy Bouillabaisse: A.W.O.L. (2009 Digital Remaster),317.0044167405293,Honest Expression,316.79731043705425,Honest Expression,0.22797936490928034,Interlude 5,0.21828683471992338,Naked,0.19023319521454557,Magical,0.306713444676038,Love Affair,0.30525819361006096,Be With You,0.29477585376520704,Love Affair,0.3749410955901267,Magical,0.3721631162915227,Honest Expression,0.3691670530764354
442,TRRZSBO128F428BE44,SOGEKBX12A8C13ACE1,ARPDVPJ1187B9ADBE9,Usher,Nice & Slow,r&b/soul,Interlude 5,9962.0,I'm A Winner (Amended Album Version),7977.0,I Want You,7691.0,Interlude 5,11.481900000000012,I'm A Winner (Amended Album Version),9.336931250000006,I Want You,9.25702812499999,I Wanna Know,0.7956996874142265,Look What You've Done For Me,0.7849504603391757,Rescue Me,0.7832275278517462,I Wanna Know,0.8016240024738276,Look What You've Done For Me,0.7946939530907705,Only When ur Lonely,0.7928351906125909,B-Boy Bouillabaisse: A.W.O.L. (2009 Digital Remaster),340.38426029827974,8 Mile,338.1072693217498,Interlude 5,327.9129932878327,All I Ever Think About,0.22639147745662275,Naked,0.21871220538901606,Sex Packets (LP Version),0.21768406938096888,Sex Packets (LP Version),0.32751981366062527,Waiting For The Day,0.3236310569804458,Star,0.32288475294578656,Waiting For The Day,0.3968949654512515,Sex Packets (LP Version),0.3967760504789644,Star,0.389160303750252
443,TRMZSRG128F428BE3F,SOPEKWP12A8C138692,ARPDVPJ1187B9ADBE9,Usher,Roni,r&b/soul,Interlude 5,7646.0,I'm A Winner (Amended Album Version),6034.0,B-Boy Bouillabaisse: A.W.O.L. (2009 Digital Remaster),5794.0,Interlude 5,8.499499999999998,I'm A Winner (Amended Album Version),6.851062500000003,B-Boy Bouillabaisse: A.W.O.L. (2009 Digital Remaster),6.357718749999996,She Passed By My Window,0.6444843344644087,My One And Only Love,0.6414283628336266,She's In Love,0.6069380712848127,She Passed By My Window,0.6558389928781108,My One And Only Love,0.6554045250103253,She's In Love,0.6211093005385305,Interlude 5,274.5163899716475,Hair,254.27395602604327,8 Mile,248.84815040231157,She's A Dream,0.20299993967854246,Inna From Mexico,0.1964149581957798,I'm Catching Hell (Living Here Alone) (Digitally Remastered 02),0.18803252595841183,Keep Your Hands Off Her,0.3774648941613863,My Little Girl,0.2954395674755347,Lucille,0.2783066626433916,Keep Your Hands Off Her,0.3977052352216641,My Little Girl,0.3418361019063918,Baby,0.3242712542152958
444,TRENECR128F92DAC48,SOOPTMD12A8AE46BFE,ARXOTQH1187FB57084,Chris Brown,Damage,r&b/soul,Interlude 5,9634.0,I'm A Winner (Amended Album Version),7770.0,B-Boy Bouillabaisse: A.W.O.L. (2009 Digital Remaster),7549.0,Interlude 5,11.085699999999992,I'm A Winner (Amended Album Version),9.087199999999989,B-Boy Bouillabaisse: A.W.O.L. (2009 Digital Remaster),8.636100000000003,Kickin' It With Your Girlfriend,0.7619136381720072,Everytime I...,0.7608741205530677,I Think I Love You,0.7561268850930976,Kickin' It With Your Girlfriend,0.7726274757426965,I Will Survive,0.7655448766595113,Everytime I...,0.764487062958129,Interlude 5,385.9815181368235,B-Boy Bouillabaisse: A.W.O.L. (2009 Digital Remaster),350.0188097333116,My Darling,319.36440666156005,Man In The Mirror,0.23070832125199012,Caught Up,0.22670513387694022,Fool For Love,0.21151838016891958,Girl In The Mirror,0.27018377620889766,New Rose,0.2633044235882744,I Apologize,0.26232786001839786,Passin' Me By,0.33525221865277244,Caught Up,0.33506974400073847,Higher,0.3320791327894838
445,TRIAONH128F9340E62,SOCTATF12A58A77508,ARXOTQH1187FB57084,Chris Brown,Gotta Be Ur Man,r&b/soul,Interlude 5,10876.0,I'm A Winner (Amended Album Version),10688.0,B-Boy Bouillabaisse: A.W.O.L. (2009 Digital Remaster),9690.0,I'm A Winner (Amended Album Version),12.643009375000029,Interlude 5,12.49789999999999,I Want You,11.488035937499994,I Apologize,0.6660116624345973,Happy Song (Tonite),0.6454507986660436,Getting Over You,0.6318552647829294,I Apologize,0.6752818566292977,Happy Song (Tonite),0.6554619300357529,Getting Over You,0.6420155128969275,B-Boy Bouillabaisse: A.W.O.L. (2009 Digital Remaster),283.4737330478692,Interlude 5,281.74717759297437,Man In The Mirror,262.59907838150434,Sunshine,0.23259089729389396,Man In The Mirror,0.22778101825953834,Hoodrats,0.2198762673133371,Be Your Husband,0.31901032164974685,Sunshine,0.3059597908302546,Diskobox,0.3000542189730042,Sunshine,0.3700798839173145,Be Your Husband,0.3470743531137192,Naked,0.33732824918615906
446,TRFBNCQ128F9302AD9,SORWAEG12AB0181063,ARCGJ6U1187FB4D01F,Akon,Birthmark,r&b/soul,Interlude 5,6947.0,My Darling,6664.0,Cancel (Album Version),6474.0,Acid 8000,7.7487578125,Cancel (Album Version),7.744148437500001,My Darling,7.7035234375,When Did Your Heart Go Missing?,0.6510524993666064,Where Is Your Heart At?,0.6400030278996286,Heart Attack,0.6261639036648715,When Did Your Heart Go Missing?,0.6631079631531586,Where Is Your Heart At?,0.6512464047732749,Heart Attack,0.6366280096464723,Interlude 5,397.5830233429393,The Dance,306.1772474085769,B-Boy Bouillabaisse: A.W.O.L. (2009 Digital Remaster),275.5936142788452,Interlude 5,0.23312592701816542,Otha Fish,0.19509461092023894,Forgiveness,0.19277293325805606,Get It Together (Album Version),0.2975405823562725,When The Lovelight Starts Shining Through His Eyes,0.28719837659883335,Forgiveness,0.286797696763527,Forgiveness,0.35162719943980186,Get It Together (Album Version),0.35058449778470374,Breakin Me,0.3325029526841824
447,TRPZAPZ128F9341D3E,SOUFNEL12D021B2AEB,ARLMXEA1187B9A7D04,R. Kelly,Don't You Say No,r&b/soul,Interlude 5,12606.0,I'm A Winner (Amended Album Version),10587.0,I Want You,10461.0,Interlude 5,14.628199999999993,I Want You,12.661201562500004,I'm A Winner (Amended Album Version),12.495715624999997,Don't Say Goodbye,0.7522952099272362,If You Can't Smile And Say Yes,0.7420650301266769,Don't Bother Me (Bad Brains),0.7378691753394986,Don't Say Goodbye,0.7586327631720818,If You Can't Smile And Say Yes,0.7486364422954158,Don't Bother Me (Bad Brains),0.7440107658085171,Interlude 5,306.41941598857085,B-Boy Bouillabaisse: A.W.O.L. (2009 Digital Remaster),298.0774052084466,1st Booty On Duty,288.69198307456554,Let's All Get Drunk,0.23814295713622805,1st Booty On Duty,0.22484021066750326,Baby We've Got A Date (Rock It Baby),0.21373383592225118,Disco,0.3719293277625677,Not Your Baby,0.3285862786731356,Baby We've Got A Date (Rock It Baby),0.3119180995534439,Disco,0.39235454994622193,Not Your Baby,0.389923660541281,Naked,0.3613019664565143
448,TRGHYGG12903CAC100,SORLWRB12D02199388,ARLMXEA1187B9A7D04,R. Kelly,Kickin' It With Your Girlfriend,r&b/soul,Interlude 5,14094.0,B-Boy Bouillabaisse: A.W.O.L. (2009 Digital Remaster),11069.0,I'm A Winner (Amended Album Version),10183.0,Interlude 5,16.3295,B-Boy Bouillabaisse: A.W.O.L. (2009 Digital Remaster),12.759124999999994,I'm A Winner (Amended Album Version),11.887000000000011,I Didn't Know That You Cared,0.8054190582338864,Guitar Playin',0.8045662213919798,Hook,0.8012645625876537,Guitar Playin',0.8145099116925839,I Didn't Know That You Cared,0.812616247476163,Hook,0.81056274154386,Interlude 5,558.7945561456543,B-Boy Bouillabaisse: A.W.O.L. (2009 Digital Remaster),362.9961482926253,8 Mile,344.5694575077247,Interlude 5,0.3733706008887245,I Mean (I Don't Mean It),0.2744121539038957,Kiss,0.25746640986995606,I Didn't Mean To Turn You On,0.2977048588112213,Kiss,0.2937074690888678,I Mean (I Don't Mean It),0.2913259131965958,I Mean (I Don't Mean It),0.38141905435152457,Interlude 5,0.37956575112795016,Kiss,0.36156990650590287
449,TRNEYNN128F92C21F7,SOZEFCO12D02193313,ARLMXEA1187B9A7D04,R. Kelly,Rise Up,r&b/soul,Interlude 5,10890.0,I'm A Winner (Amended Album Version),7320.0,My Darling,6627.0,Interlude 5,12.464800000000011,I'm A Winner (Amended Album Version),8.399940624999994,My Darling,7.581251562500005,Rise,0.6339983306142641,S.U.C.,0.591337959695677,Hey You,0.5895153146253371,Rise,0.6433912692526554,S.U.C.,0.6102263991013114,Undead,0.6080880249973781,Interlude 5,373.7803359901277,Do The Bartman,351.81601431440805,Rise,351.4945713257898,Rise,0.35628248495322573,You Left Me,0.2674468212511677,Do The Bartman,0.26698315715076254,Rise,0.35985952726674625,You Hold Me Together,0.3098787860371055,Sometimes,0.2935673150633476,Rise,0.4090485726466214,You Hold Me Together,0.3658752000631723,Sometimes,0.34681240255138124
450,TRRSRXG128E07888AF,SOTFWWF12A67020F44,ARKSZW81187B9B695D,Mariah Carey,Joy Ride,r&b/soul,Interlude 5,5978.0,B-Boy Bouillabaisse: A.W.O.L. (2009 Digital Remaster),3913.0,I Want You,3615.0,Interlude 5,6.621499999999997,I Want You,4.205984374999998,B-Boy Bouillabaisse: A.W.O.L. (2009 Digital Remaster),4.179578125000002,Magical,0.6240508179681303,We've Got Ourselves In Love ,0.5720641754026778,Lovers In Captivity,0.5645432967544309,Magical,0.6387220652219261,We've Got Ourselves In Love ,0.5877012958842254,Lovers In Captivity,0.5866690473739425,B-Boy Bouillabaisse: A.W.O.L. (2009 Digital Remaster),293.2942983559954,Interlude 5,290.52738993995484,Mainstream,251.98770689435858,Strings,0.23533328017039407,Joy,0.23349213837716423,Rock Wit U (Awww Baby),0.21980478410880597,Joy,0.28734850225719727,Strings,0.2605897776262652,Round & Round,0.25923526134210595,Joy,0.32882441315365446,Strings,0.318196944745482,Make You Sweat (LP Version),0.3051928277282075
451,TRONPIZ128F1454219,SOKLOOH12A6D4F6EED,ARKSZW81187B9B695D,Mariah Carey,Sprung,r&b/soul,Interlude 5,7470.0,I'm A Winner (Amended Album Version),6233.0,I Want You,5537.0,Interlude 5,8.711899999999996,I'm A Winner (Amended Album Version),7.382400000000009,I Want You,6.69132499999999,Rescue Me,0.7608324508522979,Alguien Real (Baby_ I'm In Love),0.7333586244217495,All Of Me,0.7178373169875989,Rescue Me,0.7695548776058522,Alguien Real (Baby_ I'm In Love),0.7429012771406109,Supply & Demand,0.7272235120130154,Find A Way,439.2249573056319,I'm Ready,399.5421169610136,No Remorse (Album Version),398.10440575691,Find A Way,0.4686899074236455,I'm Ready,0.46606069729721683,Brotha,0.4092784737526452,I'm Ready,0.5853204101641862,GO,0.5229843719898791,Why You Doing Like That,0.5211361091949224,I'm Ready,0.6017585237425862,GO,0.5440927610524089,Why You Doing Like That,0.5435719665128826
452,TRJKYAO128F427420D,SOSEWHU12A8AE484E5,ARKSZW81187B9B695D,Luther Vandross,Never Too Much,r&b/soul,Interlude 5,5725.0,B-Boy Bouillabaisse: A.W.O.L. (2009 Digital Remaster),4898.0,I'm A Winner (Amended Album Version),4695.0,Interlude 5,6.463950000000004,B-Boy Bouillabaisse: A.W.O.L. (2009 Digital Remaster),5.543545312499998,I'm A Winner (Amended Album Version),5.416309375000002,She's Funny That Way,0.7032174376959993,Heavenly,0.6563588954880701,I Ain't Never,0.6515009824513537,She's Funny That Way,0.7143768184647186,Heavenly,0.670283038538176,I Ain't Never,0.6629547835554959,B-Boy Bouillabaisse: A.W.O.L. (2009 Digital Remaster),234.68481097526328,Interlude 5,230.02910017399276,8 Mile,202.97692938363642,Oh Baby I,0.16405170204486652,Stop This Car,0.1616296322635393,Touch Too Much,0.15682173338254407,Too Much Pressure,0.323393864294827,Oh Baby I,0.29989576689758796,She's Funny That Way,0.29446422611235734,Too Much Pressure,0.35984513512950134,Oh Baby I,0.35673421238042013,She's Funny That Way,0.3447390790416459
453,TRYGRKO128F9343244,SOMBFBA12A8C13D236,ARLMXEA1187B9A7D04,R. Kelly,Chocolate Factory,r&b/soul,Interlude 5,3809.0,B-Boy Bouillabaisse: A.W.O.L. (2009 Digital Remaster),3532.0,My Darling,2817.0,Interlude 5,4.1034500000000005,B-Boy Bouillabaisse: A.W.O.L. (2009 Digital Remaster),3.864896874999997,My Darling,3.1186156249999994,A Day To Myself,0.6204585287408649,Second Nature,0.5890147315015507,The Lily Of The West,0.5793977069078272,A Day To Myself,0.6412161312134071,Second Nature,0.6090663306209653,Sweet,0.6026763524231216,I Love U In Me ( LP Version),403.3703576307844,Feva Las Vegas,329.48546516114715,Interlude 5,300.9584320893574,I Love U In Me ( LP Version),0.3361166416417607,Jack U Off (LP Version),0.30169108913223125,Feva Las Vegas,0.2747999935216641,Jack U Off (LP Version),0.4159070472440557,It Ain't Easy,0.36143604824579156,Leave The Lights On (Album Version),0.3524828143777241,Jack U Off (LP Version),0.4511467832348627,It Ain't Easy,0.4018349891278672,Space,0.38622922097300283
454,TROIJDA128F9341E70,SOCUXGX12A8C13B78C,ARLMXEA1187B9A7D04,R. Kelly,I Mean (I Don't Mean It),r&b/soul,I Want You,15433.0,Interlude 5,15352.0,I'm A Winner (Amended Album Version),14738.0,I Want You,18.76462031250004,Interlude 5,17.757099999999983,I'm A Winner (Amended Album Version),17.486053125,Random I Am (Album Version),0.8111011647829067,I Don't Want To Talk About It,0.8013249120972732,Shoo Be Doo,0.7968875277543436,Random I Am (Album Version),0.8159029279039322,I Don't Want To Talk About It,0.8070928945766809,Shoo Be Doo,0.8027817649452463,Interlude 5,500.72632012234675,B-Boy Bouillabaisse: A.W.O.L. (2009 Digital Remaster),411.46451208290966,Touch Me,363.7618134269621,Kickin' It With Your Girlfriend,0.27441215390389573,Interlude 5,0.27384819501280605,Touch Me,0.25655987547223996,I Didn't Mean To Turn You On,0.36558506207362773,Are You Ready For Me,0.31249941929228586,Tell Me,0.3094790845748207,I Didn't Mean To Turn You On,0.41028684912976165,Kickin' It With Your Girlfriend,0.3814190543515246,Do It All Again,0.38017233235622944
455,TRXTJGV12903CAC0F8,SOJYYAN12A58A790B1,ARLMXEA1187B9A7D04,R. Kelly,In The Kitchen,r&b/soul,Interlude 5,6246.0,I'm A Winner (Amended Album Version),5069.0,B-Boy Bouillabaisse: A.W.O.L. (2009 Digital Remaster),4548.0,Interlude 5,7.149699999999999,I'm A Winner (Amended Album Version),5.906356250000005,B-Boy Bouillabaisse: A.W.O.L. (2009 Digital Remaster),5.134896874999997,Crowded Avenue,0.7004818479809739,Them Jeans,0.6625085872091876,Time And Space,0.6615650972414141,Crowded Avenue,0.7127793183019134,Them Jeans,0.6798007357955193,Time And Space,0.676231874450324,Overdose (Album Version),262.89755294928625,B-Boy Bouillabaisse: A.W.O.L. (2009 Digital Remaster),245.18908576572403,Interlude 5,228.35856732999008,Overdose (Album Version),0.19436280896652808,Sexy,0.1845307981965754,Keep Your Shit The Hardest,0.17849525686099085,Sexy,0.3065441757656878,It's All Over,0.2976821701594369,Rock And Roll Girls,0.2821729657336001,Sexy,0.36508414239265813,It's All Over,0.3392506144532914,Rock And Roll Girls,0.3242510068745286
456,TRTWRQD12903CA9E3B,SOCDGAR12AB018CE44,AR52EZT1187B9900BF,Alicia Keys,Distance And Time,r&b/soul,Interlude 5,7585.0,I'm A Winner (Amended Album Version),6058.0,I Want You,5574.0,Interlude 5,8.78435,I'm A Winner (Amended Album Version),7.117053125000004,I Want You,6.711370312499998,Promise Me,0.7490276349915107,My Forfeit,0.7466283244194584,Get Sick Soon,0.7359497950074568,Promise Me,0.7570662057946991,My Forfeit,0.7529463437055041,Get Sick Soon,0.7442999089215008,8 Mile,221.79335720548386,Interlude 5,214.84260961132426,B-Boy Bouillabaisse: A.W.O.L. (2009 Digital Remaster),180.94619005368807,Oh Baby I,0.1630079749789,Coming Up Roses,0.15699142375113018,Miss You,0.14011058940057405,20th Century,0.28918233764563056,Oh Baby I,0.2861450329768871,Coming Up Roses,0.2768733472136619,Oh Baby I,0.3359006378188236,The Look Of Love,0.33467816886538465,20th Century,0.33048285511599523
457,TRWPMRK12903CCDA98,SOWGUXF12AB0185700,AR52EZT1187B9900BF,Alicia Keys,Lover Man,r&b/soul,Interlude 5,3217.0,B-Boy Bouillabaisse: A.W.O.L. (2009 Digital Remaster),2711.0,Man In The Mirror,2666.0,Interlude 5,3.5175499999999986,B-Boy Bouillabaisse: A.W.O.L. (2009 Digital Remaster),2.967517187500002,Man In The Mirror,2.900659375000002,Can't Do Without You,0.6017517605220203,Miss Moon,0.5719131442477114,Hair,0.5710016377612552,Can't Do Without You,0.6243711147554825,Hair,0.6008355745387922,She's On Drugs,0.5942881807609091,Interlude 5,244.7344805719861,B-Boy Bouillabaisse: A.W.O.L. (2009 Digital Remaster),223.55577664649053,The Hourglass,219.91657618652317,Man In The Mirror,0.17543749488184254,Getting Over You,0.15806682630018176,Eat To Live (Album Version),0.15538444236781782,You Can't Judge A Book By It's Cover,0.3201169815529914,Moonlight Serenade,0.27983756611067256,I Got a Woman,0.27499377704369676,You Can't Judge A Book By It's Cover,0.3566044101910355,Moonlight Serenade,0.3412742845034766,I Got a Woman,0.3258537965267447
458,TRMTTBA128F429A7EC,SOSYUFF12A8C13C104,AR52EZT1187B9900BF,Alicia Keys,Nobody Not Really (Interlude),r&b/soul,B-Boy Bouillabaisse: A.W.O.L. (2009 Digital Remaster),1334.0,8 Mile,1294.0,Splurge,1197.0,B-Boy Bouillabaisse: A.W.O.L. (2009 Digital Remaster),1.4924671874999973,8 Mile,1.4854078125000034,Splurge,1.3920265624999992,Down The Dirt Road Blues,0.6312766868257772,Confessional,0.6208224040895441,I Understand,0.6159081682266543,Down The Dirt Road Blues,0.6474070486194551,Confessional,0.6363525156940442,Pain,0.6339575874126033,Interlude 5,123.95858571012674,If I Had,103.59041313123254,Splurge,102.41435990082972,Come On Around To My House Mama,0.09535042195525335,Everybody Knows,0.08916931693816038,So Alone,0.0889873455955495,Jeannie's Diary,0.3491598529617965,Anyone Who Knows What Love Is (Will Understand),0.3223764409568976,A Really Good Time (1999 Digital Remaster),0.30719681968662294,Jeannie's Diary,0.3806325400023502,A Really Good Time (1999 Digital Remaster),0.3523018819448431,Anyone Who Knows What Love Is (Will Understand),0.34868303902965203
459,TRWCVWH128F4284EE5,SOIYWLQ12AF729E318,AR52EZT1187B9900BF,Alicia Keys,Piano & I,r&b/soul,Interlude 5,2512.0,I Want You,1823.0,I'm A Winner (Amended Album Version),1817.0,Interlude 5,2.8755000000000006,I Want You,2.181539062499999,I'm A Winner (Amended Album Version),2.098390625000001,Without You,0.7004250792640802,Heartattack,0.6862140417806583,I Am The Cosmos,0.6823445677126568,Without You,0.7143777594370054,Heartattack,0.7003016797456236,Honest Expression,0.6938942827239063,Interlude 5,175.6638236803296,Plumskinzz (Loose Hoe_ God & Cupid),172.26309915696,Slam Harder,169.4720424126083,Slam Harder,0.16409728429090656,Slam,0.16409728429090656,Plumskinzz (Loose Hoe_ God & Cupid),0.16063030981213014,Lowrider,0.3652608927086124,Alamo,0.3292449130612289,Fake French,0.329195085862388,Lowrider,0.3789991092870976,Plumskinzz (Loose Hoe_ God & Cupid),0.36883124766022013,Without You,0.3653888920650079
460,TRQQLZD128F425E9BC,SOYSABZ12A58A7CAE3,AR52EZT1187B9900BF,Alicia Keys,Tell You Something (Nana's Reprise),r&b/soul,I Mean (I Don't Mean It),10886.0,Interlude 5,10599.0,I'm A Winner (Amended Album Version),10137.0,I Mean (I Don't Mean It),13.048746874999985,I Want You,11.996040625000017,Interlude 5,11.928550000000005,Ball Peen Hammer,0.7507985656833598,Tuesday Night,0.7474520358606135,Love Affair,0.7182802460316968,Ball Peen Hammer,0.7577329900309941,Tuesday Night,0.7529684585909909,Love Affair,0.728642464567285,Interlude 5,423.3556570381263,Club Megamix,359.40989239653214,B-Boy Bouillabaisse: A.W.O.L. (2009 Digital Remaster),312.7498767959153,Club Megamix,0.3049297431169174,Can't Tell Me Nothing,0.2684449244205725,I Wanna Know,0.24911221432638123,Destination: Overdrive,0.3299483719109004,Everyday,0.3139366542124166,Adam's Song,0.30068780070485607,Club Megamix,0.37710131543606995,Destination: Overdrive,0.3676648493977631,Everyday,0.3623387056228359
461,TREAJBV12903CCDA96,SOVRMZU12AB017FE90,AR52EZT1187B9900BF,Alicia Keys,Try Sleeping With A Broken Heart,r&b/soul,Interlude 5,6576.0,I'm A Winner (Amended Album Version),6558.0,Hold Me Down (Album Version),5179.0,I'm A Winner (Amended Album Version),7.757084375000005,Interlude 5,7.546099999999996,Hold Me Down (Album Version),6.161521875000013,Never Gonna Give You Up,0.7361024823542618,Fast As I Can,0.7283450461951215,Go On Ahead,0.7230047045140291,Never Gonna Give You Up,0.7471438392071987,Fast As I Can,0.7386625116069997,Go On Ahead,0.7337378235957301,Interlude 5,220.29714730429373,My Darling,211.27397498499354,Mortal City,197.91279968659066,Fast As I Can,0.18445864080289825,Forgiveness,0.1499024377975823,Going Down Town Tonight,0.14914569482562673,Fast As I Can,0.38907201635391825,Soul Shakedown,0.2986693599471949,(Why Did I Tell You I Was Going To) Shanghai,0.2897607705734261,Fast As I Can,0.42931324511907,Forgiveness,0.33566782559352193,Lost In You,0.33534470393367416
462,TRDFWVZ128F4284EF0,SODFKEG12AF72A4E66,AR52EZT1187B9900BF,Alicia Keys,Why Do I Feel So Sad,r&b/soul,Interlude 5,4790.0,B-Boy Bouillabaisse: A.W.O.L. (2009 Digital Remaster),3914.0,I Mean (I Don't Mean It),3563.0,Interlude 5,5.378000000000003,B-Boy Bouillabaisse: A.W.O.L. (2009 Digital Remaster),4.3827890625,I Want You,4.224742187499989,Try Our Love Again,0.6298417705784742,Freezin In The Cold,0.6269207802431382,Lost Horizon,0.6231852304928336,Try Our Love Again,0.6445239751840335,Freezin In The Cold,0.6420790364874662,Lost Horizon,0.6381369851541883,Interlude 5,265.2915059987736,8 Mile,220.8462657357814,I'm Catching Hell (Living Here Alone) (Digitally Remastered 02),187.82277193517362,Interlude 5,0.17040965188681453,Hate,0.1691134416312735,I'm Catching Hell (Living Here Alone) (Digitally Remastered 02),0.16656844194272427,Hate,0.313574816505454,Tell Me (Acoustic),0.30157392556716534,You Need A Hug,0.2973178630421146,Tell Me (Acoustic),0.3527544304035391,Hate,0.34463961536801513,You Need A Hug,0.3374500313281788
463,TRFRUCJ128F4284EF2,SOKILIB12D021B411C,AR52EZT1187B9900BF,Alicia Keys,Lovin U,r&b/soul,Interlude 5,5212.0,I'm A Winner (Amended Album Version),4441.0,I Want You,3631.0,Interlude 5,6.091799999999999,I'm A Winner (Amended Album Version),5.274675000000001,I Want You,4.383212499999995,Rhythm Is Love,0.7179394169433752,Easy,0.6976826480524515,Dead Love,0.6973701640573696,Rhythm Is Love,0.7254014990236552,Easy,0.705784941127987,Dead Love,0.7042652437384412,Easy,133.52164498261845,Interlude 5,130.0620847146248,A Deeper Love,125.36776713074076,Easy,0.14002838452531957,A Deeper Love,0.13541946480910658,Easy,0.13410963694729297,Easy,0.41071916661478713,Work It Out,0.39392373102682393,Easy To Love,0.36965304400512533,Easy,0.43413465345933105,Work It Out,0.4064197861879608,Easy To Love,0.39203740632851436
464,TRXONIT128F9355F39,SOMSIJG12AF72AD5CE,ARQFENL121318C58A6,Jeremih,My Ride,r&b/soul,B-Boy Bouillabaisse: A.W.O.L. (2009 Digital Remaster),9603.0,Interlude 5,8911.0,Mellow My Man,8571.0,B-Boy Bouillabaisse: A.W.O.L. (2009 Digital Remaster),10.980481249999986,Mellow My Man,10.167618749999972,Radar,10.078881249999979,Strictly 4 My N.I.G.G.A.Z.,0.7341236733774,In My Heart,0.7277660288484709,Bump,0.7001852146215056,Strictly 4 My N.I.G.G.A.Z.,0.7439650839750799,In My Heart,0.7329966718162472,Bump,0.71157910341231,B-Boy Bouillabaisse: A.W.O.L. (2009 Digital Remaster),472.25737543957575,Who Ride Wit Us,376.2428814003425,No Remorse (Album Version),338.21693781388177,Who Ride Wit Us,0.38863491977025566,B-Boy Bouillabaisse: A.W.O.L. (2009 Digital Remaster),0.30343525289801165,So Ghetto,0.27308841683052515,Who Ride Wit Us,0.4211797795558251,To Da Crib,0.33235240110985315,Is It Love You're After,0.29501549087662443,Who Ride Wit Us,0.4671549938674788,To Da Crib,0.3936849326971028,Stop This Car,0.36733049845837273
465,TRURHNH128F9355F33,SONEKBK12AB017C335,ARQFENL121318C58A6,Jeremih,Starting All Over,r&b/soul,Interlude 5,4309.0,8 Mile,3490.0,B-Boy Bouillabaisse: A.W.O.L. (2009 Digital Remaster),3463.0,Interlude 5,4.746849999999998,8 Mile,3.9589656250000025,B-Boy Bouillabaisse: A.W.O.L. (2009 Digital Remaster),3.794034374999998,8 Mile,0.6271918266894356,I Don't Need This,0.592642030261738,Hook,0.588548497186745,8 Mile,0.6495884013992241,I Don't Need This,0.611775290321498,Hook,0.6103125256089723,Interlude 5,344.3650297567398,Plumskinzz (Loose Hoe_ God & Cupid),297.9443199207326,Slam,279.4620077077541,Plumskinzz (Loose Hoe_ God & Cupid),0.25759189613246997,Slam Harder,0.24909255442294934,Slam,0.24909255442294934,I'm Not In The Mood (To Say No)!,0.3250796822936387,Alamo,0.32054842590851096,I La La La Love You,0.31109319415572584,I'm Not In The Mood (To Say No)!,0.3659891186315041,Plumskinzz (Loose Hoe_ God & Cupid),0.35745689437927314,Life of Tha Party,0.35516220396840875
466,TRBVOUE128F92F4B3E,SOLYDSR12D021902F1,ARIL5841187FB5C061,Duffy,Oh Boy,r&b/soul,B-Boy Bouillabaisse: A.W.O.L. (2009 Digital Remaster),2633.0,Interlude 5,2569.0,I'm A Winner (Amended Album Version),2391.0,B-Boy Bouillabaisse: A.W.O.L. (2009 Digital Remaster),3.006581250000004,Interlude 5,2.870849999999999,I'm A Winner (Amended Album Version),2.7662875000000016,Best Friend,0.6963203494162412,Drivin' Nails In My Coffin,0.6375393514887726,Dust My Broom,0.6366238587498815,Best Friend,0.7071243832816302,Dust My Broom,0.6477884457189971,Dust My Broom,0.6477884457189971,Interlude 5,180.06660045760947,B-Boy Bouillabaisse: A.W.O.L. (2009 Digital Remaster),152.97581986562219,Mr. Outsider,146.61789299710617,Jake,0.1311714790847519,Cat's In The Cradle,0.13062872115733917,Mama's Boy,0.12459088413681343,Home,0.3048802420717719,Jake,0.29921932995363115,Li'l Jack Horny,0.28584300212047337,Jake,0.34321169164313536,Home,0.3403620546821755,Li'l Jack Horny,0.31712666746700074
467,TRTAKII128F92E4449,SOKHIOI12A8C141E73,AR9B7FG1187B9A5C96,Jay Sean,Maybe,r&b/soul,Interlude 5,6853.0,I'm A Winner (Amended Album Version),5753.0,B-Boy Bouillabaisse: A.W.O.L. (2009 Digital Remaster),5463.0,Interlude 5,7.862449999999999,I'm A Winner (Amended Album Version),6.731293749999996,B-Boy Bouillabaisse: A.W.O.L. (2009 Digital Remaster),6.240178124999993,So What'Cha Want (Butt Naked Version) (Explicit) (2009 Digital Remaster),0.7100214544337934,On the Outside,0.7039429337813309,Guilty,0.7029649713313015,So What'Cha Want (Butt Naked Version) (Explicit) (2009 Digital Remaster),0.7227825087115289,On the Outside,0.7184094559523317,Club Megamix,0.716773835196622,B-Boy Bouillabaisse: A.W.O.L. (2009 Digital Remaster),261.33115732740237,Interlude 5,242.29758877133136,FlyPaper,226.3508593037454,FlyPaper,0.18497607244503078,Caught Up,0.1830326446346476,Feelin Is Right,0.17380886657378183,Safe and Sound,0.2594333720090281,Left to chance,0.25477545990163336,Guilty,0.2408973448038001,Safe and Sound,0.3101815648363682,FlyPaper,0.2997822604024765,Evenfall,0.2922305359939758
468,TRSHMDQ128F422C1D6,SOZBCSN12A8AE46F93,AR9B7FG1187B9A5C96,Jay Sean,Stuck In the Middle,r&b/soul,Interlude 5,12543.0,I'm A Winner (Amended Album Version),9064.0,B-Boy Bouillabaisse: A.W.O.L. (2009 Digital Remaster),7895.0,Interlude 5,14.611549999999996,I'm A Winner (Amended Album Version),10.632550000000004,B-Boy Bouillabaisse: A.W.O.L. (2009 Digital Remaster),8.976274999999994,Never Love You,0.7847426054645213,Interlude 5,0.7693226301742001,Dream,0.7458603994855638,Never Love You,0.7918194852832479,Interlude 5,0.7813905814818588,So Much Love/Underture,0.7586963367206558,Interlude 5,400.57236349031564,B-Boy Bouillabaisse: A.W.O.L. (2009 Digital Remaster),399.53169287253183,8 Mile,341.3215980136411,Interlude 5,0.23214041514173636,B-Boy Bouillabaisse: A.W.O.L. (2009 Digital Remaster),0.2256661595088277,I'm Gon' Change,0.221063560248663,Stop & Think It Over,0.31561676842636033,Loser Friendly,0.30917886466791566,I Like It (Remix),0.2851580816333416,Stop & Think It Over,0.36951052788157945,Loser Friendly,0.36671324187884763,I Like It (Remix),0.35185086605363447
469,TRENMSO128F42AF485,SOUXXLG12A8C13EB34,AR8DTD41187FB51ED9,Fantasia,Bump What Your Friends Say,r&b/soul,Interlude 5,6506.0,I'm A Winner (Amended Album Version),5421.0,My Darling,4687.0,Interlude 5,7.493100000000002,I'm A Winner (Amended Album Version),6.358381250000007,My Darling,5.467378125000003,If Only You Knew,0.7909399977424443,Never Meant To Be,0.7895894412033142,My Darling,0.785188194688998,If Only You Knew,0.8008762357886852,Never Meant To Be,0.7985221585138622,My Darling,0.7966009691032254,Interlude 5,284.8549163243094,B-Boy Bouillabaisse: A.W.O.L. (2009 Digital Remaster),261.3754754637549,My Darling,245.79634135830685,My Darling,0.16929348754974727,Ho's A Housewife,0.1635226256293455,Friends/Oh My My (LIve),0.16143024183917035,Never Meant To Be,0.28873369453067216,Don't Want You Back,0.28102723122507034,One Of The Boys,0.27441919857169833,Never Meant To Be,0.3436257293412152,Friends/Oh My My (LIve),0.33706405389383004,Don't Want You Back,0.3349900890459007
470,TRTSASI12903CC26E8,SOUSVDG12AB018B099,AR20CFC1187B98A25D,Ray Charles,Smack Dab In The Middle,r&b/soul,Interlude 5,2713.0,B-Boy Bouillabaisse: A.W.O.L. (2009 Digital Remaster),2404.0,I'm A Winner (Amended Album Version),1728.0,Interlude 5,3.03935,B-Boy Bouillabaisse: A.W.O.L. (2009 Digital Remaster),2.710714062499997,Otha Fish,1.9608671874999977,Man In White,0.6453548413846842,Heavily Sedated,0.6233725214677001,Safe + Sound,0.6226368219733835,Man In White,0.6620915663576615,Safe + Sound,0.6414018459548891,Heavily Sedated,0.6401788058649073,B-Boy Bouillabaisse: A.W.O.L. (2009 Digital Remaster),191.0755890727922,Interlude 5,167.88169343180377,Throw Ya Handz Up,159.41118256334101,Throw Ya Handz Up,0.14186149426893652,Get Your Hands Up,0.13308072249793398,Is This Love,0.12618767622572347,Is This Love,0.2832520096555873,Rock Me Baby,0.2819916900445018,20th Century Boy,0.27769494427429486,Is This Love,0.3159483169485602,Rock Me Baby,0.3083068117381084,20th Century Boy,0.3074807140432739
471,TRNZNSR128F429F04B,SOIFMOR12A8C13C0CD,AR20CFC1187B98A25D,Ray Charles,Don't You Know,r&b/soul,Interlude 5,3485.0,I'm A Winner (Amended Album Version),3029.0,It's A Party,2829.0,Interlude 5,3.896249999999993,I'm A Winner (Amended Album Version),3.485625000000009,It's A Party,3.325625000000015,Naked,0.6655444221016612,Love Was Here,0.6529901625776064,Baby Come Back,0.6356607600794271,Naked,0.6809337442010978,Love Was Here,0.667025812177734,Baby Come Back,0.6464082644947164,B-Boy Bouillabaisse: A.W.O.L. (2009 Digital Remaster),175.5753098419033,Snoopafella (Edited),161.83312301908305,Interlude 5,160.41610787393648,Baby Girl,0.12504875688394868,Love Was Here,0.1228316542984985,Breathing,0.12085099732175925,Soon Forward,0.41272897270544345,Kiss me baby,0.33780220262876687,Rock Me Baby,0.30040647137843496,Soon Forward,0.4396481875092949,Kiss me baby,0.37040570583983984,Ain't Too Proud To Beg,0.3288506456725136
472,TRWFFHM128F92F99C4,SOJVLDB12AB017ACC4,ARZCS0M1187FB52EAB,Chrisette Michele,All I Ever Think About,r&b/soul,Interlude 5,11542.0,I'm A Winner (Amended Album Version),9801.0,I Want You,8584.0,Interlude 5,13.376399999999983,I'm A Winner (Amended Album Version),11.564321874999976,I Want You,10.343692187500007,Revenge,0.8072168604545505,I Think I Love You,0.7867425057098518,Club Megamix,0.7782621352796952,Revenge,0.8142825507596168,I Think I Love You,0.7932896443459375,Club Megamix,0.7887256894352089,Interlude 5,364.4309352430657,Honest Expression,304.9952529575443,Splurge,287.3879026933968,Splurge,0.23313698024807997,Nice & Slow,0.2263914774566219,Club Megamix,0.20437836454749525,Nice & Slow,0.3096531760863593,If You Really Love Me,0.2793177406274759,Talking,0.27155162313614595,Nice & Slow,0.37980143836002306,Sex,0.343508251891288,Waiting For The Day,0.33743480533446885
473,TRDIOJU128F931BF15,SOPGSCU12D0219384E,ARRZUPG11F43A69EF7,Jackson 5,(You Were Made) Especially For Me,r&b/soul,Interlude 5,4829.0,I'm A Winner (Amended Album Version),4158.0,Hold Me Down (Album Version),4154.0,Interlude 5,5.527950000000003,Hold Me Down (Album Version),4.956996874999994,I'm A Winner (Amended Album Version),4.8653093750000025,Not Your Baby,0.7087265340880093,Don't Bother Me (Bad Brains),0.6912720310629528,Give Me What I Want (LP Version),0.6864304361861875,Not Your Baby,0.7181279436425172,Don't Bother Me (Bad Brains),0.6992731139591825,Give Me What I Want (LP Version),0.6950701136452101,Don't Sit Under The Apple Tree,201.39091191071603,Dream Catch Me,196.1197568278907,My Darling,180.26704869351974,Don't Sit Under The Apple Tree,0.23179015293386096,Dream Catch Me,0.22087883048688067,Hold Me Down (Album Version),0.17029609078287777,Anyone Who Knows What Love Is (Will Understand),0.4087507758473548,Don't Sit Under The Apple Tree,0.40096835341193615,Dream Catch Me,0.382161133221981,Anyone Who Knows What Love Is (Will Understand),0.4281212897783685,Don't Sit Under The Apple Tree,0.4209489384911443,Dream Catch Me,0.40670860935890657
474,TRGYQBU128F9342C87,SONQNNF12D021B4C46,ARRZUPG11F43A69EF7,Jackson 5,I Was Made To Love Her,r&b/soul,Interlude 5,4024.0,B-Boy Bouillabaisse: A.W.O.L. (2009 Digital Remaster),3548.0,8 Mile,3165.0,Interlude 5,4.5009999999999994,B-Boy Bouillabaisse: A.W.O.L. (2009 Digital Remaster),3.9926093750000002,8 Mile,3.6223906249999964,Electric Lady,0.6717570958821675,Cryin',0.6656897044213849,Heartbeat,0.643840497030329,Electric Lady,0.6857146191861955,Cryin',0.676659820504948,Heartbeat,0.6536816666540793,Interlude 5,264.890324432086,B-Boy Bouillabaisse: A.W.O.L. (2009 Digital Remaster),194.81095633296025,Black Dog,181.34135382552188,Black Dog,0.18401949529826894,Interlude 5,0.16316009631091458,It's Growing,0.1584306037994013,Build Me Up Buttercup,0.32571425019544886,Black Dog,0.32097994318405476,I BELIEVE,0.3055003062304004,Build Me Up Buttercup,0.3686666039206959,Black Dog,0.36799774609352615,I BELIEVE,0.3501061772410167
475,TRVBSAC128F42B6438,SOAPRQO12AF72A2410,ARRZUPG11F43A69EF7,Jackson 5,Bridge Over Troubled Water,r&b/soul,I'm A Winner (Amended Album Version),2693.0,Interlude 5,2692.0,B-Boy Bouillabaisse: A.W.O.L. (2009 Digital Remaster),2554.0,I'm A Winner (Amended Album Version),3.1122218749999973,Interlude 5,2.9762999999999975,B-Boy Bouillabaisse: A.W.O.L. (2009 Digital Remaster),2.8674390624999977,To The Limit,0.6467640477207828,It's All Up To You,0.6311256320471398,Hunter killer,0.6301345510454436,To The Limit,0.6548276156745451,It's All Up To You,0.6423193478847731,Hunter killer,0.6392556245833328,Mainstream,157.74497535305628,Keepin' It Strong,153.88423717369182,B-Boy Bouillabaisse: A.W.O.L. (2009 Digital Remaster),153.37040427794682,Lay Down Your Sorrows,0.13451557986661572,When I Lay My Burden Down,0.1331776381798027,Some Kind Of Trouble,0.1300081401793281,When I Lay My Burden Down,0.45213053732191094,Lay Down Your Sorrows,0.3088641251019564,Sweet Troubled Soul,0.2584132627603362,When I Lay My Burden Down,0.4659248481216732,Lay Down Your Sorrows,0.3448308400581349,Sweet Troubled Soul,0.29086160064463573
476,TRHTGXF128F931BEE7,SOVJMLE12AB01848BF,ARRZUPG11F43A69EF7,Jackson 5,Goin' Back To Indiana,r&b/soul,8 Mile,4576.0,B-Boy Bouillabaisse: A.W.O.L. (2009 Digital Remaster),4515.0,Everytime I...,4045.0,8 Mile,5.40936562500001,B-Boy Bouillabaisse: A.W.O.L. (2009 Digital Remaster),5.232134375,Everytime I...,4.905781249999984,hoodie ninja,0.7750243661098043,Who I Am,0.7656252890766637,Bushman,0.7575449250550075,hoodie ninja,0.7810025785788369,Who I Am,0.7713903629431287,8 Mile,0.7644326134807478,Do The Bartman,202.8969832898443,Touch Me,182.60241826627853,Contagious,174.40244920840604,Do The Bartman,0.16943329502383783,Heaven,0.16370141538863442,I Got It Goin' On,0.1598532987471778,Heaven,0.3411061516654901,Going To New York,0.3020737387363826,I Got It Goin' On,0.3003592108683938,Heaven,0.3786225921469644,I Got It Goin' On,0.352702289193969,He Ain't Comin' Home No More,0.33722557114994584
477,TRULIIL128F4228AC8,SOHQSLE12A6D4FD852,ARRZUPG11F43A69EF7,Jackson 5,Lookin' Through The Windows,r&b/soul,Interlude 5,2486.0,New Town,2307.0,I'm A Winner (Amended Album Version),2080.0,New Town,2.698540625,Interlude 5,2.6612999999999984,I'm A Winner (Amended Album Version),2.308393750000001,Insectica,0.4430588243465723,Dark Therapy,0.4145360073717971,Enemy,0.3956536702155451,Insectica,0.4603640936819273,Dark Therapy,0.43315564504816534,Unexplained,0.41901174829693966,Twizala,212.8590071732256,Remember Me,195.81304171329268,Slow Motion,186.04267738563834,Twizala,0.22979226469373706,Slow Motion,0.18521223480912352,Remember Me,0.16236648565853617,Twizala,0.32519245455282647,Morning Light,0.3083408292637016,Looking for Somebody,0.269872536239548,Twizala,0.35769127166380515,Morning Light,0.3373578996234496,Looking for Somebody,0.29357917350732315
478,TRTKNDU128EF3517DF,SOHAESY12A6D223C62,ARRZUPG11F43A69EF7,Jackson 5,You've Changed,r&b/soul,Interlude 5,5733.0,I'm A Winner (Amended Album Version),4991.0,Man In The Mirror,4910.0,Interlude 5,6.59815,I'm A Winner (Amended Album Version),5.867478124999996,Man In The Mirror,5.6504468749999965,Nasty Grind,0.7301559332730091,Skinhead Moonstomp,0.727868267477284,Wrong Way,0.7254857758062376,Nasty Grind,0.735168118198182,Skinhead Moonstomp,0.7321400374526812,Wrong Way,0.7284752318023344,Man In The Mirror,217.13569869154784,Interlude 5,211.21227272536484,My Darling,180.9048786523619,Man In The Mirror,0.20361770625151351,Yeah,0.19685415801016373,Jump To It,0.1760822113059388,Here And Now,0.32686720369816086,Yeah,0.3204527249756576,Rubylove,0.3168886801212526,Here And Now,0.3616247379099295,Yeah,0.3513194300274958,Something To Talk About,0.3389280986772509
479,TRQBNNZ128F92D4F35,SONSXHN12A58A7B790,ARNQKXK1187B99EFDA,Jazmine Sullivan,Switch!,r&b/soul,Interlude 5,7500.0,B-Boy Bouillabaisse: A.W.O.L. (2009 Digital Remaster),6752.0,I'm A Winner (Amended Album Version),6002.0,Interlude 5,8.528600000000004,B-Boy Bouillabaisse: A.W.O.L. (2009 Digital Remaster),7.732174999999984,Everytime I...,7.0637499999999775,Pervert,0.7445085400426261,Everytime I...,0.7288863583045795,Book Of Life,0.7280807051064355,Pervert,0.7533107702265562,Book Of Life,0.739390136438965,Everytime I...,0.7336267272708022,Interlude 5,417.69009455444103,Do The Bartman,312.2673011810848,B-Boy Bouillabaisse: A.W.O.L. (2009 Digital Remaster),289.9459171628702,Interlude 5,0.2841393925580535,Do The Bartman,0.25306242316486993,Bring Your Whole Crew,0.21193321628272063,I Don't Care,0.3162295511550965,Best Of Luck,0.2998887351025632,Best Thing That Never Happened,0.2863233332960073,Best Of Luck,0.3572213122160021,I Don't Care,0.35401940422671757,The Winkle Man,0.3422248559435738
480,TRTYGWW128E0794FA2,SOXJKGU12A67ADA1C9,ARIPLUN1187B99B9F9,The Police,One World (Not Three),reggae,One of Us,4884.0,One Tribe,4671.0,Interlude 5,2866.0,One of Us,5.740656249999995,One Tribe,5.604587499999985,Interlude 5,2.9798999999999993,Revolution,0.6108044472547054,Imagine,0.5741600916846815,One Tribe,0.5372311211566707,Revolution,0.6192408513348493,Imagine,0.5850610981640372,One Tribe,0.5472927257242414,8 Mile,206.93492858913157,Interlude 5,186.08398876296104,Curse,161.32144221629338,8 Mile,0.14399685465380632,Mandlebrot Set,0.13129532102910343,If I Had,0.12980127742653874,Lightspan,0.33355674503030297,Throw That World Away,0.25234515734866164,Imagine,0.25134783984476944,Lightspan,0.3421723349905221,Imagine,0.28931380557331776,This Respirator,0.28742824505827214
481,TRKHTKI128F92EA339,SOSDIHQ12A8C13C23F,AR6J3X81187FB59A7B,Matisyahu,Close My Eyes,reggae,Interlude 5,12297.0,B-Boy Bouillabaisse: A.W.O.L. (2009 Digital Remaster),9562.0,I'm A Winner (Amended Album Version),8267.0,Interlude 5,13.929150000000007,B-Boy Bouillabaisse: A.W.O.L. (2009 Digital Remaster),10.746504687499996,I'm A Winner (Amended Album Version),9.391290624999996,Just What Can Happen,0.7626606216695385,Days Like These,0.746269731561017,Switchblade,0.7442695498665839,Just What Can Happen,0.7743506735143175,Days Like These,0.7647720683248902,Switchblade,0.7573573764806034,B-Boy Bouillabaisse: A.W.O.L. (2009 Digital Remaster),697.3150897477748,Interlude 5,565.0741513090492,8 Mile,508.15944173308407,B-Boy Bouillabaisse: A.W.O.L. (2009 Digital Remaster),0.3928773280372171,Days Like These,0.27042230764355063,Walk Into The Sun,0.2637633836380202,Flying high,0.310428407323678,After The Love,0.2674728592141345,Days Like These,0.26577489023406015,B-Boy Bouillabaisse: A.W.O.L. (2009 Digital Remaster),0.4305291722303033,Days Like These,0.39694119313138754,Bad Mutha,0.38453587086272173
482,TRACTLX128F42A51F6,SOWXKLQ12A8C13C221,AR6J3X81187FB59A7B,Matisyahu,Exaltation,reggae,Interlude 5,2779.0,B-Boy Bouillabaisse: A.W.O.L. (2009 Digital Remaster),2489.0,Otha Fish,1976.0,Interlude 5,3.0114500000000044,B-Boy Bouillabaisse: A.W.O.L. (2009 Digital Remaster),2.7246390624999974,Otha Fish,2.229742187499999,Immortal Chant,0.6344707093133247,There Will Be Blood Tonight,0.616560699677292,The Girl That I Marry,0.6165599882306866,Immortal Chant,0.6482811147271351,There Will Be Blood Tonight,0.6315517213772517,The Girl That I Marry,0.6257602441707965,The Hourglass,210.19308060058032,One of Us,179.21674968871764,Curse,177.95426624491907,All Over The World,0.1664780447499153,The Hourglass,0.1474373127054828,O Holy Night,0.14703967316091052,Holy Is The Lord,0.3243702106891172,Prism Of Life,0.3194923012711779,O Holy Night,0.3162071206645142,Prism Of Life,0.36635024154259943,O Holy Night,0.3636259220977475,All Over The World,0.35297145243405165
483,TRHQAPS128F42A51F4,SOSWVVV12A8C13C21C,AR6J3X81187FB59A7B,Matisyahu,Fire and Heights,reggae,Interlude 5,11299.0,B-Boy Bouillabaisse: A.W.O.L. (2009 Digital Remaster),8616.0,I'm A Winner (Amended Album Version),8327.0,Interlude 5,13.03355,B-Boy Bouillabaisse: A.W.O.L. (2009 Digital Remaster),9.858290625000004,I'm A Winner (Amended Album Version),9.696268749999998,Clickety Clack,0.8252824659095475,Preacher On A Sunday Morning,0.8109619509442398,Snoopafella (Edited),0.794258461771808,Clickety Clack,0.8349061150317288,Preacher On A Sunday Morning,0.8211194488995367,Snoopafella (Edited),0.8061986240280945,Interlude 5,379.33831093617965,B-Boy Bouillabaisse: A.W.O.L. (2009 Digital Remaster),370.3650595993255,The Hourglass,331.3295699831801,Close My Eyes,0.2068309612005248,Man In The Mirror,0.20369442961818918,One of Us,0.20336440381011478,So Help Me God,0.32431967374333887,All Fired Up_ No Place To Go,0.29286629261454894,Poem (Precision Version),0.2888155535949077,So Help Me God,0.3821645462797342,Book Of Life,0.37524339311872656,All Fired Up_ No Place To Go,0.3523219407112028
484,TRWMHCZ128F42AE295,SOPJZCC12A8C13FF7B,AR6J3X81187FB59A7B,Matisyahu,Jerusalem,reggae,Interlude 5,7300.0,I'm A Winner (Amended Album Version),6014.0,B-Boy Bouillabaisse: A.W.O.L. (2009 Digital Remaster),5989.0,Interlude 5,8.276300000000003,I'm A Winner (Amended Album Version),6.962846874999992,B-Boy Bouillabaisse: A.W.O.L. (2009 Digital Remaster),6.7765015625,When Cheating Had Feeling,0.6629533509265312,Rap Promoter,0.6402859396586683,Not Your Baby,0.6341342472398768,When Cheating Had Feeling,0.6779036498379287,Rap Promoter,0.6582037292552875,Not Your Baby,0.6498772107150411,B-Boy Bouillabaisse: A.W.O.L. (2009 Digital Remaster),308.2866958581811,Interlude 5,307.9103696272668,One Tribe,233.165011364302,One Tribe,0.2137907163415774,Interlude 5,0.16426561515693877,Touch My Fire,0.16239820875120675,Autopilot,0.29289960706610124,One Tribe,0.28891593213631817,Yours (Live),0.285685795876987,One Tribe,0.3562236896909971,Autopilot,0.34539969455922404,Yours (Live),0.3377883808890825
485,TRMMTKA128F42A51E7,SOSCMSY12A8C13C1E9,AR6J3X81187FB59A7B,Matisyahu,Warrior,reggae,Interlude 5,3969.0,B-Boy Bouillabaisse: A.W.O.L. (2009 Digital Remaster),2558.0,I'm A Winner (Amended Album Version),2487.0,Interlude 5,4.4460500000000005,I'm A Winner (Amended Album Version),2.7720500000000015,B-Boy Bouillabaisse: A.W.O.L. (2009 Digital Remaster),2.76665,Colony,0.6579159037940142,Clickety Clack,0.657037069104976,Now That the Buffalo's Gone,0.6500575147393487,Colony,0.6788518822081462,Clickety Clack,0.6777147490239745,Now That the Buffalo's Gone,0.6705528630030871,B-Boy Bouillabaisse: A.W.O.L. (2009 Digital Remaster),280.29446475228536,The Hourglass,202.40216680895026,Interlude 5,197.2361857820006,Fire and Heights,0.14490879079938654,B-Boy Bouillabaisse: A.W.O.L. (2009 Digital Remaster),0.12784205403820623,Jerusalem,0.12606634989588014,Fire and Heights,0.23469162539254787,Memories Are Made Of This,0.23338741748771416,Jerusalem,0.2284538911556545,Fire and Heights,0.328860925085809,Jerusalem,0.30168265454060755,Adam Lives In Theory,0.29253573425594626
486,TRPPHPV128F92F0750,SOMITIJ12AB017CAFA,ARW8F4B1187FB45EB4,Sublime,Don't Push,reggae,Interlude 5,8052.0,B-Boy Bouillabaisse: A.W.O.L. (2009 Digital Remaster),6833.0,I'm A Winner (Amended Album Version),6016.0,Interlude 5,9.020799999999998,B-Boy Bouillabaisse: A.W.O.L. (2009 Digital Remaster),7.668009375000015,I'm A Winner (Amended Album Version),6.837581250000007,Guitar Playin',0.7786121901172209,Time,0.7749485480152097,Bad Mutha,0.7744176451430614,Guitar Playin',0.7944454779654736,Time,0.7896355095968679,Bad Mutha,0.7892664591418733,B-Boy Bouillabaisse: A.W.O.L. (2009 Digital Remaster),570.8619740817201,Interlude 5,466.90423704708746,Overdose (Album Version),427.5130046147929,B-Boy Bouillabaisse: A.W.O.L. (2009 Digital Remaster),0.32081838240739957,Make the Music With Your Mouth_ Biz,0.2917692166158759,Da Mystery Of Chessboxin',0.24842995174830096,Make the Music With Your Mouth_ Biz,0.27591501900196613,Oh Word?,0.26020303455881827,Boot Scootin' Boogie,0.24876539296611977,B-Boy Bouillabaisse: A.W.O.L. (2009 Digital Remaster),0.40318140228702015,Make the Music With Your Mouth_ Biz,0.3802800727000719,The Dance,0.36159881043366293
487,TRZDKCU128F1456899,SOVEQJB12D0219AE54,ARW8F4B1187FB45EB4,Sublime,Pawn Shop,reggae,Interlude 5,2012.0,Ice Is Workin' It,1897.0,B-Boy Bouillabaisse: A.W.O.L. (2009 Digital Remaster),1739.0,Ice Is Workin' It,2.201599999999999,Interlude 5,2.156199999999997,She Luv It,2.002099999999998,Upside Down From Here,0.5448581044379187,Underwater,0.5327972569360975,Something Written,0.4611179525350142,Upside Down From Here,0.5581581428906076,Underwater,0.5420594861518362,Something Written,0.4747024126725687,Beg For Mercy,158.30565009285039,Do You Remember,142.1657707256545,Knick Knack Patty Wack,113.79051884872715,Beg For Mercy,0.1566298075074296,Do You Remember,0.15528744894733637,The House That We Built,0.11675978929925175,Do You Remember,0.3364365057216654,Stone Cold,0.29509253274847,Viva ! blunt force trauma,0.28485165248369376,Do You Remember,0.3654132576017053,Stone Cold,0.32160342226711636,The House That We Built,0.30928778938706464
488,TRQCFKA128F148A0D5,SOUEAIV12A6D4F9FC2,ARRYZN01187FB45757,Michael Franti & Spearhead,See you in the Light,reggae,Interlude 5,6730.0,B-Boy Bouillabaisse: A.W.O.L. (2009 Digital Remaster),6249.0,I'm A Winner (Amended Album Version),6026.0,Interlude 5,7.798399999999998,B-Boy Bouillabaisse: A.W.O.L. (2009 Digital Remaster),7.297692187500008,I'm A Winner (Amended Album Version),7.1311656250000075,I Live In A Suitcase,0.7066446569657694,Heavily Sedated,0.6877195336002099,The Irony Of It All (Album Version),0.6876789193724963,I Live In A Suitcase,0.7136166981196651,Heavily Sedated,0.6973063563915288,The Irony Of It All (Album Version),0.6966218494342558,Interlude 5,208.53269221888684,B-Boy Bouillabaisse: A.W.O.L. (2009 Digital Remaster),198.07352203728817,At The Spot,195.32529972768612,At The Spot,0.20547342468820684,All About U,0.16770580096769122,Morning After,0.1641111743175387,At The Spot,0.3631335787329639,You Know How to Love Me,0.3356458869199632,Hyper-Ballad,0.3012739093942179,At The Spot,0.4038859544144903,You Know How to Love Me,0.37608448000130285,Hyper-Ballad,0.3460334851007801
489,TRPPATZ128F428BA6E,SOFOGTV12A6D4F9FBE,ARRYZN01187FB45757,Michael Franti & Spearhead,Sweet Little Lies,reggae,Interlude 5,4315.0,Hold Me Down (Album Version),4271.0,That's What You Told Me,4170.0,Hold Me Down (Album Version),5.024390624999995,That's What You Told Me,4.952531249999996,Interlude 5,4.715249999999999,Salva Mea,0.597428320583317,Tell Me,0.5777759084486119,I Get Evil,0.5724062318758497,Salva Mea,0.6077593606066267,Tell Me,0.5887365300446227,I Get Evil,0.5846867866317716,Interlude 5,234.78142139857232,B-Boy Bouillabaisse: A.W.O.L. (2009 Digital Remaster),204.31752489691434,Man In The Mirror,201.66798861366797,Where's The Truth,0.1850491160615142,Man In The Mirror,0.1596017434896533,Red Red Wine (Edit),0.1549620107276319,Where's The Truth,0.285180186001433,Blind Rage,0.27155395510643376,Masquerade,0.26980933508984334,Where's The Truth,0.3308761640244326,Masquerade,0.3163004805952292,Blind Rage,0.3152855685053165
490,TRMVVWQ128F422BB64,SOLMWNS12A81C209CB,AR9NG3Y1187B9895EE,McFly,The Way You Make Me Feel,reggae,Interlude 5,4823.0,I'm A Winner (Amended Album Version),4702.0,I Want You,4143.0,I'm A Winner (Amended Album Version),5.531781249999986,Interlude 5,5.499750000000001,I Want You,4.984328125,Pressure,0.8132971981695605,Club Megamix,0.7343102368987167,Time To Grow,0.7302767990995556,Pressure,0.8196535539325371,Club Megamix,0.7463166783175269,Time To Grow,0.7413644709285913,Interlude 5,250.42308551171013,B-Boy Bouillabaisse: A.W.O.L. (2009 Digital Remaster),243.33227125639854,By The Way,189.26958078687102,By The Way,0.158814509777033,Plumskinzz (Loose Hoe_ God & Cupid),0.14021785570864112,Interlude 5,0.13992680815152567,There'll Come A Time,0.2732626289229657,What You Do To Me,0.2710732533373069,Piano & I,0.2684340447442602,What You Do To Me,0.3378210690399688,By The Way,0.3302648575655946,There'll Come A Time,0.32920638305176086
491,TRRATGY12903D138DB,SOQQEZD12AC468BFC3,ARBNXYA1187FB51C50,Daddy Yankee,Grito Mundial,reggae,Move On,2498.0,Horse With No Name,2336.0,Dale tiempo al rumor,2324.0,Move On,3.0081078125000027,Horse With No Name,2.8170750000000053,Dale tiempo al rumor,2.7631984375000025,El Arado,0.6668025105626898,Milonga Del Solitario,0.6558810060201986,League Chicanos,0.6351815693432046,El Arado,0.6730167366088002,Milonga Del Solitario,0.6647227490770447,League Chicanos,0.6418097705432854,Dale tiempo al rumor,710.783992748154,La ciudad nunca duerme,631.1325066138191,La Ranfla Del Cartel,615.2864577530161,Dale tiempo al rumor,0.8038502279327558,La ciudad nunca duerme,0.7172937147196349,La Ranfla Del Cartel,0.7166771151540052,Exilio,0.5834135796741101,Ven,0.5661654311704519,La Ranfla Del Cartel,0.5509564075735988,Exilio,0.5879265904436154,Ven,0.5787407149741132,La Ranfla Del Cartel,0.5680084526879466
492,TRPSKLI128F425E42C,SOAUWMK12A8C136F49,ARD66TF1187B9A1670,tobyMac,Get This Party Started: Ghost Remix,reggae,It's A Party,3509.0,Interlude 5,3469.0,B-Boy Bouillabaisse: A.W.O.L. (2009 Digital Remaster),3403.0,It's A Party,4.084003125000002,B-Boy Bouillabaisse: A.W.O.L. (2009 Digital Remaster),3.701723437500002,Interlude 5,3.6761500000000047,Catastrophe,0.5707707828598638,It's A Party,0.5053555342991695,Midnight Man,0.5032551920224105,Catastrophe,0.5902008669866663,Midnight Man,0.5266624795541381,It's A Party,0.5227263087660752,Interlude 5,251.8737698028596,Flashlight,229.912386166599,B-Boy Bouillabaisse: A.W.O.L. (2009 Digital Remaster),226.28864742540085,Everybody Everybody,0.21705808187967268,Flashlight,0.2066520882134753,Where's The Party,0.1882837812589603,Everybody Everybody,0.3379723633872759,Life Of The Party,0.2903048611810426,Everytime We Live Together We Die A Bit More,0.27758713092364484,Everybody Everybody,0.3698695283579806,Life Of The Party,0.3218849420283478,Where's The Party,0.3168095702973003
493,TRWQMVZ128E078F1F7,SOBPURX12D021B0F0F,ARAZCWP129462A97F1,Bob Marley & The Wailers,Africa Unite,reggae,Interlude 5,2306.0,Touch It / Technologic,1770.0,Ice Is Workin' It,1766.0,Interlude 5,2.5742999999999974,Touch It / Technologic,2.0908531250000015,Ice Is Workin' It,2.0617750000000097,Heavy Metal Universe (live),0.6541634586902606,Black Milk,0.6384617200199031,New Generation,0.6175824533439472,Heavy Metal Universe (live),0.6664420183371625,Black Milk,0.6506219199675038,The 4th Branch,0.6322380497843354,Interlude 5,160.8816668024107,Sticky,153.4155103828522,Man In The Mirror,151.38924698794972,Sticky,0.1696516018883255,Man In The Mirror,0.13770213754958294,Colony,0.1124587899496298,Sticky,0.3469209950932831,Progress,0.3004959601142009,To All New Arrivals,0.29647769946073604,Sticky,0.3751790296813949,Progress,0.3360891677520376,To All New Arrivals,0.3284868440777364
494,TRHDTPQ128F147733A,SOLWOXW12D021B2450,ARAZCWP129462A97F1,Bob Marley & The Wailers,Could You Be Loved,reggae,Interlude 5,8724.0,I'm A Winner (Amended Album Version),6834.0,Man In The Mirror,5406.0,Interlude 5,10.042499999999993,I'm A Winner (Amended Album Version),7.9788281250000015,Man In The Mirror,6.018046875000003,Could It Be I'm Falling In Love,0.6264738571268593,It's Not OK [Live From London],0.6095605052392755,I Will Be Waiting,0.5767967262086691,Could It Be I'm Falling In Love,0.6356417799374943,It's Not OK [Live From London],0.6203436981239911,I Will Be Waiting,0.5877594595436703,Interlude 5,323.88950288834735,8 Mile,243.74532903413373,B-Boy Bouillabaisse: A.W.O.L. (2009 Digital Remaster),241.41217681299997,Interlude 5,0.21513528240794308,Man In The Mirror,0.16193633053697631,Tell You Something (Nana's Reprise),0.1581476933999696,You Do Something To Me,0.3086184603638971,I Am Nothing,0.285420825827998,Destination Unknown,0.282539494952258,Destination Unknown,0.33302193515165057,You Do Something To Me,0.33236356021762903,Rollercoaster,0.3283405243660706
495,TRUVZTN128F424B846,SOLIWAK12D021B0CFA,ARAZCWP129462A97F1,Bob Marley,No Water,reggae,Interlude 5,1905.0,I'm A Winner (Amended Album Version),1729.0,B-Boy Bouillabaisse: A.W.O.L. (2009 Digital Remaster),1711.0,Interlude 5,2.1259499999999987,I'm A Winner (Amended Album Version),1.9944031250000012,B-Boy Bouillabaisse: A.W.O.L. (2009 Digital Remaster),1.925248437500001,Rebels Hop,0.993231715000124,A Groovy Kind Of Love (Live),0.7034400136386286,Sweet Misery,0.6857268786540147,Rebels Hop,0.9935022053948106,A Groovy Kind Of Love (Live),0.7150501294849967,Sweet Misery,0.6979503950069523,Rebels Hop,204.7993059559812,I Mean (I Don't Mean It),124.85090340581345,Lollipop,111.3145014491798,Rebels Hop,0.2442523655121322,I Mean (I Don't Mean It),0.11561860578236971,All Along The Water,0.11021303397764992,Rebels Hop,0.9490421284375896,Rubylove,0.29221080916456044,All Along The Water,0.28270757442766425,Rebels Hop,0.9512575878871904,All Along The Water,0.31019944369671565,Don't Wanna Go To Bed Now,0.3099104181220975
496,TRGPDHJ128F14527D5,SOVKUMU12D0219A271,ARAZCWP129462A97F1,Bob Marley & The Wailers,One Love / People Get Ready,reggae,One Tribe,2810.0,Interlude 5,2710.0,One of Us,2318.0,One Tribe,3.3391124999999984,Interlude 5,2.941299999999994,One of Us,2.6277187500000037,One Tribe,0.5869638593102454,One Love At A Time,0.5233580834215704,From One Heart To Another,0.4814921438892514,One Tribe,0.598910012511148,One Love At A Time,0.5414275967664436,One Love,0.5001897006171544,Interlude 5,236.13157905086564,Believe,203.34718203514348,Hey Ya!,175.59438241774845,Believe,0.21270415758980105,Hey Ya!,0.17020433052057857,Alright,0.15247880661212024,Believe,0.3530916491302122,Alright,0.3095291159616247,Holy Is The Lord,0.301525157652368,Believe,0.3941847799267136,Alright,0.35220705840969835,It's Alright,0.3199377789331902
497,TRHKHHL128F4251E2A,SOFLXLZ12D021B24CD,ARAZCWP129462A97F1,Bob Marley,Try Me,reggae,Hold Me Down (Album Version),4652.0,That's What You Told Me,4357.0,Interlude 5,3318.0,Hold Me Down (Album Version),5.644499999999988,That's What You Told Me,5.30524999999999,Interlude 5,3.779500000000003,Try Me Again,0.8052579057935686,I Need You,0.7318707881167803,Peel Me A Grape,0.6892733119960307,Try Me Again,0.8066094439377955,I Need You,0.7314952430700974,Peel Me A Grape,0.6925061394834546,Interlude 5,140.26324963166087,B-Boy Bouillabaisse: A.W.O.L. (2009 Digital Remaster),107.14404090675943,Without You,95.85017999688586,Interlude 5,0.09874694979122985,Without You,0.09554533141878344,Everything You Need,0.0919264007751753,Take Me Away,0.3048020071645467,Try Me Again,0.28359523165862727,Go To Sleep,0.2713707324379143,Take Me Away,0.3282600950330591,Try Me Again,0.3162854872069006,Without You,0.30149665245041163
498,TRAMTEH128F930D496,SOKVEKX12CF530D5AF,ARAZCWP129462A97F1,Bob Marley & The Wailers,Baby We've Got A Date (Rock It Baby),reggae,Touch It / Technologic,4353.0,Ice Is Workin' It,3983.0,We Gonna Rock,3978.0,Touch It / Technologic,5.173445312500002,We Gonna Rock,4.832375000000001,Ice Is Workin' It,4.657937499999999,Where Did Our Love Go,0.5602901125027583,Getting Late,0.554981474536417,French Kissing,0.5124384069273477,Where Did Our Love Go,0.5667986375091559,Getting Late,0.5657115574628778,French Kissing,0.5241286365579738,Rock Wit U (Awww Baby),271.2151474691625,Just Right,216.49234802777042,Let's All Get Drunk,211.81252238866648,Rock Wit U (Awww Baby),0.30631016907917197,Just Right,0.22580342818262636,We Gonna Rock,0.2168362894392371,We Gonna Rock,0.4041936867704375,Rock Wit U (Awww Baby),0.3970645590104757,The Street And Babe Shadow,0.36580348487480807,Rock Wit U (Awww Baby),0.42113011343706463,We Gonna Rock,0.41114532763898065,The Street And Babe Shadow,0.3829843158360519
499,TRCGRJV128F1477322,SOJPUXZ12CF5F8899E,ARAZCWP129462A97F1,Bob Marley & The Wailers,Johnny Was,reggae,Interlude 5,2088.0,B-Boy Bouillabaisse: A.W.O.L. (2009 Digital Remaster),1679.0,Man In The Mirror,1600.0,Interlude 5,2.1821999999999977,B-Boy Bouillabaisse: A.W.O.L. (2009 Digital Remaster),1.740990625000001,Man In The Mirror,1.6332312500000015,W.O.M.A.N.,0.5880641689006179,Shimmy_ Shimmy_ Ko-Ko-Bop (Single Version),0.5161077045587948,Stereo,0.5003414974449233,W.O.M.A.N.,0.5981221005231611,Shimmy_ Shimmy_ Ko-Ko-Bop (Single Version),0.5365117497382341,Stereo,0.5195669820234049,Take My Money,227.2505633987057,Interlude 5,221.70829361037167,B-Boy Bouillabaisse: A.W.O.L. (2009 Digital Remaster),211.46937749168285,Take My Money,0.2140788513607466,She's Single Again,0.16828072081105197,Luv Me Up,0.1570797064203727,She's Single Again,0.3291979162426578,W.O.M.A.N.,0.31991768898952117,A Woman In Love,0.2955713640753914,She's Single Again,0.3818882739160466,W.O.M.A.N.,0.3542420019472972,Take My Money,0.34043216334601056
500,TRRVJJF128F9309F02,SOECMGI12CF530E4F3,ARAZCWP129462A97F1,Bob Marley,Riding High,reggae,Interlude 5,4582.0,I'm A Winner (Amended Album Version),4519.0,B-Boy Bouillabaisse: A.W.O.L. (2009 Digital Remaster),3630.0,I'm A Winner (Amended Album Version),5.2985218750000005,Interlude 5,5.1915999999999976,Radar,4.218939062500008,Northern Girls,0.6418841917752091,Holdin' On [Missin' U] (Album Version),0.635984237775867,Prodigal Son,0.6352888378914168,Northern Girls,0.6519932272217385,Prodigal Son,0.6470601251896345,Holdin' On [Missin' U] (Album Version),0.6454026287529029,B-Boy Bouillabaisse: A.W.O.L. (2009 Digital Remaster),227.97489741978652,Interlude 5,183.75208308936627,It Ain't About You,182.55047309240695,Quills,0.1612417018730448,Get Fresh,0.15766373087342925,My Ride,0.1570340131774005,Get Fresh,0.3001816237039707,Cherry Ball Blues,0.24841220870932296,Sunshine Highway (Album Version),0.2408645114936593,Get Fresh,0.3457950103981956,Quills,0.2955135078894481,My Ride,0.2931126284424412
501,TRDXHIR128F930E030,SOZKMVA12CF5F87636,ARAZCWP129462A97F1,Bob Marley,Soul Shakedown,reggae,Interlude 5,2678.0,Hold Me Down (Album Version),2272.0,My Darling,2077.0,Interlude 5,3.0094000000000007,Hold Me Down (Album Version),2.683353124999995,My Darling,2.389301562499998,Ringa Ding Ding,0.6006225375280065,Not Your Baby,0.5461881056890141,Pink Ego Box,0.5448261418018918,Ringa Ding Ding,0.6164113028235356,Not Your Baby,0.5643912701866034,Pink Ego Box,0.5601927958235988,It's A Party,169.40927107823222,Bassment Party,149.3940411872558,Let's All Get Drunk,148.2912977034503,It's A Party,0.16978691673120988,(Why Did I Tell You I Was Going To) Shanghai,0.14917011868070199,Long Live The Party,0.1440132220401147,Ringa Ding Ding,0.3876551015337288,(Why Did I Tell You I Was Going To) Shanghai,0.36665407750772583,Long Live The Party,0.3461031197832803,Ringa Ding Ding,0.41081693238642647,(Why Did I Tell You I Was Going To) Shanghai,0.39082045099394025,Long Live The Party,0.3655766971019384
502,TRDTEUX12903CB4AD7,SOQJCXI12CF5F883FC,ARAZCWP129462A97F1,Bob Marley & The Wailers,Trenchtown Rock,reggae,Interlude 5,6045.0,I'm A Winner (Amended Album Version),4927.0,I Want You,4284.0,Interlude 5,6.909949999999997,I'm A Winner (Amended Album Version),5.736371875000006,I Want You,5.117467187500006,I'm Catching Hell (Living Here Alone) (Digitally Remastered 02),0.6509760172104417,Bull Dog Blues,0.6460380299340913,You & I,0.6247655997466818,I'm Catching Hell (Living Here Alone) (Digitally Remastered 02),0.6683205443231683,Bull Dog Blues,0.6594102908830897,You & I,0.6436963108871904,Interlude 5,294.1314851172764,Overdose (Album Version),244.71088255861133,Slam,234.46818083661913,Sound Check,0.24453432487245913,Slam Harder,0.21192000531255162,Slam,0.21192000531255162,Sound Check,0.3813030019711395,We Gonna Rock,0.3784128293760484,Turn Up The Music,0.3716970200529469,Sound Check,0.4038489305633368,Turn Up The Music,0.4035438065265971,We Gonna Rock,0.3859321936042091
503,TRVTZTY128E0781E22,SOQUOKX12A6310D863,ARNF13I1187FB562A5,Massive Attack,Eternal Feedback (Sly),reggae,Interlude 5,2040.0,8 Mile,1918.0,B-Boy Bouillabaisse: A.W.O.L. (2009 Digital Remaster),1910.0,Interlude 5,2.2670999999999983,8 Mile,2.2189578125000016,B-Boy Bouillabaisse: A.W.O.L. (2009 Digital Remaster),2.1509171874999993,She's The Sun,0.6890165037624522,Stay Too Long,0.6845272326785383,Don't Change Your Plans,0.6842322746480589,She's The Sun,0.7032499873591423,Stay Too Long,0.6988777445436104,Don't Change Your Plans,0.6971662373840478,Interlude 5,200.66566736412275,B-Boy Bouillabaisse: A.W.O.L. (2009 Digital Remaster),129.02316153644165,I Love U In Me ( LP Version),123.07752568804298,Interlude 5,0.12832343848111244,Heaven Sent,0.0948088304180196,L-I-F-E,0.08785542485896138,Your Emotions,0.2980817763443786,Down To Your Last One More,0.2448329245428626,From December,0.2271175920053209,Your Emotions,0.3322096238863197,Down To Your Last One More,0.2881603621703784,From December,0.2775144697506205
504,TRORKSH128F9320C21,SOOLUCH12A6310E8B5,ARAZCWP129462A97F1,Bob Marley & The Wailers,Black Progress,reggae,Interlude 5,2085.0,B-Boy Bouillabaisse: A.W.O.L. (2009 Digital Remaster),1651.0,I'm A Winner (Amended Album Version),1446.0,Interlude 5,2.291149999999997,B-Boy Bouillabaisse: A.W.O.L. (2009 Digital Remaster),1.8002390624999984,I Want You,1.6329421875000025,Bags,0.6140784101656401,Slowes' Comb/The May 4th Movement starring Doodlebug,0.5185035338156913,Big Black Cadillac Blues,0.5171071863486362,Bags,0.619534727222212,Slowes' Comb/The May 4th Movement starring Doodlebug,0.5395077534562611,Big Black Cadillac Blues,0.5385160672422936,Fight The Power,204.0061119283388,Find A Way,196.68361238846862,No Remorse (Album Version),177.05885340478144,Fight The Power,0.21245977196058452,Find A Way,0.18615445455826662,I'm Ready,0.17870294172760418,Handsworth Revolution,0.3651607125318604,Fight The Power,0.3353902294083084,I'm Ready,0.311074841082524,Handsworth Revolution,0.4029364782488059,Fight The Power,0.37641266125638245,I'm Ready,0.33937651838955857
505,TRGEMSN128E07944A8,SOKCEXR12A6701C3EB,ARAZCWP129462A97F1,Bob Marley & The Wailers,Reggae On Broadway,reggae,It's A Party,5402.0,B-Boy Bouillabaisse: A.W.O.L. (2009 Digital Remaster),4712.0,Interlude 5,4479.0,It's A Party,6.5081749999999685,B-Boy Bouillabaisse: A.W.O.L. (2009 Digital Remaster),5.443762499999996,Radar,5.243412500000006,Näin minä vihellän matkallani,0.6513221040544236,Groove Is On,0.6454777638179547,Love You Till Friday,0.6084977110164363,Groove Is On,0.6518492981410509,Näin minä vihellän matkallani,0.651080807036413,There's A Rugged Road,0.6160108581287157,Touch Me,173.94010080727455,Naked,154.37805379632323,Interlude 5,153.65533759957665,Touch Me,0.16197303526794576,Naked,0.15749401247535158,Do The Bartman,0.13393686705842747,Give Me What I Want (LP Version),0.3594884015866452,Alamo,0.3519511865160891,Baby I Need Your Love,0.346767150867915,Give Me What I Want (LP Version),0.39221600716803096,Baby I Need Your Love,0.37567331660444575,Naked,0.370409273193204
506,TRQMVYN128F4250E38,SOPYZTH12A8C135090,ARAZCWP129462A97F1,Bob Marley,Rebels Hop,reggae,Interlude 5,1908.0,I'm A Winner (Amended Album Version),1729.0,B-Boy Bouillabaisse: A.W.O.L. (2009 Digital Remaster),1718.0,Interlude 5,2.1228000000000007,I'm A Winner (Amended Album Version),1.9898937500000005,B-Boy Bouillabaisse: A.W.O.L. (2009 Digital Remaster),1.9282281250000022,No Water,0.9932317150001094,A Groovy Kind Of Love (Live),0.6983789577727333,Sweet Misery,0.6807726398067774,No Water,0.9935022053948106,A Groovy Kind Of Love (Live),0.7104038806111893,Sweet Misery,0.6934152566955865,No Water,204.7993059559812,I Mean (I Don't Mean It),124.85090340581345,Interlude 5,122.59489261422604,No Water,0.2442523655121322,I Mean (I Don't Mean It),0.11267951306253203,All Along The Water,0.10908089353564784,No Water,0.9490421284375882,Rubylove,0.27671723262132025,All Along The Water,0.2664104965590764,No Water,0.9512575878871904,Silence,0.297374281866433,Sweet Inspiration,0.2962609435280053
507,TRDJCNG128F9339544,SOKMGXA12A8C1447B6,ARAZCWP129462A97F1,Bob Marley,Stop The Train,reggae,Over It (Acoustic),3033.0,8 Mile,3023.0,B-Boy Bouillabaisse: A.W.O.L. (2009 Digital Remaster),2830.0,Over It (Acoustic),3.662601562500003,8 Mile,3.539242187500004,B-Boy Bouillabaisse: A.W.O.L. (2009 Digital Remaster),3.2201328125000073,Hunter,0.7001736511253702,Slave,0.6830995939417775,Key To The Highway,0.682663107753949,Hunter,0.7053637150042182,Key To The Highway,0.6918250411879877,Slave,0.6886253612165252,B-Boy Bouillabaisse: A.W.O.L. (2009 Digital Remaster),188.4404680281346,Interlude 5,160.11688836106578,Trife Life,157.00893694521454,Northern Bound Train,0.15167064892517707,Peace Train,0.1430943170820472,Tradewinds (LP Version),0.1375356641563514,This Train,0.3444251995699493,Northern Bound Train,0.32186662248984305,Ridin Home,0.3137193935672728,This Train,0.35881670080846323,Northern Bound Train,0.3529736780045486,Ridin Home,0.33140632010307824
508,TRVSWGN12903CB4A44,SOIVBAC12AB0186BFF,ARAZCWP129462A97F1,Bob Marley & The Wailers,This Train,reggae,Mellow My Man,922.0,My Life,772.0,Interlude 5,704.0,Mellow My Man,1.0816671874999981,My Life,0.9190718749999985,Strictly 4 My N.I.G.G.A.Z.,0.7318593750000008,Psychopath,0.47866972395720014,C.O.A.,0.46619372347180865,Ridin Home,0.4647927350523459,Psychopath,0.48546523634969974,Ridin Home,0.4729423261260961,C.O.A.,0.4724215712163083,City To City,143.0849020035077,B-Boy Bouillabaisse: A.W.O.L. (2009 Digital Remaster),125.507418239983,Peace Train,123.67312763516769,City To City,0.16411766886796564,Peace Train,0.13997332294932474,Stop The Train,0.12717808423763025,Ridin Home,0.4115962120681443,City To City,0.3814231935410504,Black Train Blues,0.3474820505164904,Ridin Home,0.42136681416990734,City To City,0.3972889854386289,Black Train Blues,0.36221012892136917
509,TRNJPBY128F92F621A,SOZQGAL12AB01856DB,ARLSC551187B99C55C,N-Dubz,Defeat You,reggae,I'm A Winner (Amended Album Version),6490.0,B-Boy Bouillabaisse: A.W.O.L. (2009 Digital Remaster),5913.0,I Want You,5877.0,I'm A Winner (Amended Album Version),7.629996874999997,I Want You,7.074904687500001,Everytime I...,6.8567968750000325,Everytime I...,0.7242473250487129,Mury,0.718154057044433,Heroine,0.7051030477731485,Everytime I...,0.729452448407703,Mury,0.7167654147531861,Heroine,0.7140989729480632,Feva Las Vegas,554.8428955098119,Still On It,480.6859926958758,Sinan Capudan Pascià,414.7114869803204,Feva Las Vegas,0.5439490375250411,Still On It,0.4678480238027985,Sinan Capudan Pascià,0.4449169846878791,Feva Las Vegas,0.3745155608676028,Mury,0.3505107827382649,Saturday Morning,0.33489879036096293,Feva Las Vegas,0.43203569264213826,Still On It,0.39015241382041,Saturday Morning,0.38985148641810796
510,TRINMBD128F92F6211,SOBUZCT12AB0181786,ARLSC551187B99C55C,N-Dubz,Don't Get Nine,reggae,Interlude 5,13592.0,I'm A Winner (Amended Album Version),12944.0,B-Boy Bouillabaisse: A.W.O.L. (2009 Digital Remaster),10955.0,Interlude 5,15.58010000000001,I'm A Winner (Amended Album Version),15.258584375000003,I Want You,12.873073437499995,Don't Let It Get To You (Album Version),0.7496244722214015,Dont Cry,0.7258242354494207,Graduation Day,0.7124664958601559,Don't Let It Get To You (Album Version),0.7561976194626711,Dont Cry,0.7335861472286953,Graduation Day,0.724341901952453,Interlude 5,477.21476325487964,B-Boy Bouillabaisse: A.W.O.L. (2009 Digital Remaster),397.08733537402134,8 Mile,345.64453859174705,Interlude 5,0.2815935227309796,The Illest Brother,0.2374946885248846,Getting Over You,0.23265250617966118,Getting Over You,0.2956709728057318,I Like It (Remix),0.27875102575307337,You Are The Only One I Love,0.2756251269925962,Getting Over You,0.3744184397066813,The Illest Brother,0.35936387596721575,Club Megamix,0.3521919477444488
511,TRRKBRB128EF35E2DA,SOPZQDB12A6D4F5D62,ARLSC551187B99C55C,N-Dubz,Feva Las Vegas,reggae,Interlude 5,7573.0,B-Boy Bouillabaisse: A.W.O.L. (2009 Digital Remaster),6842.0,8 Mile,6239.0,Interlude 5,8.196650000000005,B-Boy Bouillabaisse: A.W.O.L. (2009 Digital Remaster),7.490762499999997,8 Mile,6.997487499999994,Concerto,0.6261593382475508,Soopaman Luva 3,0.6206495616082973,Claimin' True,0.6157933721988796,Concerto,0.6515055361527528,Soopaman Luva 3,0.6456009807566715,Claimin' True,0.6397067808543373,Interlude 5,559.1009899444841,Defeat You,554.8428955098119,Still On It,513.7354972171232,Defeat You,0.5439490375250411,Still On It,0.4553879408582729,Sinan Capudan Pascià,0.40009034765598755,N Digga Dee,0.379504213148477,Defeat You,0.3745155608676009,Leave The Lights On (Album Version),0.2942057554567257,Defeat You,0.4320356926421381,N Digga Dee,0.3721697703426553,Still On It,0.36256329866783443
512,TRYPJXU128F92F621C,SOQPAPP12AB01856E3,ARLSC551187B99C55C,N-Dubz,Secrets,reggae,Interlude 5,6656.0,B-Boy Bouillabaisse: A.W.O.L. (2009 Digital Remaster),6212.0,I'm A Winner (Amended Album Version),5848.0,Interlude 5,7.347099999999997,B-Boy Bouillabaisse: A.W.O.L. (2009 Digital Remaster),6.951385937500001,I'm A Winner (Amended Album Version),6.674178125000003,Club Megamix,0.7971921479900799,Freezin In The Cold,0.7869389038693271,Book Of Life,0.7840532615903852,Club Megamix,0.8103825781285219,Freezin In The Cold,0.7988456064628982,Keep Moving,0.7965843346099727,Interlude 5,502.14811593229825,B-Boy Bouillabaisse: A.W.O.L. (2009 Digital Remaster),443.99629098028447,8 Mile,364.02583198662154,Interlude 5,0.23995742648221208,Find A Way,0.21491236373933886,Work Work,0.20528568808576275,Blackout,0.24405679737768468,Why Doesn't Anybody Like Me?,0.23730992615781993,The Man In You,0.2313993756981912,Interlude 5,0.3511943615445119,The Man In You,0.35113785145002796,Why Doesn't Anybody Like Me?,0.3413147875237821
513,TRGNBCC128F92F6218,SOYFJUA12AB01856D2,ARLSC551187B99C55C,N-Dubz,Work Work,reggae,Interlude 5,11505.0,I'm A Winner (Amended Album Version),10897.0,B-Boy Bouillabaisse: A.W.O.L. (2009 Digital Remaster),9802.0,Interlude 5,12.946049999999993,I'm A Winner (Amended Album Version),12.68329999999999,I Want You,11.336275000000022,Breakin Me,0.7502120823191661,Seven Seas,0.7500306017156659,Hook,0.7474030462516723,Breakin Me,0.7639274271923284,Hook,0.7608740278481594,Call On Me,0.7571903437041304,Interlude 5,545.1998300722198,Ice Is Workin' It,403.69634040817886,B-Boy Bouillabaisse: A.W.O.L. (2009 Digital Remaster),397.5035457812678,Ice Is Workin' It,0.3224706699602523,Interlude 5,0.3134992120491965,Passin' Me By,0.24283907772915422,Don't We All Have the Right,0.28130039548007535,Ice Is Workin' It,0.27904652822470144,I Want You To Know,0.26676664661450616,Ice Is Workin' It,0.3770832505036231,Passin' Me By,0.3518716790406186,Interlude 5,0.34801553757370124
514,TRDNAVT128F428A246,SOSCPLZ12A8C1394B1,ARD2NDU1187B99B615,Dropkick Murphys,Good Rats (Live),reggae,Interlude 5,2195.0,Man In The Mirror,1431.0,B-Boy Bouillabaisse: A.W.O.L. (2009 Digital Remaster),1338.0,Interlude 5,2.426349999999999,Man In The Mirror,1.5166312500000005,B-Boy Bouillabaisse: A.W.O.L. (2009 Digital Remaster),1.407065625000001,That's How Country Boys Roll,0.6411415645622961,The Molly Maguires,0.6274481189109155,Sporting Day,0.6110769113532819,That's How Country Boys Roll,0.657535505639407,The Molly Maguires,0.6432944513954494,Plain Clothes,0.6290135716103537,B-Boy Bouillabaisse: A.W.O.L. (2009 Digital Remaster),217.80725127478644,Interlude 5,205.2427306223572,Snoopafella (Edited),196.97786630111403,Snoopafella (Edited),0.143090123265768,Old Hippie,0.13430349818047074,The Strawberry Roan,0.11730460810952266,Tennessee Flat Top Box,0.27371942679594946,Roosevelt And Ira Lee,0.272833675987825,Old Hippie,0.2689724226914133,Old Hippie,0.3386424327653138,Roosevelt And Ira Lee,0.33453118257541825,Snoopafella (Edited),0.3310972995691687
515,TRRHCOS128F4248193,SOCUAWC12A8C1310A4,ARPK4HR1187B9A289D,Tito El Bambino,Sol_ Playa Y Arena,reggae,Dale tiempo al rumor,2235.0,Move On,2188.0,Horse With No Name,2053.0,Dale tiempo al rumor,2.6939343750000058,Move On,2.654478125000013,Horse With No Name,2.4937999999999994,La Aristocracia del Barrio,0.8407372078535325,El Arado,0.8081005909476532,La Carencia,0.8007069914688724,La Aristocracia del Barrio,0.8433432581377369,El Arado,0.8110985297468967,La Carencia,0.8038636516652001,Dale tiempo al rumor,527.3817911252643,Cantando,491.052816446029,La ciudad nunca duerme,474.0229956910574,Dale tiempo al rumor,0.6037886189690889,Cantando,0.5598045650067991,La ciudad nunca duerme,0.5456112042510747,La Carencia,0.6843703612425164,Ayudame Freud,0.6820312283660219,El Arado,0.6742385842630972,La Carencia,0.6944424179063705,Ayudame Freud,0.6926906419026801,El Arado,0.6827259859107789
516,TRFGOUF128F9348838,SONUORR12AB018724D,AR1WWVL1187B9B0306,UB40,I Don't Want To See You Cry,reggae,Interlude 5,3817.0,My Darling,3186.0,B-Boy Bouillabaisse: A.W.O.L. (2009 Digital Remaster),3168.0,Interlude 5,4.3296499999999964,My Darling,3.7122000000000064,I'm A Winner (Amended Album Version),3.6588999999999925,Dont Cry,0.7844586000403325,Give Me All Your Love,0.755925390420181,Not Your Baby,0.7559251374551811,Dont Cry,0.790234069658965,Give Me All Your Love,0.7687326152611303,Not Your Baby,0.7672056400262521,One Good Time,200.1361094886025,B-Boy Bouillabaisse: A.W.O.L. (2009 Digital Remaster),198.12197357165164,Interlude 5,167.90663789754277,One Good Time,0.16925638754537795,Words Get In The Way,0.15569369343279613,Just For You,0.12183892231106863,Just For You,0.3294782185691108,Words Get In The Way,0.31630020032111333,After You've Gone (live),0.29703400348385567,Just For You,0.3769886539969388,Words Get In The Way,0.36943077757185455,One Good Time,0.36171538701517797
517,TRQLICG12903CBFAFD,SOGXHTF12A58A7C7E8,AR1WWVL1187B9B0306,UB40,Come Back Darling,reggae,Interlude 5,2963.0,I'm A Winner (Amended Album Version),2877.0,My Darling,2360.0,Interlude 5,3.395549999999996,I'm A Winner (Amended Album Version),3.3948312500000037,Hold Me Down (Album Version),2.7672062500000028,Waiting For The Day,0.6630457035563422,I Need You,0.6400796051958825,Your Love Made A U Turn,0.6002708588769855,Waiting For The Day,0.6728692587949101,I Need You,0.6513328013771283,Your Love Made A U Turn,0.612880444924604,My Darling,182.22274598018186,Piece Of My Heart,136.28218366141817,This Empty Place,126.0198863772553,My Darling,0.17021989562190756,This Empty Place,0.14024260238007397,Piece Of My Heart,0.13770841858261476,My Special Prayer,0.3966996560243028,My Dearest Darling,0.38824963885185715,Stir It Up,0.3845424109143814,My Special Prayer,0.4167538207935682,My Dearest Darling,0.4076260866728643,Stir It Up,0.4049864397425945
518,TREKDZI128F146A972,SOLFMIZ12A6D4F8330,AR1WWVL1187B9B0306,UB40,Here I Am (Come And Take Me),reggae,Interlude 5,5488.0,Hold Me Down (Album Version),4568.0,That's What You Told Me,4255.0,Interlude 5,6.285000000000017,Hold Me Down (Album Version),5.443593750000015,That's What You Told Me,5.098437499999995,Girls,0.7749381286509357,Comfort,0.7547833925241773,Come Take Me Over,0.7467897125708021,Girls,0.7854551562363201,Comfort,0.7626239386627091,Come Take Me Over,0.7564987115415288,Interlude 5,194.7211486229674,B-Boy Bouillabaisse: A.W.O.L. (2009 Digital Remaster),183.52688652886025,Hold Me Down (Album Version),170.5456537707462,Hold Me Down (Album Version),0.14935588437393743,Fantastic,0.13851744867795918,Checkin' On Me,0.13705972404666236,Hump Bounce,0.28110585371742974,You Shouldn't Call The Doctor (If You Can't Afford The Bills),0.2704577917938478,Where Did Our Love Go,0.2694655371484776,Hump Bounce,0.33139706999048885,You Shouldn't Call The Doctor (If You Can't Afford The Bills),0.32634682472543347,Fantastic,0.32185252509107937
519,TRJDXEG128E07820DB,SOZPNNF12A6310D8B1,AR1WWVL1187B9B0306,UB40,Light My Fire,reggae,Interlude 5,2535.0,It's A Party,2189.0,Radar,2163.0,Interlude 5,2.793850000000002,Radar,2.585829687500003,It's A Party,2.564590624999996,Love You Till Friday,0.5781496230505548,Radar,0.5442338990806728,Don't You Know,0.5363306454262238,Love You Till Friday,0.5880806944021267,Radar,0.554978867028928,Don't You Know,0.551834497937665,B-Boy Bouillabaisse: A.W.O.L. (2009 Digital Remaster),140.25476193103606,Set It Off,125.71378939664868,Club Megamix,119.48027610319457,Set It Off,0.12520797139388073,Ariana,0.12210072293359005,Buk-In-Hamm Palace (2002 Digital Remaster),0.12027650049953514,Say After Me,0.3705090728785012,Buk-In-Hamm Palace (2002 Digital Remaster),0.31995074910943777,Ariana,0.30057905184223366,Say After Me,0.39843622535198664,Buk-In-Hamm Palace (2002 Digital Remaster),0.349443518783483,Ariana,0.3240540740484016
520,TRKHYKB128E0789D42,SOHQEMS12A6701C57C,ARJ7KF01187B98D717,Coldplay,Til Kingdom Come,rock,Interlude 5,4973.0,I'm A Winner (Amended Album Version),3977.0,B-Boy Bouillabaisse: A.W.O.L. (2009 Digital Remaster),3941.0,Interlude 5,5.740149999999999,I'm A Winner (Amended Album Version),4.6601031250000045,B-Boy Bouillabaisse: A.W.O.L. (2009 Digital Remaster),4.528098437499989,Meditation,0.7687885790695786,Hidden,0.7633050817286158,Seven Seas,0.7476250590722759,Meditation,0.7784636791500714,Hidden,0.77258069039817,Seven Seas,0.754821056135441,Interlude 5,211.9446562309737,B-Boy Bouillabaisse: A.W.O.L. (2009 Digital Remaster),153.7747806104696,I Know You Got Soul,151.9469941663279,Tell You Something (Nana's Reprise),0.12917428477166631,Which Way To Free?,0.12747507319858428,Wanna Play,0.12550655139736702,Which Way To Free?,0.31762656168254083,Look What You've Done For Me,0.28943022346177133,Until My Dreams Come True,0.2863648272706974,Which Way To Free?,0.3484527872996233,Look What You've Done For Me,0.33505775312550373,Until My Dreams Come True,0.3132452574519866
521,TRDVELE128F932810A,SOIHOTW12A8C142198,AR91C8S1187B990901,Bruce Springsteen,Brothers Under The Bridges ('83),rock,Interlude 5,2450.0,B-Boy Bouillabaisse: A.W.O.L. (2009 Digital Remaster),2066.0,Otha Fish,1452.0,Interlude 5,2.6232000000000024,B-Boy Bouillabaisse: A.W.O.L. (2009 Digital Remaster),2.2151234375000035,Otha Fish,1.586695312499998,Daddy Sang Bass,0.5874314502412158,Immortal Chant,0.5768284997622584,The Battle Of New Orleans,0.569672046926905,Daddy Sang Bass,0.6116343519536278,Immortal Chant,0.5962167831877467,Last Night,0.5930172769734592,B-Boy Bouillabaisse: A.W.O.L. (2009 Digital Remaster),291.499155547731,Snoopafella (Edited),253.58065044235784,Interlude 5,228.1096056234685,Snoopafella (Edited),0.18326197395722643,Just Another Brother,0.16428957822979007,Mortal City,0.16242402316332874,Ashgrove,0.24876203145537334,Savoy Brown Boogie,0.24672887971755644,Snoopafella (Edited),0.2422449203797619,Snoopafella (Edited),0.351171434622144,Ashgrove,0.325374604617568,El Paso,0.3202767399182631
522,TRCONIY128F932A7DA,SOEFSBZ12A8C1359C4,AR91C8S1187B990901,Bruce Springsteen,The Big Payback,rock,Interlude 5,5271.0,B-Boy Bouillabaisse: A.W.O.L. (2009 Digital Remaster),4785.0,I'm A Winner (Amended Album Version),3872.0,Interlude 5,6.1103499999999995,B-Boy Bouillabaisse: A.W.O.L. (2009 Digital Remaster),5.581174999999998,8 Mile,4.533075000000007,B-Boy Bouillabaisse: A.W.O.L. (2009 Digital Remaster),0.7940886101353698,Lifestylez Ov Da Poor & Dangerous,0.7930863502053501,It's Like That,0.7895522928983689,B-Boy Bouillabaisse: A.W.O.L. (2009 Digital Remaster),0.8014098433669898,Lifestylez Ov Da Poor & Dangerous,0.8009351075131131,It's Like That,0.7979321421748253,B-Boy Bouillabaisse: A.W.O.L. (2009 Digital Remaster),211.23711852180938,Interlude 5,184.39767452744385,Overdose (Album Version),174.42818306878928,Luv Me Up,0.14470447904783668,B-Boy Bouillabaisse: A.W.O.L. (2009 Digital Remaster),0.12355456229408139,Ice Is Workin' It,0.12342127619551027,Nosey Joe,0.31241101542191607,God Damn Job,0.2951377182887298,Stop The Train,0.26435675891395516,Nosey Joe,0.3510737631613514,God Damn Job,0.3074314118978006,Survival Song,0.2989050055709694
523,TRWULBB128F42670A3,SOFVHKR12A8C1325B4,AR91C8S1187B990901,Bruce Springsteen,The Ties That Bind,rock,Interlude 5,4341.0,I'm A Winner (Amended Album Version),3105.0,My Darling,2922.0,Interlude 5,5.026050000000001,I'm A Winner (Amended Album Version),3.6197062499999957,My Darling,3.407540625,Angelina,0.7862940916696445,It's Only Your Life,0.7722330839792214,"You Are The Universe (Roger's Universal 7"" Edit)",0.7555951466084015,Angelina,0.7944302817928415,It's Only Your Life,0.7804209889691062,That Smell,0.7612256605901778,B-Boy Bouillabaisse: A.W.O.L. (2009 Digital Remaster),171.6754043162,Interlude 5,160.8110976532455,Keep Your Shit The Hardest,146.7499938519748,Getting Late,0.13712001802892443,5 Miles To Empty,0.12290678942994336,Crazy Cool,0.107538654482156,That's My Baby,0.3088957440189166,Cry For Me,0.2684818251025918,Walk In My Shadow,0.2620960482801628,That's My Baby,0.3502561814223951,Cry For Me,0.321433603072285,Getting Late,0.31671292102201903
524,TROQFYY128F429DBA0,SOBNUTR12A8C140BE8,ARVG4OK1187B9B6BD3,The Killers,Sam's Town,rock,Interlude 5,4587.0,B-Boy Bouillabaisse: A.W.O.L. (2009 Digital Remaster),4306.0,8 Mile,3493.0,Interlude 5,5.197849999999996,B-Boy Bouillabaisse: A.W.O.L. (2009 Digital Remaster),4.9343390624999985,Splurge,4.086892187499996,B-Boy Bouillabaisse: A.W.O.L. (2009 Digital Remaster),0.809480699347319,Book Of Life,0.7887055838920036,Act A Fool,0.7885233865746215,B-Boy Bouillabaisse: A.W.O.L. (2009 Digital Remaster),0.8217607082764979,Act A Fool,0.8015094165955842,Book Of Life,0.7984623757492492,B-Boy Bouillabaisse: A.W.O.L. (2009 Digital Remaster),346.9930511785368,Interlude 5,244.50318121265198,My Darling,218.37582505217588,B-Boy Bouillabaisse: A.W.O.L. (2009 Digital Remaster),0.22731610372320862,Remember Me,0.1392082490380143,Man In The Mirror,0.1372559738029859,You Had Me (Live),0.2599529281322189,B-Boy Bouillabaisse: A.W.O.L. (2009 Digital Remaster),0.24412122902269262,This World,0.2234110624408459,B-Boy Bouillabaisse: A.W.O.L. (2009 Digital Remaster),0.3670933928606985,You Had Me (Live),0.33016742719862824,Fancy,0.3118916902678037
525,TRHFADH128F92E2BE3,SOKCLGX12A67ADD6BF,ARR3ONV1187B9A2F59,Muse,Pink Ego Box,rock,Interlude 5,2509.0,I'm A Winner (Amended Album Version),2423.0,B-Boy Bouillabaisse: A.W.O.L. (2009 Digital Remaster),2104.0,Interlude 5,2.8855499999999963,I'm A Winner (Amended Album Version),2.8649093749999928,My Darling,2.4227984374999956,Breakin Me,0.7381130538805026,Descending,0.7173080183330126,Blue Monday,0.7087874848982013,Breakin Me,0.7476291582548186,Descending,0.7271239409724597,Blue Monday,0.7173548088939216,B-Boy Bouillabaisse: A.W.O.L. (2009 Digital Remaster),102.41011576851919,That's How I Beat Shaq,94.54485739345975,Interlude 5,88.76150463766541,That's How I Beat Shaq,0.08202599797506459,Have You Seen Her,0.08184766923353523,Inside,0.07851610723020187,Albedo 0.39,0.2771543658203731,Un Giorno Per Noi (Album Version),0.23469227016507174,Feel The Beat,0.23380230933056217,Albedo 0.39,0.2944773835006183,Inside,0.2668552175775101,Get Into My Groove,0.2631080160935279
526,TROAQBZ128F9326213,SONYKOW12AB01849C9,AR73S4G1187B9A03C2,OneRepublic,Secrets,rock,B-Boy Bouillabaisse: A.W.O.L. (2009 Digital Remaster),4649.0,Interlude 5,4646.0,8 Mile,4144.0,B-Boy Bouillabaisse: A.W.O.L. (2009 Digital Remaster),5.201520312499998,Interlude 5,5.078399999999999,8 Mile,4.719854687499998,House Full Of Riches (LP Version),0.6436484675347802,Johnson City,0.6433441104184384,Hot Sex,0.6415703323555977,Hot Sex,0.6615110333655913,Johnson City,0.6610239550759045,House Full Of Riches (LP Version),0.6587729878647447,B-Boy Bouillabaisse: A.W.O.L. (2009 Digital Remaster),271.06536328733443,Interlude 5,254.6676783877678,8 Mile,230.83041311739836,Shoulda Put Something On,0.16711546860984383,Club Megamix,0.1668547576026217,like you to me,0.1633270945806921,I'm Gonna Be The First One,0.2686761503756986,Secret Life,0.24668529923095378,In My Secret Life,0.22111858606014867,I'm Gonna Be The First One,0.31373785516137764,Secret Life,0.304295401013469,Club Megamix,0.2879553994000553
527,TRVZCTL128E078F0BE,SOMBDFC12A67FFB370,ARDVZTE1187FB5A0A1,Bon Jovi,Come Back,rock,Interlude 5,5431.0,Do The Bartman,4639.0,My Darling,4343.0,Interlude 5,6.073449999999998,Do The Bartman,5.412915624999985,Baby Come Back,5.120710937500015,This Empty Place,0.7078124941040236,Hit The Road Jack,0.6154120263827049,Waiting For The Day,0.6081778730415748,This Empty Place,0.7176919689742273,Hit The Road Jack,0.627924595508214,Coming Back,0.6207378400836331,B-Boy Bouillabaisse: A.W.O.L. (2009 Digital Remaster),201.54261518242103,Interlude 5,175.29892870459494,My Darling,170.29327336124425,I'm Still Waiting,0.15069402227299672,Whatever You Want (LP Version),0.14398789449849947,Club Megamix,0.138678599430622,One More Day,0.33865278248216846,It All Comes Down To Love (Interlude),0.33847110332555996,Only When ur Lonely,0.316202751499451,Only When ur Lonely,0.37032918696298256,One More Day,0.36874226060216514,Whatever You Want (LP Version),0.3552581489494393
528,TRAERPT128F931103E,SODLKUO12A8C13CA35,ARFCUN31187B9AD578,The Rolling Stones,Time Is On My Side,rock,Interlude 5,5512.0,B-Boy Bouillabaisse: A.W.O.L. (2009 Digital Remaster),4177.0,I'm A Winner (Amended Album Version),4150.0,Interlude 5,6.255200000000001,I'm A Winner (Amended Album Version),4.772637500000007,B-Boy Bouillabaisse: A.W.O.L. (2009 Digital Remaster),4.690381250000002,Bump,0.6174952333359095,Sunny Road,0.6082963913390294,My Time,0.6046994239029897,Bump,0.6317245601863423,Sunny Road,0.6220350993992969,My Time,0.6179537643526559,Interlude 5,214.62083933110952,Close My Eyes,168.65677196373127,B-Boy Bouillabaisse: A.W.O.L. (2009 Digital Remaster),165.67780179929264,A Song For Mama,0.1566111567028914,Baby Come Back,0.15484964170225876,Day Of The Eagle,0.15340439974003928,Anytime,0.3256245512006344,Baby Come Back,0.30184697436431834,A Song For Mama,0.29139913150312613,Anytime,0.3710027060439447,Baby Come Back,0.34690990926691856,A Song For Mama,0.33866717258723233
529,TRQXTQT128E0781DA7,SOOPTNE12A58A7A9C2,ARFCUN31187B9AD578,The Rolling Stones,Fight (1994 Digital Remaster),rock,I'm A Winner (Amended Album Version),2633.0,B-Boy Bouillabaisse: A.W.O.L. (2009 Digital Remaster),2473.0,Interlude 5,2374.0,I'm A Winner (Amended Album Version),3.0056562499999946,B-Boy Bouillabaisse: A.W.O.L. (2009 Digital Remaster),2.7257968749999986,Don't Get Nine,2.5717656250000034,Let's Get Crazy,0.5751465587010598,Boom Boom Guetta,0.5719654414363802,Knowledge Of Self,0.5457789755293403,Let's Get Crazy,0.5869260451657785,Boom Boom Guetta,0.5821427032702406,Knowledge Of Self,0.5641824284529502,Fight The Power,196.20071875185616,B-Boy Bouillabaisse: A.W.O.L. (2009 Digital Remaster),194.54167325487194,8 Mile,180.49878615497374,Fight The Power,0.19937321421600016,TiK ToK,0.13824288372902474,Shadow of Doubt,0.13495798565135783,Fight The Power,0.29972835009864623,Protest Beat,0.2755229439398294,Something's Gotta Give,0.2680917226772708,Fight The Power,0.34429651111524195,Protest Beat,0.30982097721786406,Something's Gotta Give,0.3055071868079065
530,TRAUYZG12903CDA4E9,SOFZXTF12AB018D64B,ARDVZTE1187FB5A0A1,Bon Jovi,This Ain't A Love Song,rock,Interlude 5,7508.0,B-Boy Bouillabaisse: A.W.O.L. (2009 Digital Remaster),6756.0,I'm A Winner (Amended Album Version),6284.0,Interlude 5,8.566200000000004,B-Boy Bouillabaisse: A.W.O.L. (2009 Digital Remaster),7.760256249999995,I'm A Winner (Amended Album Version),7.319887499999993,I Think I Love You,0.8051857329093748,Waiting For The Day,0.7887029984013666,Hot Sex,0.7808211700212886,I Think I Love You,0.811090689424452,Waiting For The Day,0.7967035442383458,Hot Sex,0.7912724714500076,Interlude 5,288.486348133931,One Good Time,226.69557573769475,B-Boy Bouillabaisse: A.W.O.L. (2009 Digital Remaster),221.04041914268103,I Want You,0.17634429369424467,Work Work,0.1661815419664056,One Good Time,0.1599447362112007,The Innocence Spilled,0.2685956574067644,I Want You,0.26531110725005663,Fee Fie Foe Fum,0.26284812416040615,I Want You,0.34690591175314717,Fee Fie Foe Fum,0.327380563149161,They Were Wrong,0.32089615392878396
531,TRGESLP12903CE31C8,SORXQLX12AB018DCD0,ARDVZTE1187FB5A0A1,Bon Jovi,Superman Tonight,rock,Interlude 5,6716.0,I'm A Winner (Amended Album Version),6492.0,My Darling,4885.0,Interlude 5,7.762500000000018,I'm A Winner (Amended Album Version),7.701640625000007,I Want You,5.825039062500021,Angelina,0.7441227098427269,Revenge,0.7378428684441032,I Care,0.7168699987176285,Angelina,0.7536153983852064,Revenge,0.7473253085125915,I Care,0.7251740232902367,B-Boy Bouillabaisse: A.W.O.L. (2009 Digital Remaster),217.96399879387747,Interlude 5,211.7983066816239,8 Mile,205.6497376055973,Let's All Get Drunk,0.17230139510669518,Don't Fall Apart On Me Tonight,0.1576047083599704,Night Light,0.14770340674413285,Beauty Lies Within,0.31431066471534785,Other Side of Day,0.26585919940988945,Praise Me,0.2631196018971357,Beauty Lies Within,0.35695410967711794,Other Side of Day,0.32084322832318596,Don't Fall Apart On Me Tonight,0.3114968345559171
532,TRPAYRK128E0792986,SOINXHP12AF729AF64,ARM7EDF1187B9B3FA1,Guns N' Roses,Bad Obsession,rock,Interlude 5,4959.0,Ice Is Workin' It,4298.0,Touch It / Technologic,4243.0,Interlude 5,5.603049999999993,Ice Is Workin' It,5.0908375000000134,Touch It / Technologic,5.068626562499988,It's De-Lovely,0.6857242031990217,I Know You Got Soul,0.6686499151381723,Complicated,0.6685804719017604,It's De-Lovely,0.6938261070099185,I Know You Got Soul,0.6816632591373338,Complicated,0.6806678579502222,Interlude 5,220.30824589571273,Overdose (Album Version),219.52012204574984,B-Boy Bouillabaisse: A.W.O.L. (2009 Digital Remaster),206.95337647040944,Killing Time,0.16244663487062344,Plumskinzz (Loose Hoe_ God & Cupid),0.1513258827059631,Overdose (Album Version),0.1476477321053105,Last Man In The Bar,0.3180009075057175,Killing Time,0.2935411355473474,Foolish,0.2614138950815935,Last Man In The Bar,0.3526212131816878,Killing Time,0.3413954463335779,Kma Goodbye,0.29823634342328487
533,TRKMXIA128F4299423,SOEOSFP12A8C137912,ARULZ741187B9AD2EF,Elvis Presley,Anything That's Part Of You,rock,Interlude 5,2391.0,I'm A Winner (Amended Album Version),2099.0,I Want You,1814.0,Interlude 5,2.7748500000000025,I'm A Winner (Amended Album Version),2.4839593749999964,I Want You,2.1888859375000034,All Of Me,0.7463857887001771,I Try,0.7363996244341084,Even So,0.7299466100960991,All Of Me,0.7539599172690951,I Try,0.7443406805485832,Even So,0.7396256980430455,Interlude 5,116.1694125063013,Work Work,83.89587812150121,Hair,82.22789580015247,For Your Love,0.08054142353336687,Smile,0.07816115160229321,Highlights,0.07475357315923904,Love Don't Live Here,0.2744621052158613,Love Don't Live Here Anymore,0.2683917359308093,Smile,0.26242259404307855,Love Don't Live Here,0.30673757707145743,Love Don't Live Here Anymore,0.2958728403748722,Smile,0.2930640522733713
534,TRTQRHY128F4241AFD,SORQYLM12A8C132BCF,ARCVKG01187B9B3273,Flyleaf,So I Thought,rock,Interlude 5,5229.0,B-Boy Bouillabaisse: A.W.O.L. (2009 Digital Remaster),4046.0,Splurge,3444.0,Interlude 5,5.906049999999996,B-Boy Bouillabaisse: A.W.O.L. (2009 Digital Remaster),4.530478124999993,Splurge,3.9911843749999907,The Irony Of It All (Album Version),0.6785511036899006,Runaway,0.6678015224582282,Gold,0.6651327804910232,The Irony Of It All (Album Version),0.6995095732471781,Gold,0.6827983773603467,Runaway,0.6821591001210576,Interlude 5,297.1820211326169,B-Boy Bouillabaisse: A.W.O.L. (2009 Digital Remaster),283.87411716621716,The Truth,193.4908152460557,The Truth,0.15102618996457282,Nothing Lasts Forever,0.15026681810394593,Interlude 5,0.14556676255433382,Don't Call Me Peanut,0.2496648137574114,With Love (Remember),0.2425942350451159,Song For The Rich,0.24195586025360663,Don't Call Me Peanut,0.30510264553929917,Song For The Rich,0.30492043236405975,With Love (Remember),0.2925568950997795
535,TRXIEYZ128E078891B,SOQQWFI12A67020F95,ARN5NHX1187FB4F755,The Smashing Pumpkins,You're All I've Got Tonight,rock,Interlude 5,4719.0,I'm A Winner (Amended Album Version),4640.0,I Want You,4321.0,I'm A Winner (Amended Album Version),5.5760343750000025,Interlude 5,5.556049999999998,I Want You,5.275298437499983,Flowerstand Man,0.7903152019747635,Dont Cry,0.7866418999556795,Don't Need The Sun To Shine (To Make Me Smile),0.7833835714390904,Flowerstand Man,0.7947222995250784,Dont Cry,0.7910766026911562,Don't Need The Sun To Shine (To Make Me Smile),0.7877065265735056,I Didn't Know That You Cared,102.44242251896485,Let's All Get Drunk,100.66777959591332,Out of Character,93.8978257601632,I Didn't Know That You Cared,0.11426199619727488,Someone i care about,0.09947436309919494,Alright,0.09914184347530229,I Didn't Know That You Cared,0.3853838088132562,Someone i care about,0.3602017249123234,Who Cares (So Long As You Care For Me),0.3139558253488534,I Didn't Know That You Cared,0.4107273316309011,Someone i care about,0.38412065716284727,It's Alright,0.34054859023995326
536,TRTGMIX128EF35E2B9,SOBEQEO12A6D4F6589,ARVN9FZ1187FB393F1,Snow Patrol,Signal Fire,rock,Interlude 5,4296.0,Hold Me Down (Album Version),3898.0,I'm A Winner (Amended Album Version),3534.0,Interlude 5,4.903100000000003,Hold Me Down (Album Version),4.656178124999987,I'm A Winner (Amended Album Version),4.112365625000006,Kid Gloves,0.7561324751613733,There You Are,0.6880967283036843,Eradicate Authority,0.6832185460613147,Kid Gloves,0.7653227497600648,There You Are,0.7006864206843921,Eradicate Authority,0.6970056264866659,Diamonds From Sierra Leone,154.52471869048895,Interlude 5,152.34778900942342,Trife Life,142.65345293503458,I Still Love You,0.12206006214754499,Diamonds From Sierra Leone,0.11723855999777166,Elements,0.11693956625248997,There You Are,0.29860732201385004,Forever,0.29750507995085534,Remember Me_ Oh God_ For Good,0.28337715725170426,There You Are,0.3415864999955494,Forever,0.32933202966418107,Remember Me_ Oh God_ For Good,0.327584359367888
537,TRHPKWO128F92E01D5,SOSRIAT12AB017A92E,ARVN9FZ1187FB393F1,Snow Patrol,The Lightning Strike,rock,Interlude 5,9419.0,B-Boy Bouillabaisse: A.W.O.L. (2009 Digital Remaster),6572.0,I'm A Winner (Amended Album Version),6061.0,Interlude 5,10.77325000000001,B-Boy Bouillabaisse: A.W.O.L. (2009 Digital Remaster),7.378304687499998,I'm A Winner (Amended Album Version),6.9223906250000065,Gold,0.793364556808369,Closer To You,0.792145001387714,ATLiens,0.7825338473631409,Closer To You,0.8061828556434271,Gold,0.804429407966123,ATLiens,0.7972870340363347,Interlude 5,423.92301783541114,8 Mile,412.5907251709131,The Hourglass,379.2132861876628,The Hourglass,0.20287991022240703,One of Us,0.20109640696643807,8 Mile,0.20079500053260713,This Respirator,0.29820270839577906,Towards The Northern Star,0.23867458430061797,Mastering The World's Smallest Violin,0.23426304022950437,This Respirator,0.3762801589889655,Mastering The World's Smallest Violin,0.3245185941547026,The Hourglass,0.32311350548653345
538,TRDMUWU128E078EDDB,SOSXSMM12B0B808B45,ARH3S5S1187FB4F76B,Nirvana,Dumb,rock,8 Mile,5761.0,Everytime I...,5532.0,Over It (Acoustic),5293.0,8 Mile,6.928356250000011,Everytime I...,6.782812500000035,Over It (Acoustic),6.469668750000003,Slave,0.8522499273895701,Hunter,0.8177266369576545,Liquid,0.8149460905084925,Slave,0.854320402942529,Hunter,0.8202833315542979,Liquid,0.8176680877007546,Happy Boys & Girls,142.38900708251722,All About U,125.17750510831897,H.A.P.P.Y. Radio,119.29956563019947,Happy Boys & Girls,0.15064988865126488,H.A.P.P.Y. Radio,0.12420280985159972,That's When The Music Takes Me,0.11583288116989264,That's When The Music Takes Me,0.3194762924141265,Snowflakes Of Love,0.295319280992376,Happy Boys & Girls,0.28948874089006893,That's When The Music Takes Me,0.34902580601532535,Snowflakes Of Love,0.33112767084481226,Happy Boys & Girls,0.32478711829288587
539,TRXEAZB128E078EDCE,SOCUARC12A6701E94D,ARH3S5S1187FB4F76B,Nirvana,Something In The Way,rock,B-Boy Bouillabaisse: A.W.O.L. (2009 Digital Remaster),1654.0,Otha Fish,1620.0,Interlude 5,1569.0,Otha Fish,1.8947109375000089,B-Boy Bouillabaisse: A.W.O.L. (2009 Digital Remaster),1.8578453125000012,Interlude 5,1.7105499999999947,1-2-8,0.5351227047975461,I Live In A Suitcase,0.4937410124053543,Something In The Air Between Us,0.4919137624436672,1-2-8,0.5449923084908624,Something In The Air Between Us,0.5030027606581198,I Live In A Suitcase,0.502848558997199,Thinking About You,162.70602691447817,It Ain't About You,149.04111699627452,The Easy Spell,148.99969686245336,Thinking About You,0.18693365692834468,The Easy Spell,0.1593068006972158,Slow Motion,0.15506693948605726,Out On The Western Plain,0.4189421792168617,I'm Cool,0.41447820741710417,London Boys,0.4078674389245327,Out On The Western Plain,0.4289492249151803,I'm Cool,0.42753047382327286,London Boys,0.4185292448046304
540,TRLKNKC128F42BC213,SOBDDMF12A8C142F73,ART3U3E1187B99B1B8,Switchfoot,Oh! Gravity.,rock,Move On,3476.0,Horse With No Name,3220.0,Touch It / Technologic,1979.0,Move On,4.2261343750000036,Horse With No Name,3.918049999999992,Touch It / Technologic,2.3048968749999976,Tu Vas Me Manquer,0.5864573265323658,This Is A Low,0.5384004064993906,Horse With No Name,0.5378811808018196,Tu Vas Me Manquer,0.5984292252518563,Dear Heart,0.5492418123628318,This Is A Low,0.5465566391201769,B-Boy Bouillabaisse: A.W.O.L. (2009 Digital Remaster),176.576924009299,Interlude 5,144.7436881953949,Carry On,144.0695971103457,Carry On,0.13548085437213553,Next Door Neighbour,0.12702445636276155,La Di Da Da Da,0.1236372792675537,Can We All Come Together,0.2677330465579863,Brand New Key,0.25679107411856433,Next Door Neighbour,0.2547369768331902,Can We All Come Together,0.2993210323684099,Next Door Neighbour,0.2976949243976111,Brand New Key,0.2939884026738101
541,TRVQBRZ128F423EEDC,SOLTQZY12A8C13262F,AR8V1WA1187B9AD9E9,The White Stripes,Hotel Yorba,rock,Interlude 5,3474.0,B-Boy Bouillabaisse: A.W.O.L. (2009 Digital Remaster),3262.0,I'm A Winner (Amended Album Version),2985.0,Interlude 5,3.9170000000000043,B-Boy Bouillabaisse: A.W.O.L. (2009 Digital Remaster),3.7216640625000035,I'm A Winner (Amended Album Version),3.453171874999997,Preachin' To The Choir,0.7582330870357527,Rabbit Run,0.7562221914571867,It's Like That,0.7549613622930053,Preachin' To The Choir,0.7702018377557985,Rabbit Run,0.7697022889326173,Claimin' True,0.7676113742511766,Interlude 5,264.3781450692848,B-Boy Bouillabaisse: A.W.O.L. (2009 Digital Remaster),209.5434401497894,Do The Bartman,180.66547951701543,Interlude 5,0.16356062560088347,Dirty Money,0.1302572286906179,Do The Bartman,0.12955084075369608,Merrymaking At My Place,0.2875926008674665,I've Got This Feeling,0.26724985740003226,Dirty Man,0.24620435447823016,Albee Square Mall,0.32582054583107256,Interlude 5,0.32448215281739695,Merrymaking At My Place,0.32146837063344785
542,TRBNXZS12903D0A686,SOECMVP12AB018584E,AR8V1WA1187B9AD9E9,The White Stripes,Prickly Thorn_ But Sweetly Worn (Live),rock,Cut And Run,2005.0,Yakamonéyé,2000.0,Sans Rémission,1840.0,Cut And Run,2.4399874999999986,Yakamonéyé,2.4081624999999995,Givin' Up (Clean Version),2.2588562499999942,Dame De Lotus,0.6943300423565859,Newgrange,0.6163463101539731,Cachos De Vaca,0.6132659532173864,Dame De Lotus,0.696014386308457,Newgrange,0.6197551352362225,Cachos De Vaca,0.6164114922991636,I Love U In Me ( LP Version),83.79730184552692,Closer To You,81.1703874161026,Interlude 5,81.11178433128131,Burbujas De Amor,0.07557766788046115,Empress,0.07473732095617656,I Can See An Angel,0.07066956962847497,Aureus,0.2927281060085057,Gammal sång,0.24842999595815277,You're My Angel,0.2419776589440388,Aureus,0.31029066753893014,You're My Angel,0.2649470575356275,Gammal sång,0.25856912948032007
543,TRGGBKA128F428E461,SOUOWLT12B0B8090EE,AR8V1WA1187B9AD9E9,The White Stripes,St. Andrew (This Battle Is In The Air),rock,B-Boy Bouillabaisse: A.W.O.L. (2009 Digital Remaster),1264.0,I Mean (I Don't Mean It),1222.0,8 Mile,1219.0,I Mean (I Don't Mean It),1.4720140625000047,B-Boy Bouillabaisse: A.W.O.L. (2009 Digital Remaster),1.4703640624999996,8 Mile,1.4410109375000002,I Don't Know Where I'm Bound,0.7244140790479018,Flowers On The Wall,0.7160973949141407,Soobax,0.7079455354299251,I Don't Know Where I'm Bound,0.7305466957501099,Flowers On The Wall,0.7234409976117012,Soobax,0.7154168297111289,I Love U In Me ( LP Version),66.43499529158382,When I Needed an Angel,56.53697506436717,Wandering Child,56.142830607619175,When I Needed an Angel,0.06183323033911564,Wandering Child,0.06156297884827891,Sound Check,0.06126834660795652,When I Needed an Angel,0.32286940312884693,Wandering Child,0.2984662451974404,You're My Angel,0.2873799018716124,When I Needed an Angel,0.3500052399973628,Wandering Child,0.3249942827587003,You're My Angel,0.3081864383882161
544,TRICQHX128F93269FC,SOCBJHG12AB018221C,ARHWR8B1187FB557D3,The Decemberists,I Was Meant For the Stage,rock,Interlude 5,3248.0,B-Boy Bouillabaisse: A.W.O.L. (2009 Digital Remaster),2799.0,My Darling,2409.0,Interlude 5,3.710400000000003,B-Boy Bouillabaisse: A.W.O.L. (2009 Digital Remaster),3.2063875,My Darling,2.7972624999999978,Unsung Songs,0.6778851728936686,Snoopafella (Edited),0.6746302422568419,Overcome,0.6597597266398618,Unsung Songs,0.6896120792620495,Snoopafella (Edited),0.68744313583429,Overcome,0.6718526262720028,My Darling,171.038395677466,Trife Life,160.10712042640915,You Left Me,152.26869540570866,You Left Me,0.16049489732867936,Cry,0.13746441990318792,Can't Get You Off My Mind,0.13236471358771662,Stavesail,0.29347280194465425,20th Century,0.2916782667868617,Lentil (Live),0.26824495978908797,20th Century,0.32690647470676226,Stavesail,0.31275264745318765,Lentil (Live),0.30880126872952374
545,TRAFWEV128F428D391,SOLUABP12AF72A2CD2,ARQRQRA12131B4B5A8,Cake,Alpha Beta Parking Lot,rock,Go Cat Go,1168.0,Here We Go,932.0,Watching ME,909.0,Go Cat Go,1.3925750000000077,Here We Go,1.101925,Watching ME,1.0764374999999997,When The Shades Go Down,0.4937935301576618,Down In The Alley,0.405940796264323,Going Down Town Tonight,0.39739920272899315,When The Shades Go Down,0.5072720027291517,Down In The Alley,0.42177577027464075,Going Down Town Tonight,0.41322160742060193,Breathing,123.10739078764252,It Ain't About You,120.78723568455844,Expansion Team Theme,111.24979590364873,Breathing,0.10742784246192454,I Gotcha (Amended Album Version),0.09530914415794099,Baby Day,0.09523566440643746,Enemmän,0.2854926895280307,Sitä jotakin,0.26006122460842723,When The Lights Go Out,0.2598459801619844,Enemmän,0.2899222336297087,When The Lights Go Out,0.28710156381688884,Sitä jotakin,0.2654071157477848
546,TRJRIBM128E0788E18,SODMWLI12AF72A4B62,ARN5NHX1187FB4F755,The Smashing Pumpkins,An Ode To No One,rock,Interlude 5,5496.0,I'm A Winner (Amended Album Version),4564.0,B-Boy Bouillabaisse: A.W.O.L. (2009 Digital Remaster),4194.0,Interlude 5,6.3915999999999995,I'm A Winner (Amended Album Version),5.392349999999991,B-Boy Bouillabaisse: A.W.O.L. (2009 Digital Remaster),4.842424999999999,Hook,0.7951978809961534,Club Megamix,0.7723695528503003,My Darling,0.7670884585037303,Hook,0.8039964189580877,Club Megamix,0.7826352889810418,My Darling,0.7773461322803495,My Darling,180.59359843536154,B-Boy Bouillabaisse: A.W.O.L. (2009 Digital Remaster),168.1217382789589,Interlude 5,151.74766735840075,My Darling,0.12959290007427607,A8,0.11340731851338966,Real Love,0.11165409991569847,Sixteen,0.3026332083411806,Come Back,0.2875018874897431,Anytime,0.2697785967819235,Sixteen,0.3407964155459448,Come Back,0.3374242766942529,Anytime,0.3267809030579963
547,TRIVTJA128F92C1E80,SOITHUR12D021B2253,AR4EQ231187B99368F,The Fray,Over My Head (Cable Car),rock,B-Boy Bouillabaisse: A.W.O.L. (2009 Digital Remaster),5072.0,Interlude 5,4981.0,8 Mile,3802.0,B-Boy Bouillabaisse: A.W.O.L. (2009 Digital Remaster),5.772585937499998,Interlude 5,5.54775,Over It (Acoustic),4.4724921875000065,Baby Phife's Return,0.6687672182264244,Over My Head,0.6666687317476206,Impact,0.6627895203521751,Baby Phife's Return,0.6872381079484433,Impact,0.6811183880332392,B-Boy Bouillabaisse: A.W.O.L. (2009 Digital Remaster),0.6807915148652416,B-Boy Bouillabaisse: A.W.O.L. (2009 Digital Remaster),277.92667765937495,Interlude 5,217.11182780416368,Sex,210.0037522776183,Sex,0.17116654462347675,Seconds Away,0.16184206971209086,Kill The President,0.14793188649592365,Beyond The Visible Spectrum,0.27405233392905193,Seconds Away,0.2715007343521281,Detox,0.2662945530562409,Sex,0.3251490959396633,Beyond The Visible Spectrum,0.31993276805138277,Sweetwater Texas,0.3197311966414819
548,TRFLRXQ128F4280CCC,SOSUBHV12AF72A4220,ARNBMT71187B993523,Interpol,No I In Threesome,rock,Interlude 5,3523.0,B-Boy Bouillabaisse: A.W.O.L. (2009 Digital Remaster),2279.0,Otha Fish,1809.0,Interlude 5,3.934549999999997,B-Boy Bouillabaisse: A.W.O.L. (2009 Digital Remaster),2.4563687499999993,Otha Fish,2.0174062500000014,Time & Space (A New Refutation Of),0.6741674511813387,Virtual Insanity,0.6125324352026259,I'm On The Mic,0.6025781309495474,Time & Space (A New Refutation Of),0.6941691458972855,Virtual Insanity,0.6360508790162288,I'm On The Mic,0.6276982836863315,Interlude 5,205.95394383667886,Just Right,187.58490474069114,B-Boy Bouillabaisse: A.W.O.L. (2009 Digital Remaster),181.86958714618083,Baby We've Got A Date (Rock It Baby),0.1803849736214544,Just Right,0.17947325125660954,Day And Night,0.15706808788329474,The Street And Babe Shadow,0.3093519832855628,Baby We've Got A Date (Rock It Baby),0.30403476625161135,Day And Night,0.2955149993208792,Day And Night,0.3358668460858979,Baby We've Got A Date (Rock It Baby),0.33555657579203924,The Street And Babe Shadow,0.3346984703563308
549,TRYBPGK128F4255BE3,SOMZRXL12A81C224B9,ARNBMT71187B993523,Interpol,Pace Is The Trick,rock,Interlude 5,7670.0,I'm A Winner (Amended Album Version),6745.0,I Want You,6282.0,Interlude 5,9.079200000000004,I'm A Winner (Amended Album Version),8.099059374999984,I Want You,7.665685937499992,Get Sick Soon,0.8149429309249496,I Will Survive,0.8147521904392804,I Still Love You,0.8128360576799002,Get Sick Soon,0.8193274341404784,I Will Survive,0.8188116606805397,I Still Love You,0.817231008371945,She Luv It,141.12281677311742,Mamacita,136.41648554920948,B-Boy Bouillabaisse: A.W.O.L. (2009 Digital Remaster),133.9063174198266,Mamacita,0.14514478711538603,She Luv It,0.13260936787443725,I'll Make Love To You,0.11112550546954596,Today,0.2991716338918321,Mamacita,0.2859214867846012,Saturday Come Slow,0.25647771552197324,Today,0.3295784382183358,Mamacita,0.3198544655362284,Love Don't Do,0.28808374585232194
550,TRGXNCJ128F425FB1C,SOMUPLQ12A8C137A19,ARD4C1I1187FB4B0C3,Pink Floyd,Embryo,rock,B-Boy Bouillabaisse: A.W.O.L. (2009 Digital Remaster),570.0,8 Mile,522.0,Mellow My Man,477.0,B-Boy Bouillabaisse: A.W.O.L. (2009 Digital Remaster),0.65095,8 Mile,0.6060499999999994,Mellow My Man,0.5633999999999997,a piece of my heart,0.633871215339543,Life Is Real,0.5800623891708393,Pain,0.5638325778010528,a piece of my heart,0.644044563029919,Life Is Real,0.5921780421560326,Pain,0.5784299846612481,Cancel (Album Version),56.85558563186577,Releasing Hypnotical Gases,54.165557217523634,8 Mile,48.01866708090246,Cancel (Album Version),0.05899877115813846,Releasing Hypnotical Gases,0.049276596915856785,Bak Bone,0.048468928549948484,Re-Evolute,0.2494988506858351,Viva ! blunt force trauma,0.24618472945955278,Cancel (Album Version),0.21705342362011876,Re-Evolute,0.26676783768516676,Viva ! blunt force trauma,0.25591406820240503,Cancel (Album Version),0.24843192478837728
551,TRFNRGN128E0791E0E,SOWIUZN12AF72A8206,AROAILX1187FB3F858,Buckcherry,Borderline,rock,Interlude 5,4443.0,I'm A Winner (Amended Album Version),3252.0,B-Boy Bouillabaisse: A.W.O.L. (2009 Digital Remaster),3012.0,Interlude 5,5.066150000000004,I'm A Winner (Amended Album Version),3.7463375,B-Boy Bouillabaisse: A.W.O.L. (2009 Digital Remaster),3.357231249999998,Bang A Gong/Funtime (Live),0.6322931374034703,Slow Dancin',0.6298289238099657,Driving With The Brakes On,0.6125180453386321,Slow Dancin',0.6478263358315635,Bang A Gong/Funtime (Live),0.6445612454740545,Driving With The Brakes On,0.6304138813128498,The Easy Spell,287.67059513275706,It Ain't About You,263.64053424815455,B-Boy Bouillabaisse: A.W.O.L. (2009 Digital Remaster),244.54756575801645,The Easy Spell,0.28996747860824934,Thinking About You,0.2547594541160234,Shock Dat Monkey,0.2390030098927848,Out On The Western Plain,0.4499182025643746,London Boys,0.43779881687204597,My Bucket's Got a Hole In It (2006 Remastered Live Version),0.4000437349054467,Out On The Western Plain,0.46515414541999806,London Boys,0.454627475680727,My Bucket's Got a Hole In It (2006 Remastered Live Version),0.4251838263537401
552,TROLTZX128E0791C1A,SOJMWLO12CF5CFD711,ARK9TRQ1187B99C095,Nine Inch Nails,March Of The Pigs,rock,Interlude 5,3227.0,Touch It / Technologic,3205.0,Ice Is Workin' It,3145.0,Touch It / Technologic,3.855553124999998,Ice Is Workin' It,3.750724999999999,Interlude 5,3.651950000000003,I Want It All,0.805293245484375,Givin' It Up,0.7126312415649338,The Workout,0.7124165491346266,I Want It All,0.8101077396977312,The Workout,0.721850688965359,Givin' It Up,0.7214450813240924,She Ain't Afraid,168.76403710595486,Interlude 5,140.43526306966928,like you to me,138.5704572094769,She Ain't Afraid,0.13305635660729906,like you to me,0.11966802819133765,Let's Do This Now,0.1189547134424669,Do What You Do,0.28561091477659867,Let's Do This Now,0.279210654628392,Back For A Taste Of Your Love,0.26520020046458964,Do What You Do,0.32753588338044926,Let's Do This Now,0.32561546217782694,like you to me,0.3043279472224643
553,TRJZZCN128E07938C5,SOCKPDE12A8C142F18,ARK9TRQ1187B99C095,Nine Inch Nails,Burn,rock,Interlude 5,7001.0,I'm A Winner (Amended Album Version),6435.0,I Want You,5628.0,Interlude 5,8.118750000000022,I'm A Winner (Amended Album Version),7.6303906250000075,I Want You,6.802539062500021,Iodine,0.6843978869992677,The Awakening,0.6730086350221878,Beyond Salvation,0.6698055118746654,Iodine,0.6934422098783025,The Awakening,0.6826999556404979,The Biggest Part Of Me,0.6781740625850733,Interlude 5,217.88503077001866,8 Mile,177.14766409123047,Curse,173.18502070978016,Re-Birth,0.15298598281264436,Crazy World,0.15205849711662306,Burning Bridges,0.13601348544983569,A Fire In Babylon,0.3137979196807707,Crazy World,0.30903973927017236,Part Of The Process,0.3054529240928547,A Fire In Babylon,0.34660816841290354,Crazy World,0.33680073039527303,Part Of The Process,0.33621684335833607
554,TRCZLLQ128E0792778,SOQQTFV12A6701C5F6,ARK9TRQ1187B99C095,Nine Inch Nails,Something I Can Never Have,rock,Interlude 5,5843.0,I'm A Winner (Amended Album Version),5555.0,I Want You,4630.0,Interlude 5,6.728750000000015,I'm A Winner (Amended Album Version),6.567968750000015,I Want You,5.576171875000013,Pervert,0.709719287932455,Rabbit Run,0.701929130077862,Overcome,0.6954959771667003,Pervert,0.7191572913316754,Rabbit Run,0.7142202978242902,Descending,0.7064460518795056,Interlude 5,225.7761115544357,8 Mile,185.04805956399974,B-Boy Bouillabaisse: A.W.O.L. (2009 Digital Remaster),173.83920565049195,Interlude 5,0.1379457517382949,The Right to Write Me Off,0.1287297690066327,Overcome,0.12604903360052,You're Not Supposed To,0.30701484650230776,Get It Right (Album Version),0.2996986669350003,Overcome,0.2933452907944298,Get It Right (Album Version),0.34977862876956956,Overcome,0.34448317925452543,You're Not Supposed To,0.3347328997010867
555,TRUIAKW128F428C787,SOKFHMY12A8C13EB40,AR16GSC1187B9A6291,Eagles,It's Your World Now,rock,Interlude 5,2221.0,B-Boy Bouillabaisse: A.W.O.L. (2009 Digital Remaster),1948.0,Ice Is Workin' It,1874.0,Interlude 5,2.396749999999999,Ice Is Workin' It,2.1630624999999997,B-Boy Bouillabaisse: A.W.O.L. (2009 Digital Remaster),2.117632812499998,It's Your World,0.6498008704708494,Trans DF Express,0.6334212423742762,Physical Stamina,0.6295670587096429,It's Your World,0.6596681150755037,Trans DF Express,0.6553116452402609,Physical Stamina,0.6538628246021678,B-Boy Bouillabaisse: A.W.O.L. (2009 Digital Remaster),183.77214582843692,Interlude 5,178.28464862977103,Club Megamix,155.59717040785745,Lentil (Live),0.12410853717862996,Club Megamix,0.11037092441681409,Passin' Me By,0.1009780288701819,Lentil (Live),0.28269249792360773,Ribbon Of Darkness,0.2550023113096743,Beauty And The Beast,0.24773636992904613,Lentil (Live),0.33851567562030105,Beauty And The Beast,0.3156802658110082,Ribbon Of Darkness,0.31484201778647425
556,TRCRHFK128F427FD8F,SOLBZDL12CF5F88BE5,AR5FP401187FB523C9,Bob Dylan,Something There Is About You,rock,Interlude 5,3707.0,B-Boy Bouillabaisse: A.W.O.L. (2009 Digital Remaster),2735.0,I'm A Winner (Amended Album Version),2468.0,Interlude 5,4.274949999999997,B-Boy Bouillabaisse: A.W.O.L. (2009 Digital Remaster),3.118693750000002,I'm A Winner (Amended Album Version),2.850512499999999,Closer To You,0.7436169401991422,Numbers,0.7301753979225902,Rebirth,0.7241281034684468,Closer To You,0.7577498803644956,Numbers,0.7458850623957862,Rebirth,0.7401553649414182,B-Boy Bouillabaisse: A.W.O.L. (2009 Digital Remaster),189.50465507593367,Interlude 5,169.70168944369354,The Hourglass,144.1905618600006,My Story,0.10588376701980334,B-Boy Bouillabaisse: A.W.O.L. (2009 Digital Remaster),0.09718878772214973,The Truth,0.08851305684596703,All Over Again,0.2163076236336843,How Great Thou Art,0.20603448600049717,Paint or Pollen,0.20581631235488,My Story,0.29575181554392166,Hook,0.28330288522469327,Rotten Apple Pie,0.27931955230834976
557,TRMOUUU128F14ADE16,SOJFEHH12A6BD546BE,ART1UFU1187FB4C9B6,Hawk Nelson,From Underneath,rock,Interlude 5,5271.0,I'm A Winner (Amended Album Version),4153.0,B-Boy Bouillabaisse: A.W.O.L. (2009 Digital Remaster),3679.0,Interlude 5,6.14485,I'm A Winner (Amended Album Version),4.901146874999994,I Want You,4.339354687499994,Revenge,0.8009023141441436,I Try,0.7904405219413371,Even So,0.7879518207730559,Revenge,0.8082816309693984,I Try,0.7967210771082904,Even So,0.796042228096731,Interlude 5,216.8876534274578,B-Boy Bouillabaisse: A.W.O.L. (2009 Digital Remaster),171.26667589756943,8 Mile,164.51182305143635,Interlude 5,0.1167936570035503,Can't Let Go,0.11032549636641646,Freezin In The Cold,0.11010499628087937,New Generation,0.2731270070653618,Dave's Friend,0.26568292074790084,Me And The Devil,0.2543139293423457,Me And The Devil,0.32188410174789883,New Generation,0.316326123153119,Dave's Friend,0.31484645258685784
558,TRCURQD128F427C75B,SORFOFF12A8C13B65E,ART1UFU1187FB4C9B6,Hawk Nelson,Turn It On,rock,Touch It / Technologic,5163.0,Ice Is Workin' It,4137.0,Interlude 5,3732.0,Touch It / Technologic,6.200470312500006,Ice Is Workin' It,4.867837500000006,It's A Party,4.333678125000009,Still On It,0.6198809405616629,Soon Forward,0.6097171299105187,Touch It / Technologic,0.6068337736836125,Still On It,0.628830735698054,Soon Forward,0.6196653660624779,Touch It / Technologic,0.6156384251057921,Interlude 5,267.1063199210202,Tell You Something (Nana's Reprise),230.11727621602972,B-Boy Bouillabaisse: A.W.O.L. (2009 Digital Remaster),211.51589746994097,Tell You Something (Nana's Reprise),0.22198991708225388,Wanna Play,0.16418672216160174,Oh Jerusalem,0.15699817875119393,Turn,0.28838066980001686,Tell You Something (Nana's Reprise),0.2584077157411272,Soon Forward,0.23824924457308366,Turn,0.3263915710679241,Tell You Something (Nana's Reprise),0.31083137924476933,100% Pure Love,0.28530469565240846
559,TRRKJGZ128F148128F,SOAQCXS12D02191FC1,ART1UFU1187FB4C9B6,Hawk Nelson,Something On My Mind,rock,Interlude 5,5348.0,B-Boy Bouillabaisse: A.W.O.L. (2009 Digital Remaster),5240.0,8 Mile,4451.0,Interlude 5,5.978899999999999,B-Boy Bouillabaisse: A.W.O.L. (2009 Digital Remaster),5.959504687500007,8 Mile,5.118120312499988,Add It Up,0.6941411320429058,Strictly 4 My N.I.G.G.A.Z.,0.692421549983493,Valentine,0.6825666352358468,Add It Up,0.7084196530693658,Strictly 4 My N.I.G.G.A.Z.,0.7072370898212105,Battery,0.6977719503390314,B-Boy Bouillabaisse: A.W.O.L. (2009 Digital Remaster),282.12235174966094,Interlude 5,248.36073773464767,8 Mile,216.3424124959524,B-Boy Bouillabaisse: A.W.O.L. (2009 Digital Remaster),0.1742205427785197,Man In The Mirror,0.17364270841560664,Diamonds From Sierra Leone,0.16567552901870844,On My Mind,0.3376399909417921,Valentine,0.3084055047868874,I Like It (Remix),0.28375446681102573,On My Mind,0.35668843048060195,Valentine,0.3519111176959091,I Like It (Remix),0.33546167128735865
