,track_id,song_id,artist_id,artist_name,song_title,genre,dot_match_1,dot_score_1,dot_match_2,dot_score_2,dot_match_3,dot_score_3,cov_match_1,cov_score_1,cov_match_2,cov_score_2,cov_match_3,cov_score_3,corr_match_1,corr_score_1,corr_match_2,corr_score_2,corr_match_3,corr_score_3,cossim_match_1,cossim_score_1,cossim_match_2,cossim_score_2,cossim_match_3,cossim_score_3
0,TRVYEUW128F148C08D,SOFCCWD12AF72A6BC0,ARXPPEY1187FB51DF4,Michael Jackson,All The Things You Are,blues,Interlude 5,3570.0,I'm A Winner (Amended Album Version),2865.0,Hot N Cold (Innerpartysystem Main),2436.0,Interlude 5,4.138199999999999,I'm A Winner (Amended Album Version),3.3693093750000003,Hot N Cold (Innerpartysystem Main),2.95577343750001,You're All The World To Me,0.7336968310393809,You're The Top,0.7271838626050462,You're A Soldier,0.6887269177639563,You're All The World To Me,0.73913808345401,You're The Top,0.7316274421252662,You're A Soldier,0.694669413787504
1,TRCXKPC128F92FD04C,SOEFNXT12AB017E829,ARZENOX1187B98A645,John Mayer,Vultures,blues,B-Boy Bouillabaisse: A.W.O.L. (2009 Digital Remaster),3132.0,Interlude 5,3012.0,I Mean (I Don't Mean It),2988.0,I Mean (I Don't Mean It),3.50526874999999,B-Boy Bouillabaisse: A.W.O.L. (2009 Digital Remaster),3.461068749999997,8 Mile,3.3624312500000086,Plastic World,0.6568703206763483,The Ups And Downs,0.6411269509265004,Keep Moving,0.6134740359507672,Plastic World,0.6692922727596603,The Ups And Downs,0.6557604034160445,Keep Moving,0.6349611011001333
2,TRMMALW128F92FD049,SOVUCRS12A58A7D207,ARZENOX1187B98A645,John Mayer,Out Of My Mind,blues,Interlude 5,4597.0,B-Boy Bouillabaisse: A.W.O.L. (2009 Digital Remaster),3722.0,I'm A Winner (Amended Album Version),3671.0,Interlude 5,5.327649999999998,I'm A Winner (Amended Album Version),4.315181249999995,B-Boy Bouillabaisse: A.W.O.L. (2009 Digital Remaster),4.302434374999995,Preacher On A Sunday Morning,0.6669323712356535,Ready For The Weekend,0.6648010039503683,Beyond Salvation,0.6619949063669038,Preacher On A Sunday Morning,0.6782620363865318,Ready For The Weekend,0.6750246601106777,Beyond Salvation,0.6703596100206974
3,TRJWAJC128F9327C4F,SORMDVX12AB01816AA,ARLMXEA1187B9A7D04,R. Kelly,Hump Bounce,blues,Interlude 5,5557.0,B-Boy Bouillabaisse: A.W.O.L. (2009 Digital Remaster),4567.0,I Want You,4088.0,Interlude 5,6.364350000000007,B-Boy Bouillabaisse: A.W.O.L. (2009 Digital Remaster),5.2221203124999995,I Want You,4.896135937499989,All I Do,0.6579208891618389,Overjoyed,0.6397699791344678,Day And Night,0.6306836382560363,All I Do,0.667718031491555,Overjoyed,0.6534939234987447,Day And Night,0.6430239888722205
4,TRPEBTH128F9327C4D,SOYTJAC12AF729F49D,ARLMXEA1187B9A7D04,R. Kelly,Intro - The Sermon,blues,Interlude 5,6673.0,B-Boy Bouillabaisse: A.W.O.L. (2009 Digital Remaster),5569.0,I'm A Winner (Amended Album Version),5237.0,Interlude 5,7.593749999999982,B-Boy Bouillabaisse: A.W.O.L. (2009 Digital Remaster),6.336132812500019,I'm A Winner (Amended Album Version),6.0577343750000034,Hook,0.7430112475755696,I Don't Want To Talk About It,0.742834840746948,B-Boy Bouillabaisse: A.W.O.L. (2009 Digital Remaster),0.7416846726916941,B-Boy Bouillabaisse: A.W.O.L. (2009 Digital Remaster),0.758552189169887,Hook,0.756381455883275,I Don't Want To Talk About It,0.7561220426091677
5,TRNWHUD128F932E304,SOXUKQZ12AB01860EE,ARXPPEY1187FB51DF4,Michael Jackson,Call On Me,blues,Interlude 5,8789.0,I'm A Winner (Amended Album Version),7434.0,B-Boy Bouillabaisse: A.W.O.L. (2009 Digital Remaster),7016.0,Interlude 5,10.091550000000014,I'm A Winner (Amended Album Version),8.707784374999983,I Want You,8.426173437499976,G Up,0.8027120628514688,Club Megamix,0.7988456432230557,Hook,0.7916165377099591,G Up,0.8100800277820065,Club Megamix,0.8097786208426687,Hook,0.8019385595698869
6,TRFGGSX128F427A723,SOIBZAN12D02191BAF,ARS8GNX1187B9B5141,The Black Keys,Oceans and Streams,blues,Interlude 5,2328.0,B-Boy Bouillabaisse: A.W.O.L. (2009 Digital Remaster),2215.0,8 Mile,1918.0,Interlude 5,2.6109999999999984,B-Boy Bouillabaisse: A.W.O.L. (2009 Digital Remaster),2.5187031250000014,8 Mile,2.2087968749999995,Runaway,0.703824987969548,The Car Song,0.6949109189982319,I Don't Have Time To Stand Here With You Fighting About The Size Of My Dick,0.6864159482424174,Runaway,0.7156599537949512,The Car Song,0.7093541132995728,I Don't Have Time To Stand Here With You Fighting About The Size Of My Dick,0.7006955849653108
7,TRPTCMZ128F9340B09,SOLKOOO12AB018794A,ARS8GNX1187B9B5141,The Black Keys,10 A.M. Automatic,blues,Interlude 5,1913.0,I'm A Winner (Amended Album Version),1790.0,Man In The Mirror,1585.0,Interlude 5,2.1888499999999995,I'm A Winner (Amended Album Version),2.105225000000002,Man In The Mirror,1.807725000000003,Bad Tattoo,0.6446113692397293,Dimples,0.6116015460079236,Only You,0.6044967567223934,Bad Tattoo,0.6552596777324119,Dimples,0.6187185674368255,Only You,0.6164341452711488
8,TRVKLGW12903CB4523,SOZCSPA12AB0185672,ARS8GNX1187B9B5141,The Black Keys,Aeroplane Blues,blues,Interlude 5,1486.0,B-Boy Bouillabaisse: A.W.O.L. (2009 Digital Remaster),1480.0,I Mean (I Don't Mean It),1471.0,I Mean (I Don't Mean It),1.7725562500000054,B-Boy Bouillabaisse: A.W.O.L. (2009 Digital Remaster),1.7192062499999985,I Wanna Know,1.7113250000000066,I Don't Know Where I'm Bound,0.7786412276587289,I Am Not A Whore,0.7519388605715477,16,0.7472018993356718,I Don't Know Where I'm Bound,0.7834660807446496,I Am Not A Whore,0.7553117160686514,16,0.7532525144739896
9,TRFBNZN128F9340B0E,SONGYFE12AB018562D,ARS8GNX1187B9B5141,The Black Keys,All Hands Against His Own,blues,Interlude 5,2681.0,I'm A Winner (Amended Album Version),1936.0,Man In The Mirror,1542.0,Interlude 5,2.9533499999999986,I'm A Winner (Amended Album Version),2.159959375000001,My Darling,1.6401984375000007,Give Me You,0.4733953967025422,The Stranger Song,0.47191782769568896,New Project,0.470474472286763,The Stranger Song,0.4971205446381256,Give Me You,0.4888152706435525,New Project,0.4878990560684231
10,TRBYDKJ12903CA9D33,SOTXSMC12AB0182217,ARS8GNX1187B9B5141,The Black Keys,Black Door,blues,I Wanna Know,1868.0,Interlude 5,1536.0,Everytime I...,1227.0,I Wanna Know,2.2830062500000023,Interlude 5,1.7842999999999973,Everytime I...,1.4922656249999917,I Wanna Know,0.8412829926310673,Genius,0.7249993384308547,I Want That,0.6876158558692317,I Wanna Know,0.8441646524652541,Genius,0.7291485984915439,I Want That,0.6922102848214412
11,TRWJKJK128F9338FEF,SOIFDQD12AB01822F5,ARS8GNX1187B9B5141,The Black Keys,Busted,blues,Interlude 5,8737.0,I'm A Winner (Amended Album Version),8094.0,I Want You,6661.0,Interlude 5,10.159949999999998,I'm A Winner (Amended Album Version),9.619965624999997,I Want You,8.046451562499984,Sunshine,0.7536221354329571,1-2 Crush On You,0.7443815803404372,Rescue Me,0.7314517269101137,Sunshine,0.7627562450752137,1-2 Crush On You,0.7517032510777701,Rescue Me,0.7407423330399565
12,TRUULBP12903CA9D23,SORMOIW12AB01887F0,ARS8GNX1187B9B5141,The Black Keys,Give Your Heart Away,blues,Interlude 5,1215.0,Man In The Mirror,1196.0,B-Boy Bouillabaisse: A.W.O.L. (2009 Digital Remaster),1055.0,Man In The Mirror,1.3273906250000025,Interlude 5,1.3232500000000005,I'm A Winner (Amended Album Version),1.1684843749999987,Heart In The Right Place,0.5441008891197913,Endless love,0.5403284263397526,Share My World,0.5322735785615332,Heart In The Right Place,0.5617462530236114,Endless love,0.5577415118492398,Share My World,0.5532563735196885
13,TRYYJHJ128F9340B19,SOKGVJH12A58A77920,ARS8GNX1187B9B5141,The Black Keys,Grown So Ugly,blues,Interlude 5,1853.0,B-Boy Bouillabaisse: A.W.O.L. (2009 Digital Remaster),1496.0,My Darling,1283.0,Interlude 5,2.1069499999999985,B-Boy Bouillabaisse: A.W.O.L. (2009 Digital Remaster),1.6949671874999972,My Darling,1.4756390625000002,32 20 Blues,0.6710883643746631,Kindhearted Woman Blues,0.6515867411708326,The Dust Of A Town,0.651058363458038,32 20 Blues,0.6855150363674519,The Dust Of A Town,0.6679150172978023,My Phone,0.6672072895572354
14,TRHHJCL12903CB44B7,SOFRWHG12A58A7DF46,ARS8GNX1187B9B5141,The Black Keys,Hard Row,blues,Interlude 5,2371.0,I'm A Winner (Amended Album Version),2137.0,Man In The Mirror,1713.0,Interlude 5,2.71305,I'm A Winner (Amended Album Version),2.507409375000002,Man In The Mirror,1.9263156250000026,Othello,0.6117260740013392,All You Ever Knew,0.6078508917863538,Skynet,0.6011325136942266,Othello,0.6276589313861644,All You Ever Knew,0.621784412849926,Skynet,0.6164340419701512
15,TRWZXDS128F427A71B,SOAJJDS12A8C13A3FB,ARS8GNX1187B9B5141,The Black Keys,I Got Mine,blues,Everytime I...,2429.0,8 Mile,2295.0,I Want You,2292.0,Everytime I...,2.9687500000000004,I Want You,2.7838499999999966,8 Mile,2.7293999999999965,Ain't Nobody,0.6978075195678669,I staden växer inga blommor,0.6900789820755567,I Got Rhythm,0.6830195837462248,Ain't Nobody,0.7023112300132486,I staden växer inga blommor,0.6898684822115774,I Got Rhythm,0.6884824576413187
16,TRZDLWE12903CB44DE,SOURIRH12A58A7B408,ARS8GNX1187B9B5141,The Black Keys,If You See Me,blues,I'm A Winner (Amended Album Version),2415.0,Interlude 5,2268.0,I Want You,2044.0,I'm A Winner (Amended Album Version),2.8879781249999983,Interlude 5,2.6348999999999996,I Want You,2.481457812499997,Smooth & Sweet,0.7373697365172481,Plastic Halo,0.7349057529957588,Only When ur Lonely,0.7277855959236345,Smooth & Sweet,0.7445770452629388,Plastic Halo,0.7422477473632884,Only When ur Lonely,0.7358409409036905
17,TRNZQVO128F427A71E,SOIQUSV12A8C13A402,ARS8GNX1187B9B5141,The Black Keys,Lies,blues,Interlude 5,1825.0,B-Boy Bouillabaisse: A.W.O.L. (2009 Digital Remaster),1532.0,I'm A Winner (Amended Album Version),1506.0,Interlude 5,2.0121499999999988,I'm A Winner (Amended Album Version),1.7066343750000001,B-Boy Bouillabaisse: A.W.O.L. (2009 Digital Remaster),1.6899578124999954,I've Always Been A Coward Baby,0.6242314817702757,Lügen Und Das Ich,0.6200440763937284,Lies  (LP Version),0.6084335483863229,I've Always Been A Coward Baby,0.6401766373602283,Lügen Und Das Ich,0.6287694619975158,Lies  (LP Version),0.6225176217771732
18,TRAECHJ12903CC36DA,SOCQQSU12AB0185BF4,ARS8GNX1187B9B5141,The Black Keys,Next Girl,blues,B-Boy Bouillabaisse: A.W.O.L. (2009 Digital Remaster),2459.0,The Girls,2248.0,8 Mile,2121.0,B-Boy Bouillabaisse: A.W.O.L. (2009 Digital Remaster),2.7602296875000008,The Girls,2.702012500000012,8 Mile,2.414645312499998,I Want My Girl,0.7258311267502844,Be My Girl,0.6669760036417919,My Little Girl,0.6612700940139911,I Want My Girl,0.7358411173733655,Be My Girl,0.6751375721634584,My Little Girl,0.6748369848356612
19,TRRVSIN128F9338FD5,SOSICNK12AB01876BB,ARS8GNX1187B9B5141,The Black Keys,No Fun,blues,Miss You,1584.0,Breakaway,1418.0,Kozmic Blues,1222.0,Miss You,1.9072656249999937,Breakaway,1.7282468750000035,Kozmic Blues,1.4527750000000017,No Fun (Remasterd LP Version),0.8684616207768383,No No No,0.5649271907256469,La Estación,0.5337115544310275,No Fun (Remasterd LP Version),0.8699962032182403,No No No,0.5712988047253571,La Estación,0.5381112296108773
20,TRYMMVG128F9340B1B,SOHKBXW12AB0185660,ARS8GNX1187B9B5141,The Black Keys,Stack Shot Billy,blues,Interlude 5,655.0,B-Boy Bouillabaisse: A.W.O.L. (2009 Digital Remaster),542.0,Otha Fish,529.0,Interlude 5,0.6462500000000009,Otha Fish,0.571601562500001,B-Boy Bouillabaisse: A.W.O.L. (2009 Digital Remaster),0.5332421875000013,Who Shot Sam,0.4701107987034358,Unintended Long Term Effects,0.44545317329925066,Trudy And Dave,0.4317869468770393,Who Shot Sam,0.48924194357973777,Unintended Long Term Effects,0.4641938517020844,Trudy And Dave,0.4567400573695089
21,TRKSEEY12903CCD312,SOTEPSZ12AB018C99D,ARS8GNX1187B9B5141,The Black Keys,Ten Cent Pistol,blues,Queen Of Hollywood ( LP Version ),902.0,She Ain't Afraid,889.0,Interlude 5,799.0,Queen Of Hollywood ( LP Version ),1.0378781250000018,She Ain't Afraid,0.9519015625000001,B-Boy Bouillabaisse: A.W.O.L. (2009 Digital Remaster),0.7598609374999996,Diamond Smiles,0.5364552169732046,Queen Of Hollywood ( LP Version ),0.5226359783709548,Right About Now,0.48820273297993055,Diamond Smiles,0.5586788128389328,Queen Of Hollywood ( LP Version ),0.5431163452312806,Right About Now,0.5124992210182767
22,TRFOGQC12903CA9D2E,SOTDIMP12AB01821E8,ARS8GNX1187B9B5141,The Black Keys,The Flame,blues,Interlude 5,2219.0,I'm A Winner (Amended Album Version),1494.0,My Darling,1236.0,Interlude 5,2.5552500000000005,I'm A Winner (Amended Album Version),1.7247031249999996,Hold Me Down (Album Version),1.4300156250000007,Knew It All Along (Acoustic),0.6133117060829772,Sex Packets (LP Version),0.6126989488661176,Interlude 5,0.6102791149807213,Sex Packets (LP Version),0.6299231171848717,Interlude 5,0.6291489352766583,Knew It All Along (Acoustic),0.6268797913336144
23,TREVCQU12903CCD318,SOGECRB12AB018C9AB,ARS8GNX1187B9B5141,The Black Keys,These Days,blues,Interlude 5,2558.0,B-Boy Bouillabaisse: A.W.O.L. (2009 Digital Remaster),2148.0,I Want You,1884.0,Interlude 5,2.8455999999999992,B-Boy Bouillabaisse: A.W.O.L. (2009 Digital Remaster),2.3907140624999994,I Want You,2.2256671875000054,These Days,0.6577582435087541,The Sense,0.6141180233274958,These Days,0.6016157124684538,These Days,0.670605161857436,The Sense,0.6307612191887608,These Days,0.6219959378222331
24,TRFLJNE12903CB44F1,SOBJBEU12AF729D526,ARS8GNX1187B9B5141,The Black Keys,When The Lights Go Out,blues,Interlude 5,2209.0,I'm A Winner (Amended Album Version),1781.0,I Want You,1457.0,Interlude 5,2.494449999999999,I'm A Winner (Amended Album Version),2.0518875000000008,I Want You,1.723193750000002,Do You Know?,0.565262225957534,Down And Dirty,0.5648937104498977,Superman Tonight,0.5602434622845053,Down And Dirty,0.5795693115308373,Do You Know?,0.5781506783083159,Superman Tonight,0.5774632974445119
25,TRQNNKX12903CB44CA,SOCULJG12A8AE4714D,ARS8GNX1187B9B5141,The Black Keys,Have Love Will Travel,blues,I Want You,2215.0,Interlude 5,2205.0,I'm A Winner (Amended Album Version),2108.0,I Want You,2.6444890625000075,Interlude 5,2.4181499999999994,I'm A Winner (Amended Album Version),2.4140406250000024,Somewhere In Time,0.6597663237313405,My Forfeit,0.6182797427861539,I Feel Love,0.6164859183592444,Somewhere In Time,0.6698115401794407,My Forfeit,0.6271956421817664,Baby,0.6264826776685397
26,TRKNKGC128F42A746A,SOUZEJD12D021B5336,AR20CFC1187B98A25D,Ray Charles,C.C. Rider,blues,Interlude 5,7547.0,I'm A Winner (Amended Album Version),6158.0,My Darling,5473.0,Interlude 5,8.718449999999999,I'm A Winner (Amended Album Version),7.230028124999999,I Want You,6.409607812499993,Angelina,0.7030176047073917,Can't You See,0.6977799812633991,Down And Dirty,0.6937393530547796,Angelina,0.713714348878679,Can't You See,0.7060401258180394,Down And Dirty,0.7038096574177413
27,TRWEHQE128F935A2D6,SOKQSDH12AB0188B1A,AR20CFC1187B98A25D,Ray Charles,I Got a Woman,blues,B-Boy Bouillabaisse: A.W.O.L. (2009 Digital Remaster),2251.0,Interlude 5,2160.0,She Ain't Afraid,2066.0,B-Boy Bouillabaisse: A.W.O.L. (2009 Digital Remaster),2.452143750000002,She Ain't Afraid,2.330756250000002,8 Mile,2.279606249999999,Passin' Me By,0.6087311125223496,Haywire,0.6038000443257087,Empress,0.6030790764798384,Passin' Me By,0.6271014613120457,Empress,0.6211101328495388,Haywire,0.6205870537019557
28,TRPMJOK128F92F317A,SOQWJXH12AAF3B5B0F,AR20CFC1187B98A25D,Ray Charles,The Sun's Gonna Shine Again,blues,Interlude 5,2103.0,B-Boy Bouillabaisse: A.W.O.L. (2009 Digital Remaster),1440.0,I'm A Winner (Amended Album Version),1435.0,Interlude 5,2.3803500000000013,I'm A Winner (Amended Album Version),1.631412500000002,I Want You,1.5974562500000022,Devil Got My Woman,0.552626063150677,The Way You Treated Me (You're Gonna Be Sorry),0.5434697373049154,Interlude 1,0.5295659750403502,Devil Got My Woman,0.5696912691762414,The Way You Treated Me (You're Gonna Be Sorry),0.5577570277273353,Interlude 1,0.5491798622456296
29,TRGXECP12903CDDC43,SOCLEEQ12D021B23E0,AR20CFC1187B98A25D,Ray Charles,Losing Hand,blues,Interlude 5,3227.0,I'm A Winner (Amended Album Version),2963.0,I Want You,2841.0,Interlude 5,3.7393499999999995,I'm A Winner (Amended Album Version),3.511350000000007,I Want You,3.443050000000004,Heroine,0.7490418712182741,Lollipop,0.7480762379464801,Baby,0.7397508372346332,Lollipop,0.7561962839199741,Heroine,0.756067027843703,Baby,0.747349575969435
30,TREQYGT128E07859FA,SOZOJBP12A6701E425,ARV9LSS1187B98C471,Blake Shelton,Nobody But Me (Album Version),blues,Interlude 5,4601.0,I'm A Winner (Amended Album Version),3701.0,I Want You,3608.0,Interlude 5,5.2429499999999996,I Want You,4.323185937499996,I'm A Winner (Amended Album Version),4.2940593750000025,I Ain't Never,0.7001392651379786,Love Don't Love You (LP Version),0.6915751644784762,Let's Go,0.6873740898651609,I Ain't Never,0.7093228630758824,Love Don't Love You (LP Version),0.700632809590511,Let's Go,0.6958892324018713
31,TROFEVE12903CD8AAA,SONQLUB12D02199FCD,AR66H0N1187B9AE91E,Etta James,A Sunday Kind of Love,blues,Interlude 5,2268.0,B-Boy Bouillabaisse: A.W.O.L. (2009 Digital Remaster),2092.0,8 Mile,1772.0,Interlude 5,2.513000000000004,B-Boy Bouillabaisse: A.W.O.L. (2009 Digital Remaster),2.3457187499999987,8 Mile,2.0117812499999976,And Roses And Roses,0.6387857487434727,Fearless Love,0.624345821269852,Fistful Of Diamonds,0.6204365192080374,And Roses And Roses,0.6520805604100922,Fearless Love,0.6374657574594913,Fistful Of Diamonds,0.6311391808738567
32,TRCFPJF128F428A872,SOKCCML12D021B0FC6,AR66H0N1187B9AE91E,Etta James,I Just Want To Make Love To You,blues,Interlude 5,7889.0,I'm A Winner (Amended Album Version),7104.0,I Want You,6291.0,Interlude 5,9.362150000000003,I'm A Winner (Amended Album Version),8.553821874999985,I Want You,7.680317187499992,I Just Want To Make Love To You,0.8572527623051486,Love Struck,0.8294796744438512,Want You_ Miss You_ Love You,0.7970538844156012,I Just Want To Make Love To You,0.8602212578815764,Love Struck,0.8335277879280489,Want You_ Miss You_ Love You,0.8014557433217919
33,TRBFTHL128C7196B42,SODJRCC12D02192374,AR66H0N1187B9AE91E,Etta James,My Dearest Darling,blues,Interlude 5,1609.0,I'm A Winner (Amended Album Version),1603.0,My Darling,1567.0,I'm A Winner (Amended Album Version),1.8774874999999982,My Darling,1.8404937499999996,Interlude 5,1.8180499999999995,Endless love,0.6989731103223097,Snowflakes,0.6900703783444886,Breakin' My Heart (Pretty Brown Eyes),0.6869805448877149,Endless love,0.7090147186016058,Snowflakes,0.7016972764662263,Breakin' My Heart (Pretty Brown Eyes),0.6981418553632347
34,TRFEGGQ128E07898AA,SOMPSXS12D021B12D7,AR66H0N1187B9AE91E,Etta James,W.O.M.A.N.,blues,Interlude 5,2237.0,Cut And Run,1879.0,I'm A Winner (Amended Album Version),1744.0,Interlude 5,2.515649999999998,Cut And Run,2.2835562499999975,I'm A Winner (Amended Album Version),1.9966187499999988,Perfect Stranger,0.7352704095327459,Givin' Up (Clean Version),0.7313282315519756,Shimmy_ Shimmy_ Ko-Ko-Bop (Single Version),0.725829735335858,Perfect Stranger,0.7408304133687239,Givin' Up (Clean Version),0.7350005406724144,Shimmy_ Shimmy_ Ko-Ko-Bop (Single Version),0.7317444599241864
35,TRDDDDX128E0793212,SOIOOIR12A58A7EBB8,ARLAUED1187B9ACEAF,Eric Clapton,Alberta,blues,Interlude 5,1647.0,I'm A Winner (Amended Album Version),1532.0,My Darling,1249.0,Interlude 5,1.8701500000000002,I'm A Winner (Amended Album Version),1.7917437500000002,My Darling,1.4458093750000003,Lovely To See You,0.6170007710107535,Down And Dirty,0.6132646651337105,Theme From Mahagony (Do You Know Where You're Going To),0.6086252255072351,Lovely To See You,0.626346080342961,Down And Dirty,0.623717588308047,Theme From Mahagony (Do You Know Where You're Going To),0.6182644199064222
36,TRWBAGY128F93034BF,SOXIVQT12AB0181061,ARLAUED1187B9ACEAF,Eric Clapton,Before You Accuse Me (Take A Look At Yourself),blues,Interlude 5,1431.0,My Darling,1312.0,B-Boy Bouillabaisse: A.W.O.L. (2009 Digital Remaster),1285.0,Interlude 5,1.5679499999999984,My Darling,1.5048500000000025,I'm A Winner (Amended Album Version),1.4544499999999965,Before You Accuse Me,0.8800229295853705,Preacher On A Sunday Morning,0.6131911839346919,You Had Me (Live),0.6047578537285763,Before You Accuse Me,0.885745926261553,Preacher On A Sunday Morning,0.6330220103140114,You Had Me (Live),0.6217482026427427
37,TRLWIBC128E0792E2C,SORMUAO12A6D4F9262,ARLAUED1187B9ACEAF,Eric Clapton,Early In The Morning,blues,Interlude 5,2719.0,B-Boy Bouillabaisse: A.W.O.L. (2009 Digital Remaster),2110.0,Hold Me Down (Album Version),1773.0,Interlude 5,3.0353500000000047,B-Boy Bouillabaisse: A.W.O.L. (2009 Digital Remaster),2.3335968749999942,Hold Me Down (Album Version),2.0478812500000054,Broken Buildings,0.5768927835311591,Me And The Devil,0.5755248582468123,The Moor,0.5619421027428303,Me And The Devil,0.5968675616148561,Broken Buildings,0.5930414797492458,The Moor,0.5812763812852317
38,TRAZQIG128F146372E,SOFZYKR12A6D4F72A5,ARLAUED1187B9ACEAF,Eric Clapton,Floating Bridge,blues,Interlude 5,2423.0,B-Boy Bouillabaisse: A.W.O.L. (2009 Digital Remaster),2285.0,8 Mile,1863.0,Interlude 5,2.66765,B-Boy Bouillabaisse: A.W.O.L. (2009 Digital Remaster),2.554270312499999,8 Mile,2.1008546874999987,Hurt Me Soul (Explicit Album Version),0.6499208281616761,About Cell Block #9,0.6376201798270444,Feel Me,0.6374150792990851,Hurt Me Soul (Explicit Album Version),0.6664681902367555,Feel Me,0.656911610446021,About Cell Block #9,0.653763644614063
39,TRQUJCP128F4238206,SOICNJH12A81C22263,ARLAUED1187B9ACEAF,Eric Clapton,Kind Hearted Woman Blues (Album Version),blues,Interlude 5,1804.0,B-Boy Bouillabaisse: A.W.O.L. (2009 Digital Remaster),1711.0,I'm A Winner (Amended Album Version),1577.0,Interlude 5,2.001999999999997,B-Boy Bouillabaisse: A.W.O.L. (2009 Digital Remaster),1.9271718750000022,I Want You,1.848265625000006,Kindhearted Woman Blues,0.9459268741555747,Breakin Me,0.6862688998070384,Black Magic Woman,0.6838707621408097,Kindhearted Woman Blues,0.9482073883144873,Breakin Me,0.7003492917357614,Club Megamix,0.6961442495270542
40,TRIDJMD128E078B984,SOWGAGY12A6701F305,ARN0YZ71187B9BA57B,Michael Bublé,That's All (Album Version),classical,Interlude 5,4289.0,I'm A Winner (Amended Album Version),2974.0,Man In The Mirror,2837.0,Interlude 5,5.025449999999999,I'm A Winner (Amended Album Version),3.4980437500000026,Man In The Mirror,3.258356249999998,Fascination (Album Version),0.7790582980879698,One Man Drinking Games,0.7268641223324006,All My Love,0.7260595305313376,Fascination (Album Version),0.7865780716762889,One Man Drinking Games,0.7373932721322488,All My Love,0.7342440698752284
41,TRYRCXF128F424183D,SOWXYFO12A8AE46AD3,ARGVJPK1187B9909EA,Josh Groban,America (Revised Live Version),classical,Interlude 5,2325.0,B-Boy Bouillabaisse: A.W.O.L. (2009 Digital Remaster),2240.0,8 Mile,1876.0,Interlude 5,2.607249999999999,B-Boy Bouillabaisse: A.W.O.L. (2009 Digital Remaster),2.5499531250000005,8 Mile,2.156296874999999,America,0.9944536467064781,All For One (Explicit) (2006 Remastered LP Version),0.7371923298814068,The Irony Of It All (Album Version),0.7230060150130502,America,0.9947246396459665,All For One (Explicit) (2006 Remastered LP Version),0.7508391938954497,The Irony Of It All (Album Version),0.7387241738395302
42,TRDQLTF128E0787809,SODUTDM12A67020476,ARGVJPK1187B9909EA,Josh Groban,Broken Vow (Album Version),classical,Interlude 5,4866.0,I'm A Winner (Amended Album Version),4115.0,I Want You,3892.0,Interlude 5,5.659300000000001,I'm A Winner (Amended Album Version),4.8671749999999925,I Want You,4.7094625000000185,Broken Vow,0.9990835607231936,Overcome,0.8109955569163267,Everytime I...,0.7977621163644573,Broken Vow,0.9991177766257915,Overcome,0.8176179338967285,Mama,0.8027262142956695
43,TRUAAEQ128F423C52D,SOGDUMI12A8AE45417,ARGVJPK1187B9909EA,Josh Groban,Gira Con Me Questa Notte (Album Version),classical,Move On,1407.0,Horse With No Name,1321.0,Istruzioni Per L'(Ill)uso,1148.0,Move On,1.7031515625000013,Horse With No Name,1.6012250000000006,Istruzioni Per L'(Ill)uso,1.4025109375000033,Istruzioni Per L'(Ill)uso,0.7512308791639801,Roma Sogna,0.7386685807760828,Nord,0.7384056412490718,Istruzioni Per L'(Ill)uso,0.75529830179037,Roma Sogna,0.7421281052485834,Nord,0.7413877951825896
44,TRYGDNA128E078780C,SOWLNSE12A67020479,ARGVJPK1187B9909EA,Josh Groban,Hymne A L'Amour (Album Version),classical,Yakamonéyé,923.0,L'Amour Du Risque,917.0,Panam All Star,906.0,Yakamonéyé,1.103387500000002,L'Amour Du Risque,1.0995000000000017,Panam All Star,1.070449999999999,L'Homme De La Situation,0.7661508738614391,Tomber Le Masque,0.7434953961936303,A Tes Côtés,0.7109584331368686,L'Homme De La Situation,0.7702577482588894,Tomber Le Masque,0.7484485448986042,A Tes Côtés,0.7160180143380986
45,TRDFTPP128F427550C,SOWOPHG12A8C13DB44,ARGVJPK1187B9909EA,Josh Groban,It Came Upon A Midnight Clear (Album Version),classical,Weak Become Heroes,1169.0,Sing,949.0,Sing A Song,862.0,Weak Become Heroes,1.3568515624999988,Sing,1.1557031250000003,Sing A Song,1.0453359374999973,Sing,0.5430517263162132,Sing It,0.44851043563519016,Israel,0.39742930485657013,Sing,0.5495001711304566,Sing It,0.45772139224764413,Israel,0.40971024655971094
46,TRRBWRX128F423C535,SOBFGZA12A8AE4542A,ARGVJPK1187B9909EA,Josh Groban,Let Me Fall (From Cirque du Soleil) (Album Version),classical,Interlude 5,2200.0,8 Mile,2187.0,B-Boy Bouillabaisse: A.W.O.L. (2009 Digital Remaster),2172.0,8 Mile,2.537789062499998,Everytime I...,2.5300781250000037,B-Boy Bouillabaisse: A.W.O.L. (2009 Digital Remaster),2.4553359374999992,Let Me Out,0.6617910751137918,Come Take Me Over,0.6458772537454096,Let The Chips Fall,0.6395527112980572,Let Me Out,0.6734951718494046,Come Take Me Over,0.6575239358312595,Let The Chips Fall,0.6524274900988363
47,TRJSTLV128F4241832,SOHCDYF12A58A7C604,ARGVJPK1187B9909EA,Josh Groban,Mi Mancherai (Il Postino) (Revised Live Version),classical,Luv Me Up,663.0,Sinan Capudan Pascià,500.0,Te Ando Buscando,478.0,Luv Me Up,0.776387499999997,Sinan Capudan Pascià,0.6047187499999976,Te Ando Buscando,0.5738078125000011,Adagio,0.7096432856876043,Musica,0.6900844975768087,Il Pugile Sentimentale ( Live ),0.671189096562739,Adagio,0.7146649400837465,Musica,0.6953392321425388,Il Pugile Sentimentale ( Live ),0.6764594891773381
48,TRBRHPE128E0787803,SOJCMKN12A67020471,ARGVJPK1187B9909EA,Josh Groban,My Confession (Album Version),classical,B-Boy Bouillabaisse: A.W.O.L. (2009 Digital Remaster),3830.0,8 Mile,3532.0,Interlude 5,3498.0,B-Boy Bouillabaisse: A.W.O.L. (2009 Digital Remaster),4.433587499999994,Everytime I...,4.161874999999989,8 Mile,4.147912499999994,I Understand,0.7829224960131936,Book Of Life,0.7592618832784527,Don't Change Your Plans,0.7591900611297343,I Understand,0.7893759960732115,Book Of Life,0.7679380626950867,Don't Change Your Plans,0.7678209252492962
49,TRLJSTZ128F4241831,SOTEXNI12A8AE46AAE,ARGVJPK1187B9909EA,Josh Groban,Oceano (Revised Live Version),classical,Quelli Che,765.0,Sinan Capudan Pascià,631.0,Istruzioni Per L'(Ill)uso,587.0,Quelli Che,0.9359468749999987,Sinan Capudan Pascià,0.7636562499999974,Istruzioni Per L'(Ill)uso,0.706489062499996,Niente Per Scontato,0.8169154145436078,Mamma,0.793483584667806,Bellamore,0.7560820803505015,Niente Per Scontato,0.8193238354908697,Mamma,0.7964779230746887,Bellamore,0.7583766446398089
50,TRGURIJ128E078780B,SORUSFO12A67020478,ARGVJPK1187B9909EA,Josh Groban,Remember When It Rained (Album Version),classical,Interlude 5,1644.0,Man In The Mirror,1486.0,B-Boy Bouillabaisse: A.W.O.L. (2009 Digital Remaster),1450.0,Interlude 5,1.788199999999998,Man In The Mirror,1.6287625000000003,B-Boy Bouillabaisse: A.W.O.L. (2009 Digital Remaster),1.5893812499999984,Remember When It Rained (Revised Live Version),0.9999999999999913,The Day I Lost My Voice (The Suitcase Song),0.534876631331535,I Can't Function,0.4813176335877616,Remember When It Rained (Revised Live Version),1.0000000000000002,The Day I Lost My Voice (The Suitcase Song),0.5532172062804781,I Can't Function,0.5002960267694229
51,TRYKKOX128F4241839,SOEIAOV12A8AE46AC4,ARGVJPK1187B9909EA,Josh Groban,Remember When It Rained (Revised Live Version),classical,Interlude 5,1644.0,Man In The Mirror,1486.0,B-Boy Bouillabaisse: A.W.O.L. (2009 Digital Remaster),1450.0,Interlude 5,1.788199999999998,Man In The Mirror,1.6287625000000003,B-Boy Bouillabaisse: A.W.O.L. (2009 Digital Remaster),1.5893812499999984,Remember When It Rained (Album Version),0.9999999999999913,The Day I Lost My Voice (The Suitcase Song),0.534876631331535,I Can't Function,0.4813176335877616,Remember When It Rained (Album Version),1.0000000000000002,The Day I Lost My Voice (The Suitcase Song),0.5532172062804781,I Can't Function,0.5002960267694229
52,TRUVBEG128F92F0B48,SORJUAX12AB017CB28,ARGVJPK1187B9909EA,Josh Groban,Smile,classical,Interlude 5,2716.0,I'm A Winner (Amended Album Version),2258.0,Man In The Mirror,1797.0,Interlude 5,3.0684000000000013,I'm A Winner (Amended Album Version),2.6090562500000005,Spitfall,2.0829125000000013,Learn To Fly,0.6785633382915318,Spitfall,0.6521045244466204,Jack_ You're Dead!,0.6304020480052973,Learn To Fly,0.6907654148388254,Spitfall,0.6683181023375242,Jack_ You're Dead!,0.6437249161036644
53,TRJBNZG128EF35A1AA,SOMYGPN12A6D4F7E28,ARGVJPK1187B9909EA,Josh Groban,Solo Por Ti (Album Version),classical,Move On,1405.0,Horse With No Name,1331.0,Dale tiempo al rumor,798.0,Move On,1.7095984375000037,Horse With No Name,1.6217749999999953,Dale tiempo al rumor,0.9396703125000017,Solo Por Bailar,0.6296382700753193,League Chicanos,0.6250653123544234,De Camino a la Vereda,0.6156361000329554,Solo Por Bailar,0.6368036318282508,League Chicanos,0.6311773477025603,De Camino a la Vereda,0.6214542589736745
54,TRPJAPP128EF35A1AC,SOAGVMD12A6D4F7E2A,ARGVJPK1187B9909EA,Josh Groban,Un Giorno Per Noi (Album Version),classical,Otha Fish,378.0,Move On,373.0,Sinan Capudan Pascià,368.0,Sinan Capudan Pascià,0.44796875000000314,Move On,0.4438828124999983,Otha Fish,0.430664062499999,Oggi,0.717734684943876,Sana E Robusta,0.6646155564629691,L'Attesa,0.6516753202104459,Oggi,0.72109294214476,Sana E Robusta,0.6687940083445564,L'Attesa,0.6560733875680482
55,TRUDTXB128F423C537,SOGQZMP12A8AE4542F,ARGVJPK1187B9909EA,Josh Groban,Vincent (Starry_ Starry Night) (Album Version),classical,Interlude 5,4657.0,B-Boy Bouillabaisse: A.W.O.L. (2009 Digital Remaster),2949.0,My Darling,2831.0,Interlude 5,5.345149999999994,B-Boy Bouillabaisse: A.W.O.L. (2009 Digital Remaster),3.288098437500002,My Darling,3.2473328124999954,Colony,0.6681568837212657,Nausea,0.662171160131957,Interlude 5,0.6588950984078992,Colony,0.6861895412846089,Interlude 5,0.6777439830339153,Nausea,0.6775570930475653
56,TRMVVDP128E0787806,SOTQRPK12A67020473,ARGVJPK1187B9909EA,Josh Groban,When You Say You Love Me (Album Version),classical,Interlude 5,7162.0,I'm A Winner (Amended Album Version),6206.0,I Want You,4726.0,Interlude 5,8.377500000000015,I'm A Winner (Amended Album Version),7.381718750000012,I Want You,5.6961718750000125,North Dakota,0.7949397208293707,Go On Ahead,0.791555622933007,Hurts The Most,0.7883585346125478,North Dakota,0.80153950644782,Go On Ahead,0.7994179058074643,Hurts The Most,0.7970711675926523
57,TRIEQWR128E078780D,SOULFRO12A6702047A,ARGVJPK1187B9909EA,Josh Groban,You Raise Me Up (Album Version),classical,Interlude 5,4545.0,I'm A Winner (Amended Album Version),4530.0,B-Boy Bouillabaisse: A.W.O.L. (2009 Digital Remaster),3980.0,I'm A Winner (Amended Album Version),5.378409374999995,Interlude 5,5.246549999999998,B-Boy Bouillabaisse: A.W.O.L. (2009 Digital Remaster),4.6114703125000025,You Raise Me Up,0.9949111152533231,All Around Me,0.7043813639732505,Therapy,0.6975033815037822,You Raise Me Up,0.9950341894694665,All Around Me,0.7121688843972471,Therapy,0.7066703124759901
58,TRBEYYM128F1493C56,SOKMZQL12A58A76B19,ARGVJPK1187B9909EA,Josh Groban,Believe (Album Version),classical,Interlude 5,2718.0,I'm A Winner (Amended Album Version),2074.0,Man In The Mirror,1737.0,Interlude 5,3.034100000000001,I'm A Winner (Amended Album Version),2.3550062500000006,Move (If You Wanna),1.9272593749999978,Phoenix From The Fire,0.6117977647093786,Alfie,0.6045658836197512,Spitfall,0.5789936782914011,Phoenix From The Fire,0.626074851774407,Alfie,0.6253044259172873,Spitfall,0.6002286115458932
59,TRPITXR128F427FA1B,SOEEMLZ12A8C136C5C,ARH861H1187B9B799E,Johnny Cash,Away In A Manger,classical,Interlude 5,824.0,B-Boy Bouillabaisse: A.W.O.L. (2009 Digital Remaster),787.0,8 Mile,604.0,Interlude 5,0.8368000000000009,B-Boy Bouillabaisse: A.W.O.L. (2009 Digital Remaster),0.8221812500000003,8 Mile,0.6330687500000001,Away In A Manger,0.9851946117751805,Daddy Sang Bass,0.4717626823815578,Raio No Terrasu (Jesus Wept),0.4613590640693604,Away In A Manger,0.9859194045679841,Daddy Sang Bass,0.49876140383270867,Matty Groves,0.47960640532661186
60,TRGFMUJ128F423C52F,SOKABLD12D021991AC,ARGVJPK1187B9909EA,Josh Groban,Cinema Paradiso (Se) (Album Version),classical,Istruzioni Per L'(Ill)uso,311.0,Sinan Capudan Pascià,305.0,Quelli Che,305.0,Istruzioni Per L'(Ill)uso,0.3756796875000004,Quelli Che,0.37151562499999935,Sinan Capudan Pascià,0.3692187500000015,La Promesa,0.7919585206062538,Se Tu Non Sei Lei,0.7275411124303072,Oggi,0.6879236235056071,La Promesa,0.7954084308108675,Se Tu Non Sei Lei,0.7318229110975953,Oggi,0.693043075881872
61,TRGVTSO12903CABC19,SOPPSEF12AB018ADD4,ARFM3UU1187B994C88,David Crowder*Band,All Around Me,classical,Interlude 5,5833.0,I'm A Winner (Amended Album Version),5385.0,B-Boy Bouillabaisse: A.W.O.L. (2009 Digital Remaster),5004.0,Interlude 5,6.801350000000005,I'm A Winner (Amended Album Version),6.411084374999989,I Want You,5.918698437500002,Asleep,0.8567074364279983,Bitch,0.8038748392853713,Kraken,0.7992850251281435,Asleep,0.8592162924345821,Bitch,0.8086388634157978,Kraken,0.8051199261958836
62,TRJGMSL128F4230A6C,SOWYWPP12A81C20850,ARPBTRI1187FB52457,The Game,Black Opera,classical,Interlude 5,15262.0,I'm A Winner (Amended Album Version),14936.0,I Want You,11789.0,I'm A Winner (Amended Album Version),17.80420000000001,Interlude 5,17.752700000000008,I Want You,14.249350000000014,Revenge,0.7939266769314586,Brooklyn Zoo,0.7912797376236372,To Be With You Again,0.7823691771274286,Revenge,0.8012772171146152,Brooklyn Zoo,0.8002431245726551,To Be With You Again,0.7898154388967737
63,TRBGUUE128F1494FB6,SOGDJWU12A58A7DA10,ARJA1841187FB3A029,David Bowie,Baal's Hymn,classical,Interlude 5,2626.0,B-Boy Bouillabaisse: A.W.O.L. (2009 Digital Remaster),2184.0,Ice Is Workin' It,1936.0,Interlude 5,2.7029000000000036,B-Boy Bouillabaisse: A.W.O.L. (2009 Digital Remaster),2.2452937499999983,Ice Is Workin' It,2.1459499999999974,The Fine Print,0.6091824319418303,Anarchist Bookstore part 1,0.5956694101641562,Architecture II,0.5882815523691887,The Fine Print,0.6432554026190045,Anarchist Bookstore part 1,0.6272950822072653,Architecture II,0.6132052770450744
64,TREPYPE128F92EB38C,SOBAQGA12AB017C9F2,ARNJ9LU1187B9A56A6,Il Divo,Adagio,classical,Istruzioni Per L'(Ill)uso,545.0,Quelli Che,487.0,Sinan Capudan Pascià,476.0,Istruzioni Per L'(Ill)uso,0.6595906250000008,Quelli Che,0.5926187500000009,Sinan Capudan Pascià,0.5750624999999985,Musica,0.9160747184901794,Adagio,0.9080379585676652,Mamma,0.7945504816947326,Musica,0.9176725071835744,Adagio,0.9098364354359195,Mamma,0.7979626251385126
65,TRGZRPJ128F92EF7E2,SOJBCHJ12A8C140942,ARNJ9LU1187B9A56A6,Il Divo,Adeste Fideles,classical,It's A Party,666.0,Tell Your Momma Come,391.0,Aguas De Marco,372.0,It's A Party,0.7956406250000021,Tell Your Momma Come,0.4663828124999978,Aguas De Marco,0.45209375000000007,Maria & Jag,0.48686489794213855,Out On The Western Plain,0.42454888525329765,Belladonna,0.42205843106062335,Maria & Jag,0.49019783069304296,Out On The Western Plain,0.4324602385462706,Belladonna,0.4299960289311808
66,TRGXTYR128F42ACF5F,SOJILSK12A8C13F427,ARNJ9LU1187B9A56A6,Il Divo,All By Myself (Solo Otra Vez),classical,El Negro Está Cocinando,666.0,Gitana,657.0,Horse With No Name,653.0,El Negro Está Cocinando,0.7942031249999956,Gitana,0.7771749999999987,Horse With No Name,0.7668000000000013,La Vida Sin Amor,0.5914294182866691,Mi Vida Sin Tu Amor,0.5446364791786943,Mienteme Otra Véz,0.5004269385304985,La Vida Sin Amor,0.5988617490341908,Mi Vida Sin Tu Amor,0.5525911709742081,Mienteme Otra Véz,0.5104334508883596
67,TRVXXVG128F933AB88,SOHGPTR12AB01874F5,ARNJ9LU1187B9A56A6,Il Divo,Amazing Grace,classical,Interlude 5,2069.0,B-Boy Bouillabaisse: A.W.O.L. (2009 Digital Remaster),1701.0,Splurge,1376.0,Interlude 5,2.3056499999999973,B-Boy Bouillabaisse: A.W.O.L. (2009 Digital Remaster),1.8915906249999999,Splurge,1.5802718749999947,Amazing Grace,0.9352360411135207,Heavily Sedated,0.6420973266552683,Rugged Road,0.6365660706208448,Amazing Grace,0.9385832358180597,Heavily Sedated,0.660524748914091,Rugged Road,0.654630010608049
68,TRLFGML128F92EB391,SOMZKFD12AB017CA0C,ARNJ9LU1187B9A56A6,Il Divo,Angelina,classical,Dale tiempo al rumor,1313.0,Cantando,1097.0,El Negro Está Cocinando,944.0,Dale tiempo al rumor,1.5699531249999945,Cantando,1.3083906249999968,El Negro Está Cocinando,1.1399218750000017,El Camino Del Exceso,0.6899152110650126,Sonrisa especial,0.6389071264115237,Abre tu puerta (y cruza el universo),0.6333320060240291,El Camino Del Exceso,0.6951570020964439,Sonrisa especial,0.6471482610213863,Abre tu puerta (y cruza el universo),0.6427812990411076
69,TRVFSWI128F42ACE94,SOJZKPG12A8C13F9E0,ARNJ9LU1187B9A56A6,Il Divo,Ave Maria,classical,Move On,468.0,Horse With No Name,434.0,Istruzioni Per L'(Ill)uso,407.0,Move On,0.5626328124999983,Horse With No Name,0.5223749999999975,Istruzioni Per L'(Ill)uso,0.4956796875000019,Roma Sogna,0.7834470209670636,La Promesa,0.7765437410035313,Fili,0.7362207740292013,Roma Sogna,0.786174672285308,La Promesa,0.7797835311013779,Fili,0.7397016455482035
70,TRMKTUF128F42BC140,SOLHDOP12A8C13FB24,ARNJ9LU1187B9A56A6,Il Divo,Caruso,classical,Istruzioni Per L'(Ill)uso,690.0,Sinan Capudan Pascià,518.0,Move On,507.0,Istruzioni Per L'(Ill)uso,0.8430812499999996,Sinan Capudan Pascià,0.6296250000000024,Move On,0.6005187500000002,Caruso,0.9179863709908309,Istruzioni Per L'(Ill)uso,0.8266983567642652,La Canzone Dell' Impossibile,0.8020099597545647,Caruso,0.9193250772511166,Istruzioni Per L'(Ill)uso,0.8298857841304109,La Canzone Dell' Impossibile,0.8055613588617299
71,TRXNYOZ128F42BC146,SOBTJJR12A8C13FB29,ARNJ9LU1187B9A56A6,Il Divo,Come Primavera,classical,Move On,1560.0,Horse With No Name,1442.0,Mother Nature,760.0,Move On,1.9218812499999955,Horse With No Name,1.7772000000000057,Mother Nature,0.9399625000000035,Spente Le Stelle,0.7972877016601237,Istruzioni Per L'(Ill)uso,0.7541673297397316,Roma Sogna,0.7224198266299345,Spente Le Stelle,0.7995198612873297,Istruzioni Per L'(Ill)uso,0.7571808488447995,Roma Sogna,0.725573753806455
72,TRYFLQK128F92EF7F1,SOOVZJZ12A8C1399B9,ARNJ9LU1187B9A56A6,Il Divo,Dentro Un Altro Si,classical,Quelli Che,353.0,Istruzioni Per L'(Ill)uso,344.0,Sinan Capudan Pascià,308.0,Quelli Che,0.4279000000000019,Istruzioni Per L'(Ill)uso,0.41207500000000147,Sinan Capudan Pascià,0.36849999999999944,L'Abbraccio,0.697226756570674,Per combattere l'acne,0.661722903537536,Oceano (Revised Live Version),0.6614475128767484,L'Abbraccio,0.7027642214999338,Per combattere l'acne,0.6676322629936194,Oceano (Revised Live Version),0.6669873915233538
73,TRRWCOL128F42AD05D,SOOZNYR12A8C13D9F7,ARNJ9LU1187B9A56A6,Il Divo,En Aranjuez Con Tu Amor,classical,Dale tiempo al rumor,1672.0,Cantando,1408.0,Lloré Lloré,1254.0,Dale tiempo al rumor,2.002067187499998,Cantando,1.682473437499998,Lloré Lloré,1.5213656249999987,Aranjuez Ma Pensee,0.9321148223529364,Mediterraneo,0.7437784077572409,Tu Y Yo,0.7269128451580098,Aranjuez Ma Pensee,0.9335646034372748,Mediterraneo,0.750269999800567,Tu Y Yo,0.7335263532500625
74,TRVRPTI128F92EB390,SOCREBZ12AB017CA05,ARNJ9LU1187B9A56A6,Il Divo,Enamorado,classical,Dale tiempo al rumor,563.0,Te Vuelvo Loca,560.0,Gitana,524.0,Te Vuelvo Loca,0.6758499999999995,Dale tiempo al rumor,0.6657250000000006,Gitana,0.630400000000001,Te Amo,0.5971893382153631,Mi Vida Por Un Hombre,0.5932097832665288,De Oro,0.5830311984479122,Te Amo,0.6048569845242214,Mi Vida Por Un Hombre,0.600584856955925,De Oro,0.5906755821949019
75,TRGRNWU128F42AE46D,SOLRRGS12A8C13FD5A,ARNJ9LU1187B9A56A6,Il Divo,Esisti Dentro Me,classical,Tu Sonrisa,541.0,Como Y Vete,456.0,Tu Amor (Hecho En Madrid),431.0,Tu Sonrisa,0.6657687500000002,Como Y Vete,0.5436624999999998,Tu Amor (Hecho En Madrid),0.5153687499999999,Tu Sonrisa,0.7334557295919147,Tú Sólo Tú,0.6913094202203032,Tu Sei,0.6727634517307947,Tu Sonrisa,0.7364983154558858,Tú Sólo Tú,0.6946636272626638,Tu Sei,0.6764893218882425
76,TRNXWLK128F92EC9A7,SOVINFL12A8C139286,ARNJ9LU1187B9A56A6,Il Divo,Everytime I Look At You,classical,Interlude 5,4220.0,B-Boy Bouillabaisse: A.W.O.L. (2009 Digital Remaster),3609.0,I'm A Winner (Amended Album Version),3545.0,Interlude 5,4.872500000000011,B-Boy Bouillabaisse: A.W.O.L. (2009 Digital Remaster),4.174648437500018,I'm A Winner (Amended Album Version),4.168203124999998,Broken Vow,0.7775174918345991,Broken Vow (Album Version),0.7772824984384743,Endless love,0.7578529350414315,Broken Vow,0.785685329769337,Broken Vow (Album Version),0.7854657595066026,I Will Survive,0.7666164037456286
77,TRITOVK128F92EC9A0,SOCVWFF12A8C13B6EE,ARNJ9LU1187B9A56A6,Il Divo,Feelings,classical,I've Grown Accustomed To Her Face,806.0,Can U Feel It?,617.0,Istruzioni Per L'(Ill)uso,589.0,I've Grown Accustomed To Her Face,0.9775656250000019,Can U Feel It?,0.7211984374999965,Istruzioni Per L'(Ill)uso,0.6977859374999982,30 Anni Che Non Ci Vediamo,0.555139335465623,Niente Per Scontato,0.5115784360217375,I've Grown Accustomed To Her Face,0.5072315955167674,30 Anni Che Non Ci Vediamo,0.561627704599423,Niente Per Scontato,0.5183294265427325,I've Grown Accustomed To Her Face,0.5147679216268106
78,TRRLVOI128F92EB38D,SOKINKK12AB017C9F6,ARNJ9LU1187B9A56A6,Il Divo,Hallelujah (Aleluya),classical,Dale tiempo al rumor,1339.0,Cantando,1195.0,Lloré Lloré,1005.0,Dale tiempo al rumor,1.6167125000000013,Cantando,1.4434624999999994,Lloré Lloré,1.2263249999999979,El 28,0.8027166334162236,Buenaventura Y Caney,0.7878915708190367,Cantando,0.7839062020684392,El 28,0.8069257041942584,Buenaventura Y Caney,0.7925756164222795,Cantando,0.7887020809143154
79,TRHPPNF128F42ACFA9,SOCXAJQ12A8C13FD4E,ARNJ9LU1187B9A56A6,Il Divo,Hasta Mi Final,classical,Dale tiempo al rumor,637.0,Te Vuelvo Loca,496.0,Cantando,495.0,Dale tiempo al rumor,0.7518875000000013,Te Vuelvo Loca,0.5918250000000004,Cantando,0.5796375000000009,Te Amo,0.7453735730132784,De Oro,0.7171267505320467,Clemencia,0.712711015634004,Te Amo,0.7518165289526645,De Oro,0.7238348508329221,Clemencia,0.7194831280019712
80,TRUXYDP128F93234BD,SOYGKHG12AB01804C8,ARS54I31187FB46721,Taylor Swift,Crazier,country,Interlude 5,5210.0,I'm A Winner (Amended Album Version),4547.0,Hold Me Down (Album Version),3817.0,Interlude 5,6.0962,I'm A Winner (Amended Album Version),5.411684374999996,Hold Me Down (Album Version),4.578371874999999,Higher,0.8218904041266795,Between A Mother And A Child,0.7946808589311795,You Made Me Feel,0.7936992085754521,Higher,0.8285183629788707,Between A Mother And A Child,0.802752120542994,You Made Me Feel,0.8016222610211802
81,TRKVVVK12903CB592C,SODUDUN12AB018CCAB,ARS54I31187FB46721,Taylor Swift,Fifteen,country,Interlude 5,9661.0,I'm A Winner (Amended Album Version),7351.0,My Darling,6194.0,Interlude 5,11.262050000000002,I'm A Winner (Amended Album Version),8.656643750000006,My Darling,7.244134375000003,In 2 Deep,0.787368047892918,Nausea,0.7756037596087986,Double Shadow,0.7654663366520811,In 2 Deep,0.7915295297454146,Nausea,0.7846891050344484,The Lucky One,0.7736999489115346
82,TRUVVME12903CBA350,SORRBVQ12A58A7AA33,ARS54I31187FB46721,Taylor Swift,Change,country,Interlude 5,4066.0,Ice Is Workin' It,2498.0,Touch It / Technologic,2455.0,Interlude 5,4.502900000000007,Ice Is Workin' It,2.848449999999996,Touch It / Technologic,2.839981249999994,Manhattan,0.6896416646929415,Destination: Death or Better Days,0.6784816334852315,Side By Side,0.6523434053863244,Manhattan,0.7060299871271949,Destination: Death or Better Days,0.6951206402644413,Kinky Sex Makes the World Go 'Round,0.6751143643931528
83,TRZGWCY12903CEF521,SOVMMRT12D021B2E6E,ARHATLI1187FB52C76,Toby Keith,You Can't Read My Mind,country,Interlude 5,5014.0,B-Boy Bouillabaisse: A.W.O.L. (2009 Digital Remaster),3924.0,I'm A Winner (Amended Album Version),3840.0,Interlude 5,5.6902,I'm A Winner (Amended Album Version),4.422715624999997,B-Boy Bouillabaisse: A.W.O.L. (2009 Digital Remaster),4.422217187499998,Club Megamix,0.7715347166060157,Don't Worry,0.7486272854510231,Bizarre Love Triangle,0.7298497870849712,Club Megamix,0.7850343722677622,Don't Worry,0.7600207058389225,Bizarre Love Triangle,0.7419302606018228
84,TRMAVQT128F4270DBF,SOLJTVT12A58A79F96,ARH861H1187B9B799E,Johnny Cash,Man In White,country,Interlude 5,6988.0,B-Boy Bouillabaisse: A.W.O.L. (2009 Digital Remaster),6505.0,8 Mile,4945.0,Interlude 5,7.824199999999999,B-Boy Bouillabaisse: A.W.O.L. (2009 Digital Remaster),7.36956875,8 Mile,5.606431250000006,Riverboat,0.7716132672660139,Snoopafella (Edited),0.7629610403632332,El Paso,0.7608241346319631,Riverboat,0.7816857758870969,Snoopafella (Edited),0.7777342903652562,El Paso,0.7755227431363245
85,TRWVEDL128F4293EA3,SOOVRMN12AF72A0933,AR7ZFLN1187FB4830A,Rascal Flatts,Holes,country,Interlude 5,4084.0,B-Boy Bouillabaisse: A.W.O.L. (2009 Digital Remaster),3243.0,I'm A Winner (Amended Album Version),3005.0,Interlude 5,4.6979,B-Boy Bouillabaisse: A.W.O.L. (2009 Digital Remaster),3.7133015624999963,I'm A Winner (Amended Album Version),3.4901968749999974,Lesson In Survival  (LP Version),0.7158342283700385,Heavily Sedated,0.702714097708386,B-Boy Bouillabaisse: A.W.O.L. (2009 Digital Remaster),0.7006472589628846,Lesson In Survival  (LP Version),0.7300440017706726,Heavily Sedated,0.7170517807545665,B-Boy Bouillabaisse: A.W.O.L. (2009 Digital Remaster),0.7168010021690715
86,TRTVVYX128F9328DBA,SOMKEYV12AF72A20B2,ARFL99B1187B9A2A45,Sugarland,Baby Girl,country,Interlude 5,5955.0,B-Boy Bouillabaisse: A.W.O.L. (2009 Digital Remaster),5550.0,I'm A Winner (Amended Album Version),4906.0,Interlude 5,6.588150000000001,B-Boy Bouillabaisse: A.W.O.L. (2009 Digital Remaster),6.2219812500000025,I'm A Winner (Amended Album Version),5.573337499999992,Stuck In The Middle With You (Non-Album Track),0.749314842365335,Promise Broken,0.7431070002705576,Hot Sex,0.7297992515246892,Stuck In The Middle With You (Non-Album Track),0.7615568958346628,Promise Broken,0.7558746520014389,Hot Sex,0.7468510971169703
87,TRTGPPK128F1459DD4,SOIHEED12A6D4F5E36,AR4DW2Q1187FB44DB6,Billy Currington,Growin' Up Down There,country,Interlude 5,2515.0,B-Boy Bouillabaisse: A.W.O.L. (2009 Digital Remaster),2423.0,I'm A Winner (Amended Album Version),1961.0,Interlude 5,2.690650000000001,B-Boy Bouillabaisse: A.W.O.L. (2009 Digital Remaster),2.649832812500003,I'm A Winner (Amended Album Version),2.155134375000005,The Irony Of It All (Album Version),0.591979430829526,Sex,0.5853366568201253,That's Life,0.5784479132598219,The Irony Of It All (Album Version),0.6201209486854647,Sex,0.6136865487323041,Ten Toes Tall,0.6060691722277157
88,TRHUIRM128F426BFD5,SOMDWHQ12A6D4F5E30,AR4DW2Q1187FB44DB6,Billy Currington,Hangin' Around,country,Interlude 5,5022.0,I'm A Winner (Amended Album Version),4542.0,I Want You,3645.0,Interlude 5,5.884199999999996,I'm A Winner (Amended Album Version),5.4204656249999985,I Want You,4.4117015625000064,Fever Moon,0.7753531320234759,Irresistible ( LP Version ),0.7564148458224577,I Wouldn't Change You If I Could,0.7445983195078374,Fever Moon,0.7820229244846428,Irresistible ( LP Version ),0.7622138448986552,I Wouldn't Change You If I Could,0.7510067808107522
89,TRJNTQQ128F426BFD0,SOVXWMI12A8C13B667,AR4DW2Q1187FB44DB6,Billy Currington,Here I Am,country,Interlude 5,3109.0,B-Boy Bouillabaisse: A.W.O.L. (2009 Digital Remaster),2835.0,I'm A Winner (Amended Album Version),2564.0,Interlude 5,3.476850000000003,B-Boy Bouillabaisse: A.W.O.L. (2009 Digital Remaster),3.201378124999999,I'm A Winner (Amended Album Version),2.9374437499999964,Shovel,0.6528919046537501,Stuck In The Middle With You (Non-Album Track),0.6479928948893551,Closer To You,0.641411696412577,Shovel,0.6728972979458699,Stuck In The Middle With You (Non-Album Track),0.6639332944888543,Closer To You,0.660941877842382
90,TRZJCNT128F426BFCC,SOWNWBW12A8C13B65E,AR4DW2Q1187FB44DB6,Billy Currington,She's Got A Way With Me,country,Interlude 5,2809.0,B-Boy Bouillabaisse: A.W.O.L. (2009 Digital Remaster),2606.0,She Ain't Afraid,2436.0,Interlude 5,3.085750000000001,B-Boy Bouillabaisse: A.W.O.L. (2009 Digital Remaster),2.901664062500001,By The Way,2.813953125000004,Haywire,0.6759041373871919,Hair,0.6666930975095194,Something In The Way She Moves,0.6477124268162401,Haywire,0.6877574022043238,Hair,0.6805413610899474,Something In The Way She Moves,0.661205222193382
91,TRPZEWS128F92F585E,SOOSFVL12AB018253F,AR4DW2Q1187FB44DB6,Billy Currington,That's How Country Boys Roll,country,Interlude 5,3190.0,Man In The Mirror,2087.0,B-Boy Bouillabaisse: A.W.O.L. (2009 Digital Remaster),2038.0,Interlude 5,3.5505000000000018,Man In The Mirror,2.234093749999997,B-Boy Bouillabaisse: A.W.O.L. (2009 Digital Remaster),2.182046874999998,The Molly Maguires,0.6494427371512216,Good Rats (Live),0.6411415645622998,False Profits,0.6093621931119322,The Molly Maguires,0.6627476516448516,Good Rats (Live),0.657535505639407,False Profits,0.6270120708038567
92,TRYPBLE128F1459DD1,SOKHXYG12A6D4F5E33,AR4DW2Q1187FB44DB6,Billy Currington,Where The Girls Are,country,Interlude 5,3566.0,B-Boy Bouillabaisse: A.W.O.L. (2009 Digital Remaster),2353.0,My Darling,1938.0,Interlude 5,4.034300000000002,B-Boy Bouillabaisse: A.W.O.L. (2009 Digital Remaster),2.5873374999999994,My Darling,2.1634624999999974,Where Are You?,0.6110328052812775,Legions,0.5732716208749935,Wondering Where The Lions Are,0.5726762495305386,Where Are You?,0.615703793608475,Legions,0.5868124042218467,Wondering Where The Lions Are,0.5845351665659776
93,TRKVITQ128F4271B31,SOVALXP12D021B3DA8,ARH861H1187B9B799E,Johnny Cash,Daddy Sang Bass,country,Interlude 5,2915.0,B-Boy Bouillabaisse: A.W.O.L. (2009 Digital Remaster),2559.0,Otha Fish,2200.0,Interlude 5,3.167649999999993,B-Boy Bouillabaisse: A.W.O.L. (2009 Digital Remaster),2.800598437499993,Otha Fish,2.5025703125000036,Will the Circle Be Unbroken?,0.6355808356741084,Immortal Chant,0.5952875527376071,Brothers Under The Bridges ('83),0.587431450241216,Will the Circle Be Unbroken?,0.6466624512983471,Immortal Chant,0.6124981666150326,Brothers Under The Bridges ('83),0.6116343519536278
94,TRGZDBB128F4270A4C,SOLWDNH12D021B2402,ARH861H1187B9B799E,Johnny Cash,I Don't Know Where I'm Bound,country,B-Boy Bouillabaisse: A.W.O.L. (2009 Digital Remaster),4199.0,8 Mile,4173.0,I Mean (I Don't Mean It),3998.0,8 Mile,4.9578718749999995,B-Boy Bouillabaisse: A.W.O.L. (2009 Digital Remaster),4.906378124999996,I Mean (I Don't Mean It),4.824228124999994,I Am Not A Whore,0.8118491209507491,Fallin',0.8026720753057096,16,0.7868293085160659,I Am Not A Whore,0.8141630205966732,Fallin',0.8067178260046389,16,0.7922371132428139
95,TRMBNRH12903D02C23,SOWLYYP12D0219044F,ARH861H1187B9B799E,Johnny Cash,I Was There When It Happened,country,Interlude 5,4157.0,B-Boy Bouillabaisse: A.W.O.L. (2009 Digital Remaster),3696.0,8 Mile,3431.0,Interlude 5,4.736250000000015,B-Boy Bouillabaisse: A.W.O.L. (2009 Digital Remaster),4.235312500000018,8 Mile,3.99843750000001,Book Of Life,0.7336026365731173,Lovebite,0.732217227528859,Hurt Me Soul (Explicit Album Version),0.7233501322900806,Book Of Life,0.7439474803569341,Lovebite,0.7432422527106193,Hurt Me Soul (Explicit Album Version),0.7350361130647047
96,TRBXYKU128F427915D,SOEXZQP12D021B0F1D,ARH861H1187B9B799E,Johnny Cash,The Big Battle,country,Interlude 5,3952.0,B-Boy Bouillabaisse: A.W.O.L. (2009 Digital Remaster),3028.0,My Darling,2502.0,Interlude 5,4.424800000000002,B-Boy Bouillabaisse: A.W.O.L. (2009 Digital Remaster),3.3541499999999975,My Darling,2.8121500000000004,Loki Trickster God,0.6886809609253999,I'm On The Mic,0.6805643412469532,The Lightning Strike,0.675314073110403,Loki Trickster God,0.7077191201951414,I'm On The Mic,0.7025329622074038,The Lightning Strike,0.6990435157457604
97,TRFRXGD128F42717FF,SOHCAKG12A8BED7973,ARH861H1187B9B799E,Johnny Cash,A Thing Called Love,country,Interlude 5,2983.0,Man In The Mirror,2310.0,B-Boy Bouillabaisse: A.W.O.L. (2009 Digital Remaster),2168.0,Interlude 5,3.2641500000000008,Man In The Mirror,2.4891812499999975,B-Boy Bouillabaisse: A.W.O.L. (2009 Digital Remaster),2.3214656250000014,My Time,0.605647375369324,Broken Heart,0.6013665950816858,Mars Attacks,0.6013502505447986,Mars Attacks,0.6354993566190082,The Fire In Which You Burn (feat. J-Treds & The Brewin From The Juggaknots),0.628286960495905,My Time,0.6243052045826373
98,TRYIYFG128F42603CC,SOOUGLY12A8BEE954A,ARH861H1187B9B799E,Johnny Cash,You Dreamer You,country,Interlude 5,4434.0,I'm A Winner (Amended Album Version),3783.0,I Want You,3295.0,Interlude 5,5.128499999999998,I'm A Winner (Amended Album Version),4.458187499999998,I Want You,3.9665937500000066,Tool,0.728635585919585,I fantasize of you,0.7221200548834398,Get Sick Soon,0.7167680783185889,Tool,0.73902950200792,I fantasize of you,0.732366781996161,Get Sick Soon,0.7259206311014332
99,TRQHDNY128F92E3A01,SOOFVUE12AB017B824,ARH861H1187B9B799E,Johnny Cash,I Walk The Line,country,Interlude 5,3771.0,I'm A Winner (Amended Album Version),3353.0,B-Boy Bouillabaisse: A.W.O.L. (2009 Digital Remaster),3267.0,Interlude 5,4.338850000000001,I'm A Winner (Amended Album Version),3.946240625,B-Boy Bouillabaisse: A.W.O.L. (2009 Digital Remaster),3.770229687500004,Holdin' On [Missin' U] (Album Version),0.7390007204118434,Don't Change Your Plans,0.7314184945530697,Everytime I...,0.7291790111232158,Holdin' On [Missin' U] (Album Version),0.7462065159147478,Don't Change Your Plans,0.7415873503133033,Killin' Time,0.7375417500873664
100,TRGCHXM128F429CBB9,SOKDAHN12A8C13F938,ARH861H1187B9B799E,Johnny Cash,Life's Railway To Heaven,country,Interlude 5,629.0,Man In The Mirror,486.0,Otha Fish,459.0,Interlude 5,0.6689499999999997,Otha Fish,0.5127890624999999,Man In The Mirror,0.5069343750000003,The Lords Prayer,0.5108215952909322,The Prayer,0.4791594826780463,Kingdom of Loss,0.43192543563044805,The Lords Prayer,0.5290289628252949,The Prayer,0.49985125687607795,Kingdom of Loss,0.4571726706119074
101,TRSJGNV128F92F4124,SODVCJH12AF72A4A08,AR3ETJY1187B98ED15,Darius Rucker,If I Had Wings,country,B-Boy Bouillabaisse: A.W.O.L. (2009 Digital Remaster),3022.0,Interlude 5,3006.0,8 Mile,2863.0,B-Boy Bouillabaisse: A.W.O.L. (2009 Digital Remaster),3.4447453125000043,Everytime I...,3.3933593750000166,Interlude 5,3.3596,Intermission,0.7585475465480004,Runaway,0.7186512271556036,Here I Go Again,0.7048628584472296,Intermission,0.7678579905899893,Runaway,0.7288463950344173,Here I Go Again,0.7147333221352921
102,TRHTOYT128F429FEF4,SOVZHIK12A8C1349BD,ARNNM56119B86686EA,Luke Bryan,Pray About Everything,country,Never Wanted to Dance,2125.0,Interlude 5,2120.0,I Mean (I Don't Mean It),1998.0,Never Wanted to Dance,2.532581249999989,I Mean (I Don't Mean It),2.3144937500000005,Interlude 5,2.2175999999999987,One More Day,0.6172788263769271,Stay While The Night Is Young,0.5532239337557733,Life It What It Is (Remastered LP Version),0.5245035346466119,One More Day,0.6298372370782167,Stay While The Night Is Young,0.5729797706813592,Life It What It Is (Remastered LP Version),0.5480171904245404
103,TRCFFVR128F145D6DF,SOYPMDY12A6D4F77DE,AR95IYB1187FB3FE0B,Keith Urban,Your Everything,country,Interlude 5,6064.0,B-Boy Bouillabaisse: A.W.O.L. (2009 Digital Remaster),4590.0,I'm A Winner (Amended Album Version),4571.0,Interlude 5,7.023399999999998,I'm A Winner (Amended Album Version),5.349993750000011,B-Boy Bouillabaisse: A.W.O.L. (2009 Digital Remaster),5.272028125000005,It's All Up To You,0.7611259490384019,Whisper of Angels,0.6982091345446289,Closer To You,0.6941897679290931,It's All Up To You,0.7678901566477074,Closer To You,0.7059135987895176,Whisper of Angels,0.7057303429263277
104,TRQSGEL128F4242DFC,SOAXCEO12CF5F873BF,ARHATLI1187FB52C76,Toby Keith,A Little Too Late,country,Interlude 5,2668.0,Man In The Mirror,1994.0,Over It (Acoustic),1876.0,Interlude 5,2.8221,Over It (Acoustic),2.1711296875000095,Man In The Mirror,2.052771874999997,Little Lucy,0.5026902029454298,My Little Tragedy,0.467265909856267,Too Late,0.4190112817670707,Little Lucy,0.5202315706346798,My Little Tragedy,0.48304258290331054,Too Late,0.43343563734591717
105,TRAIMRN128E0791E72,SOAOYPN12CF52D3231,ARHATLI1187FB52C76,Toby Keith,Who's Your Daddy?,country,Interlude 5,3735.0,I'm A Winner (Amended Album Version),3243.0,My Darling,3238.0,Interlude 5,4.19725,Cancel (Album Version),3.760773437499999,My Darling,3.7588984375000005,Who's Zoomin' Who?,0.6469346127396267,Cancel (Album Version),0.6217219044172894,Your Fire Your Soul,0.604282312876162,Who's Zoomin' Who?,0.654082332274138,Cancel (Album Version),0.6313135852066396,Your Fire Your Soul,0.6166592570147155
106,TRRSVGD128F4242DDC,SORPIQY12A8C13632E,ARHATLI1187FB52C76,Toby Keith,A Woman's Touch,country,Interlude 5,1783.0,B-Boy Bouillabaisse: A.W.O.L. (2009 Digital Remaster),1706.0,Man In The Mirror,1346.0,Interlude 5,1.8400499999999993,B-Boy Bouillabaisse: A.W.O.L. (2009 Digital Remaster),1.8074390624999994,8 Mile,1.3634359374999985,The Greatest Man In America,0.5065414082447312,Anarchist Bookstore part 1,0.4938226425855935,Oklahoma,0.4932612986174927,The Greatest Man In America,0.5358087570140317,Anarchist Bookstore part 1,0.5290166856468272,Oklahoma,0.5256962327859174
107,TRTXHKL128F4242DD9,SOROSTR12A8C136324,ARHATLI1187FB52C76,Toby Keith,Big Ol' Truck,country,B-Boy Bouillabaisse: A.W.O.L. (2009 Digital Remaster),3201.0,Interlude 5,3016.0,Man In The Mirror,2922.0,B-Boy Bouillabaisse: A.W.O.L. (2009 Digital Remaster),3.5588593750000035,Interlude 5,3.241,She Ain't Afraid,3.222015625000002,She's In Love,0.6832871857418183,Magic,0.6377126508230692,Spanish Harlem (LP Version),0.6163465380041676,She's In Love,0.6945434263916861,Magic,0.6454462161065362,Spanish Harlem (LP Version),0.6299119776016854
108,TRADETN128F148CF19,SOEKKYB12A6D4F81D4,ARHATLI1187FB52C76,Toby Keith,Blue Bedroom,country,Interlude 5,4244.0,I'm A Winner (Amended Album Version),3642.0,My Darling,3111.0,Interlude 5,4.927800000000001,I'm A Winner (Amended Album Version),4.305987499999999,My Darling,3.6578687499999982,Only You,0.802550728486843,Boxcutter Rap,0.7692676771309724,Suburban Ranger,0.7642991974896581,Only You,0.8089345253908576,Boxcutter Rap,0.7786658191366166,Suburban Ranger,0.7744312988988016
109,TRKKXKG128E0791E74,SOJRPQW12B0B808689,ARHATLI1187FB52C76,Toby Keith,It's All Good,country,Interlude 5,3697.0,B-Boy Bouillabaisse: A.W.O.L. (2009 Digital Remaster),3044.0,Ice Is Workin' It,2401.0,Interlude 5,4.071550000000002,B-Boy Bouillabaisse: A.W.O.L. (2009 Digital Remaster),3.345298437499996,Ice Is Workin' It,2.7413374999999998,Flow On (Move Me No Mountain),0.7030167838313389,our ethos: a legacy to pass on,0.6718666167112812,LBC And The ING (Explicit),0.6635790160291493,Flow On (Move Me No Mountain),0.7257120292164673,our ethos: a legacy to pass on,0.6950123233311677,LBC And The ING (Explicit),0.6884230592779957
110,TRSSUAV128F148D60F,SOLBJPX12A6D4F901D,ARHATLI1187FB52C76,Toby Keith,Sweet,country,Interlude 5,6004.0,B-Boy Bouillabaisse: A.W.O.L. (2009 Digital Remaster),5723.0,I'm A Winner (Amended Album Version),5029.0,Interlude 5,6.7966000000000015,B-Boy Bouillabaisse: A.W.O.L. (2009 Digital Remaster),6.561331249999998,I'm A Winner (Amended Album Version),5.8232875,Book Of Life,0.8528984320076103,I'm,0.842321406375757,Claimin' True,0.8415004276059742,Book Of Life,0.8594451990301829,Claimin' True,0.8508988415463777,I'm,0.8492301658859397
111,TRFROET128F148CF1F,SOPBTRI12A6D4F81DA,ARHATLI1187FB52C76,Toby Keith,You Shouldn't Kiss Me Like This,country,Interlude 5,5745.0,I'm A Winner (Amended Album Version),4144.0,B-Boy Bouillabaisse: A.W.O.L. (2009 Digital Remaster),3735.0,Interlude 5,6.622349999999995,I'm A Winner (Amended Album Version),4.814740624999998,B-Boy Bouillabaisse: A.W.O.L. (2009 Digital Remaster),4.201354687499997,Interlude 5,0.718975607784548,I Never Complain,0.7159224340786366,Stumble,0.7124575910656299,Interlude 5,0.7350399228983442,I Never Complain,0.7278782236379071,One,0.7255718294255774
112,TRFHVTT12903CF7CD9,SOBAAFP12D02198DCD,ARFR3E51187B9A0A85,Sara Evans,A Real Fine Place To Start,country,Interlude 5,3085.0,I'm A Winner (Amended Album Version),2497.0,Man In The Mirror,2206.0,Interlude 5,3.4146499999999964,I'm A Winner (Amended Album Version),2.832650000000001,I Want You,2.441449999999997,I'm Catching Hell (Living Here Alone) (Digitally Remastered 02),0.597463770863914,Sweet Leaf,0.5966517870801774,Sex Packets (LP Version),0.5928117920857613,I'm Catching Hell (Living Here Alone) (Digitally Remastered 02),0.624425897727655,Sex Packets (LP Version),0.6149362439930187,Sweet Leaf,0.6137182963203741
113,TRXZNNF12903CA6F9B,SOWEIIN12AB018066C,ARO4WQR1187B9B9825,Kenny Rogers,Endless love,country,Interlude 5,4698.0,I'm A Winner (Amended Album Version),3862.0,B-Boy Bouillabaisse: A.W.O.L. (2009 Digital Remaster),3466.0,Interlude 5,5.504500000000008,I'm A Winner (Amended Album Version),4.587,I Want You,4.104749999999995,Get Sick Soon,0.8252726382151863,I Still Love You,0.8240806273792634,Seven Seas,0.814674432998892,Get Sick Soon,0.8306055308925484,I Still Love You,0.8292650210010611,Seven Seas,0.8197302991983271
114,TRTSAUB128E07859FC,SOGBBSX12A6701E426,ARV9LSS1187B98C471,Blake Shelton,Love Gets In The Way (Album Version),country,Interlude 5,3847.0,B-Boy Bouillabaisse: A.W.O.L. (2009 Digital Remaster),3846.0,I'm A Winner (Amended Album Version),3807.0,I'm A Winner (Amended Album Version),4.401006250000016,B-Boy Bouillabaisse: A.W.O.L. (2009 Digital Remaster),4.349721875000002,Interlude 5,4.261350000000001,Whispers,0.7249203320796188,Stranger In Paradise,0.7106971724492466,The Way It Is,0.705193775377792,Whispers,0.7393595774642931,Stranger In Paradise,0.7212734865577317,The Way It Is,0.7208883275875546
115,TRFMGIO128F42591F0,SOBCKDM12D021B3D99,ARK4ZEK1187B990A4F,George Strait,I'd Like To Have That One Back,country,Interlude 5,3479.0,B-Boy Bouillabaisse: A.W.O.L. (2009 Digital Remaster),3393.0,8 Mile,3098.0,Interlude 5,3.8519500000000035,B-Boy Bouillabaisse: A.W.O.L. (2009 Digital Remaster),3.8257874999999983,8 Mile,3.5589625000000105,Intermission,0.7206050145585913,My Little Girl,0.7053896461729835,Electric Lady,0.7022729560194432,Intermission,0.7329268484732367,My Little Girl,0.7178060087572243,Electric Lady,0.7172697428045745
116,TRDYUVI128E078F725,SOEJDOV12D021B3BD5,ARK4ZEK1187B990A4F,George Strait,Marina Del Rey,country,Interlude 5,2010.0,B-Boy Bouillabaisse: A.W.O.L. (2009 Digital Remaster),1690.0,Otha Fish,1438.0,Interlude 5,2.2019999999999986,B-Boy Bouillabaisse: A.W.O.L. (2009 Digital Remaster),1.8528359374999976,Otha Fish,1.6361328124999992,Dead Spaces,0.5804213294157996,Sally's Pigeons,0.5751007267239415,Spanish Harlem (LP Version),0.5399669961493963,Dead Spaces,0.6004376258723121,Sally's Pigeons,0.5948603239449886,Brothers Under The Bridges ('83),0.5608716071395795
117,TRPNLLB128F14956A5,SOPBLAJ12D02193A82,ARK4ZEK1187B990A4F,George Strait,Milk Cow Blues,country,Interlude 5,4422.0,I'm A Winner (Amended Album Version),3751.0,B-Boy Bouillabaisse: A.W.O.L. (2009 Digital Remaster),3679.0,Interlude 5,5.035300000000001,I'm A Winner (Amended Album Version),4.367081250000002,B-Boy Bouillabaisse: A.W.O.L. (2009 Digital Remaster),4.1871343749999985,Revenge,0.7339075863975516,Never Gonna Give You Up,0.7335461186468103,My Darling,0.7274136259136309,Never Gonna Give You Up,0.746099403436712,Revenge,0.7443318892144923,My Darling,0.7417446849753278
118,TRTDHSB128F422B90F,SOWKMZU12A81C2165A,ARKZ13R1187FB54FEE,Josh Turner,Another Try,country,B-Boy Bouillabaisse: A.W.O.L. (2009 Digital Remaster),2793.0,8 Mile,2726.0,Interlude 5,2672.0,B-Boy Bouillabaisse: A.W.O.L. (2009 Digital Remaster),3.1508015624999985,8 Mile,3.150573437499992,Everytime I...,3.030546874999983,When I'm Gone,0.723260355616626,Killin' Time,0.720328060956678,Blowin' Smoke,0.7074885181726087,When I'm Gone,0.7343941248470012,Killin' Time,0.73122425780468,Keep Moving,0.7209197688752255
119,TREXZYC12903CA281A,SOLDPJZ12AB0186231,ARKZ13R1187FB54FEE,Josh Turner,As Fast As I Could,country,Interlude 5,4904.0,B-Boy Bouillabaisse: A.W.O.L. (2009 Digital Remaster),4482.0,I'm A Winner (Amended Album Version),4328.0,Interlude 5,5.582600000000001,B-Boy Bouillabaisse: A.W.O.L. (2009 Digital Remaster),5.144721875000001,I'm A Winner (Amended Album Version),5.052256250000015,Book Of Life,0.79045537367504,That's How I Beat Shaq,0.7649359733051778,Everytime I...,0.7638827224623027,Book Of Life,0.7988579052116475,That's How I Beat Shaq,0.7747084000132225,Everytime I...,0.767811373847845
120,TRDXSGX128F425F173,SOTSNDR12A8AE47599,ARF8HTQ1187B9AE693,Daft Punk,One More Time / Aerodynamic,electronic,Interlude 5,886.0,Hold Me Down (Album Version),685.0,B-Boy Bouillabaisse: A.W.O.L. (2009 Digital Remaster),588.0,Interlude 5,0.9648999999999981,Hold Me Down (Album Version),0.7901812499999998,One Tribe,0.6445875000000002,Take Me Up,0.5106393392788916,One More Time (Romanthony's Unplugged),0.4897199584040835,Midnight Bottle,0.4775923085151299,Take Me Up,0.527447359312641,One More Time (Romanthony's Unplugged),0.5057275636779099,Midnight Bottle,0.4960549176969501
121,TREAQSX128E07818CA,SOAWSML12A6310F1B7,ARF8HTQ1187B9AE693,Daft Punk,One More Time (Romanthony's Unplugged),electronic,Interlude 5,3417.0,I'm A Winner (Amended Album Version),2264.0,One of Us,2193.0,Interlude 5,3.8526500000000024,I'm A Winner (Amended Album Version),2.5564312500000033,One of Us,2.4881562500000016,One More Time,0.6853881370252313,Come Back Baby,0.6728828098696813,One Love At A Time,0.5739555978494562,One More Time,0.6955450382677406,Come Back Baby,0.6793139097191931,One Love At A Time,0.5912492162203798
122,TRBVPVV128F425F14F,SOOHYOB12CF5F87A28,ARF8HTQ1187B9AE693,Daft Punk,Touch It / Technologic,electronic,Ice Is Workin' It,17762.0,Shake It And Break It,12393.0,If It Aint Broke Break It,9883.0,Ice Is Workin' It,21.570662500000058,Shake It And Break It,15.102706249999944,If It Aint Broke Break It,12.055079687499958,Whip It,0.8022483556158512,It's De-Lovely,0.801219394477016,It's Too Good To Talk About Now,0.7852561888559916,Whip It,0.8060299799284004,It's De-Lovely,0.8050355745285214,It's Too Good To Talk About Now,0.7886888273832221
123,TRBROFT128F92F8769,SOYPPAZ12A8C143CD6,ARORMBJ1241B9CDB1A,Ke$ha,Boots &  Boys,electronic,Interlude 5,7159.0,B-Boy Bouillabaisse: A.W.O.L. (2009 Digital Remaster),5610.0,I'm A Winner (Amended Album Version),5042.0,Interlude 5,8.226549999999989,B-Boy Bouillabaisse: A.W.O.L. (2009 Digital Remaster),6.4085406249999926,Splurge,5.934121874999995,Overcome,0.6719483285043896,I And You,0.6600725475635777,Pray For Me,0.6520101000869691,Overcome,0.6839576875521296,I And You,0.6698112711198629,Pray For Me,0.6666235837587444
124,TRIIWCU128F92F876A,SOQVJWF12A58A801EF,ARORMBJ1241B9CDB1A,Ke$ha,Animal,electronic,Interlude 5,2855.0,B-Boy Bouillabaisse: A.W.O.L. (2009 Digital Remaster),2445.0,8 Mile,2084.0,Interlude 5,3.1294500000000043,B-Boy Bouillabaisse: A.W.O.L. (2009 Digital Remaster),2.6888734375000034,8 Mile,2.3277515625000036,Lovely Thing,0.6375834916155423,Intro,0.580170769323683,Complicated,0.5798884517782943,Lovely Thing,0.654051801775045,I'm On The Mic,0.5985801754588809,Complicated,0.5968432700931395
125,TRVDAHO128F92F231E,SOXUSKK12A8C144F94,AR0IVTL1187B9AD520,Katy Perry,Hot N Cold (Innerpartysystem Main),electronic,Interlude 5,12488.0,I'm A Winner (Amended Album Version),10641.0,My Darling,8864.0,Interlude 5,14.67850000000001,I'm A Winner (Amended Album Version),12.692484375000001,My Darling,10.509835937500004,Delicious,0.8796194992871724,You're A Soldier,0.8460667496659493,You're The Top,0.8429231955349011,Delicious,0.8817949394087483,You're A Soldier,0.8488816012487144,You're The Top,0.8453425561130551
126,TRUGOGT128F92F29E9,SONPGGS12AB0183AD2,AR0WLH6119B8669027,Owl City,Captains and Cruise Ships,electronic,Interlude 5,4515.0,I'm A Winner (Amended Album Version),3927.0,B-Boy Bouillabaisse: A.W.O.L. (2009 Digital Remaster),3868.0,Interlude 5,5.160749999999994,I'm A Winner (Amended Album Version),4.593093750000003,B-Boy Bouillabaisse: A.W.O.L. (2009 Digital Remaster),4.431078124999997,B-Boy Bouillabaisse: A.W.O.L. (2009 Digital Remaster),0.8014736013738506,Excuse You,0.7923761769762433,Fever Moon,0.7891953159490381,B-Boy Bouillabaisse: A.W.O.L. (2009 Digital Remaster),0.8141768003827177,Excuse You,0.8033942014035339,Bad Mutha,0.8008511948149708
127,TRNEITZ128F92F29EA,SOIFHDS12AB0183AD5,AR0WLH6119B8669027,Owl City,Designer Skyline,electronic,Interlude 5,1541.0,B-Boy Bouillabaisse: A.W.O.L. (2009 Digital Remaster),1175.0,My Darling,842.0,Interlude 5,1.7859500000000037,B-Boy Bouillabaisse: A.W.O.L. (2009 Digital Remaster),1.3514203124999988,Splurge,0.9676359374999977,Viva ! blunt force trauma,0.7850568512363785,Snowbirds And Townies,0.758308676345705,Out of the sun,0.7471961108518543,Viva ! blunt force trauma,0.7851486506977174,Snowbirds And Townies,0.7651734526569165,Out of the sun,0.7534389410179979
128,TRMIHFS128F92F2A01,SOLCHRP12AC468D757,AR0WLH6119B8669027,Owl City,Early Birdie,electronic,Interlude 5,1648.0,B-Boy Bouillabaisse: A.W.O.L. (2009 Digital Remaster),1532.0,I'm A Winner (Amended Album Version),1283.0,Interlude 5,1.7679000000000016,B-Boy Bouillabaisse: A.W.O.L. (2009 Digital Remaster),1.6707234374999975,I'm A Winner (Amended Album Version),1.4128531250000007,The Irony Of It All (Album Version),0.5385817768846347,Ten Toes Tall,0.5313540375936867,How We Do,0.5288951534172661,The Irony Of It All (Album Version),0.5676366039949823,Ten Toes Tall,0.562233593749491,How We Do,0.5587293207500901
129,TRDEVZQ128F931BAED,SOQLHST12AB0184A27,AR0WLH6119B8669027,Owl City,Meteor Shower,electronic,Interlude 5,1163.0,B-Boy Bouillabaisse: A.W.O.L. (2009 Digital Remaster),1160.0,I Want You,1140.0,I Want You,1.3827343749999996,B-Boy Bouillabaisse: A.W.O.L. (2009 Digital Remaster),1.3538281250000057,Interlude 5,1.3387500000000037,Soobax,0.7593739172246354,I Don't Need This,0.7287674858818637,Keep Moving,0.7274486509287478,Soobax,0.7650891375745664,I Don't Need This,0.7358109493375435,Keep Moving,0.7335432208111056
130,TRCXWLU128F92F2A0D,SOWHUXB12AB01816EE,AR0WLH6119B8669027,Owl City,This Is The Future,electronic,Interlude 5,1856.0,My Darling,1367.0,Spitfall,1234.0,Interlude 5,2.154400000000002,My Darling,1.6073874999999984,Spitfall,1.4628499999999993,Disgrace (Unholy Remix),0.690277251599624,Fat And Alone,0.678623613676433,Spitfall,0.6645160295322211,Disgrace (Unholy Remix),0.6985047749255158,Fat And Alone,0.6852745463773746,Spitfall,0.6745163695357015
131,TRVJTNA128F934D19D,SOKTUGM12AB0184005,ARRBF3M1187FB4D59F,30 Seconds To Mars,Kings and Queens (Innerpartysystem Remix Main),electronic,Interlude 5,2013.0,One of Us,1452.0,B-Boy Bouillabaisse: A.W.O.L. (2009 Digital Remaster),1150.0,Interlude 5,2.2494499999999995,One of Us,1.6536875000000026,Crazy World,1.3471500000000005,Goons of Hazzard,0.6314949282611061,Black Milk,0.6311563772142186,Tyrants,0.6297434736907238,Goons of Hazzard,0.6419693117332821,Black Milk,0.6414269805898185,Tyrants,0.639052040676579
132,TRRBLPE128F9311B20,SOMSZSA12AB0182E3A,ARVKJGO12086C15075,LMFAO,Bounce,electronic,Interlude 5,5836.0,B-Boy Bouillabaisse: A.W.O.L. (2009 Digital Remaster),5283.0,I'm A Winner (Amended Album Version),4858.0,Interlude 5,6.618799999999998,B-Boy Bouillabaisse: A.W.O.L. (2009 Digital Remaster),6.038259375000006,I'm A Winner (Amended Album Version),5.630581250000006,Claimin' True,0.7861324977280734,Soopaman Luva 3,0.7719323700847756,We Brings Heat,0.7713215963318163,Claimin' True,0.7984691070649035,Soopaman Luva 3,0.7856642453075681,We Brings Heat,0.7856556202122472
133,TRWQYOY128F425BD4C,SOODXDV12A8AE4807F,AR5K3CW1187FB45B46,Crystal Castles,Vanished,electronic,Interlude 5,3888.0,B-Boy Bouillabaisse: A.W.O.L. (2009 Digital Remaster),3138.0,My Darling,2836.0,Interlude 5,4.2758,B-Boy Bouillabaisse: A.W.O.L. (2009 Digital Remaster),3.4339468749999997,My Darling,3.1874156249999985,Cheatin',0.626212234722071,She's On Drugs,0.6200279075286195,We Don't Need You,0.6191947739464817,Cheatin',0.6459466467702077,She's On Drugs,0.6432865071081605,The Man In You,0.641279012996349
134,TRLLRQA128F427C709,SOSKKKY12A8C13ED21,AR5K3CW1187FB45B46,Crystal Castles,Xxzxcuzx,electronic,Interlude 5,1470.0,B-Boy Bouillabaisse: A.W.O.L. (2009 Digital Remaster),850.0,I'm A Winner (Amended Album Version),775.0,Interlude 5,1.6719000000000002,B-Boy Bouillabaisse: A.W.O.L. (2009 Digital Remaster),0.924012499999999,I'm A Winner (Amended Album Version),0.8605250000000008,Kinky Sex Makes the World Go 'Round,0.6109624207020938,The Place We Dwell,0.5894185888591058,Tea For Two (Featuring Jimmy Scott),0.5860526591609085,Kinky Sex Makes the World Go 'Round,0.6341422287171887,The Place We Dwell,0.6127327547271881,Tea For Two (Featuring Jimmy Scott),0.6055912252321028
135,TRDFWPG128F148D4DF,SOIWRAH12A6D4F66C0,ARBEOHF1187B9B044D,Madonna,Die Another Day [Live],electronic,Everytime I...,6749.0,8 Mile,6677.0,B-Boy Bouillabaisse: A.W.O.L. (2009 Digital Remaster),6560.0,Everytime I...,8.235859374999986,8 Mile,7.93255468750002,B-Boy Bouillabaisse: A.W.O.L. (2009 Digital Remaster),7.651820312499989,Cynically Depressed,0.7041875228920784,School Days,0.6952795734270457,I'll Die,0.6837579398186397,Cynically Depressed,0.7094642914514258,School Days,0.7007093700486069,I'll Die,0.6895672809576248
136,TRVWMWN128E0788952,SOMANNK12A6701F0A1,ARN5NHX1187FB4F755,The Smashing Pumpkins,Perfect (Nellee Hooper Instrumental),electronic,Interlude 5,2808.0,I'm A Winner (Amended Album Version),1708.0,I Want You,1654.0,Interlude 5,3.2064000000000017,I Want You,1.955918750000001,I'm A Winner (Amended Album Version),1.9365874999999966,Ship Jumper,0.6266795042970366,Dude_ What Is a Land Pirate?,0.6205517855389093,We Are In Love,0.6146350709181152,Dude_ What Is a Land Pirate?,0.636663868729615,Ship Jumper,0.6354443948563383,On the Outside,0.6318878355032662
137,TRDHPGJ128F4289C44,SOESBMW12A8AE48210,AR8V1X71187B9B919B,Kylie Minogue,Love At First Sight (The Scumfrog's Beauty And The Beast Vocal Edit),electronic,Interlude 5,4574.0,I'm A Winner (Amended Album Version),3212.0,B-Boy Bouillabaisse: A.W.O.L. (2009 Digital Remaster),3103.0,Interlude 5,5.1286999999999985,I'm A Winner (Amended Album Version),3.6301999999999954,B-Boy Bouillabaisse: A.W.O.L. (2009 Digital Remaster),3.386350000000002,Delirious Love,0.5979906907297174,Hear Me Lord,0.582595733005173,Cruisin',0.581623972743572,Delirious Love,0.6164540227043704,Hear Me Lord,0.6009380536653515,Cruisin',0.5990691303805199
138,TRFSQXF128F9311B25,SOCHMTD1288D3E7D9D,ARVKJGO12086C15075,LMFAO,I Am Not A Whore,electronic,8 Mile,5184.0,Over It (Acoustic),4802.0,B-Boy Bouillabaisse: A.W.O.L. (2009 Digital Remaster),4730.0,8 Mile,6.265168750000002,Over It (Acoustic),5.88710625000002,Everytime I...,5.760937500000019,Not A Heel,0.8576282426995355,Hunter,0.8558602835677456,Bitch,0.8534008405706027,Not A Heel,0.8594093108896051,Hunter,0.8576710520204935,Bitch,0.8550069600086608
139,TRXACXM12903CEC365,SOEFTYS129F06C1DEB,ARPD2KK1187B9B8B98,Cascada,Fever,electronic,Touch It / Technologic,5679.0,I'm A Winner (Amended Album Version),5491.0,Ice Is Workin' It,5158.0,Touch It / Technologic,6.815512500000007,I'm A Winner (Amended Album Version),6.394774999999998,Ice Is Workin' It,6.108200000000021,Whip It,0.6581809624414552,Corruption,0.6498733519758743,Save It,0.6492831485413356,Whip It,0.666852218837513,Save It,0.6596086700523046,French Kissing,0.6588063430184941
140,TRWWVGC12903CB5C50,SOBSJQH12AB01876C3,AR6LZB61187B9AF431,Depeche Mode,Freestate,electronic,Cancel (Album Version),1426.0,Acid 8000,1375.0,My Darling,1059.0,Cancel (Album Version),1.7104812499999995,Acid 8000,1.6740437499999998,All Day Sucker,1.2244750000000002,Firefly (LP Version),0.5771870902534981,Cancel (Album Version),0.569373270873363,Brother Sport,0.5593264021266143,Firefly (LP Version),0.590293211050988,Cancel (Album Version),0.5794378650979687,Saint Judas (LP Version),0.572026772174609
141,TRYIJWH128F146948C,SOXZUAV12A6310F21A,AR6LZB61187B9AF431,Depeche Mode,Personal Jesus,electronic,Interlude 5,2846.0,My Darling,2012.0,B-Boy Bouillabaisse: A.W.O.L. (2009 Digital Remaster),1960.0,Interlude 5,3.2446999999999986,My Darling,2.323537500000002,B-Boy Bouillabaisse: A.W.O.L. (2009 Digital Remaster),2.188412500000002,Personal Jesus,0.9556725161526053,Just What Can Happen,0.5727308994552022,Hold You,0.5218987340759413,Personal Jesus,0.9567355016832566,Just What Can Happen,0.5862709205077544,Hold You,0.538524382315772
142,TRDIAZY12903CB6532,SOWUJPS12AB018ACA8,ARAXU5Z1187B98FECD,Gorillaz,Broken,electronic,Interlude 5,1744.0,B-Boy Bouillabaisse: A.W.O.L. (2009 Digital Remaster),1294.0,I'm A Winner (Amended Album Version),1283.0,Interlude 5,1.8763999999999994,I'm A Winner (Amended Album Version),1.4053375000000008,B-Boy Bouillabaisse: A.W.O.L. (2009 Digital Remaster),1.3636062500000017,The Circus,0.4592891307750474,Magical,0.4581981702050645,Operation Rescue,0.44841412695586297,The Circus,0.4823046022550818,Magical,0.4778119969101455,Operation Rescue,0.4722981058001945
143,TRTUJAL128F423E18D,SOGNWLL12AF72AAA61,ARAXU5Z1187B98FECD,Gorillaz,Kids With Guns (Quiet Village Remix),electronic,Touch It / Technologic,6595.0,Ice Is Workin' It,5509.0,Shake It And Break It,3836.0,Touch It / Technologic,8.053109375000018,Ice Is Workin' It,6.657874999999979,Shake It And Break It,4.654562499999991,Touch It / Technologic,0.7012722158831275,Doesn't Make It Alright,0.6553017338529172,Whip It,0.6496500809905021,Touch It / Technologic,0.706104038330947,Doesn't Make It Alright,0.6607096038317538,Whip It,0.6556942447870098
144,TRBTXNE12903CB6528,SOCMRWF12AB018AC92,ARAXU5Z1187B98FECD,Gorillaz,Rhinestone Eyes,electronic,Interlude 5,2670.0,B-Boy Bouillabaisse: A.W.O.L. (2009 Digital Remaster),2212.0,Otha Fish,1948.0,Interlude 5,2.893599999999999,B-Boy Bouillabaisse: A.W.O.L. (2009 Digital Remaster),2.3937765625000007,Otha Fish,2.2043046875000023,Bump,0.584997775103003,Peace_ Prosperity & Paper,0.5839860179193035,Flow On (Move Me No Mountain),0.5766482991474806,Peace_ Prosperity & Paper,0.6151066731770107,Bump,0.6122319443189098,Flow On (Move Me No Mountain),0.6092094824177163
145,TRKQRSQ128F92D5134,SOTTAJB12A8C142C18,AR4L4WQ1187FB51996,The Prodigy,Invaders Must Die,electronic,NDW 2005,420.0,Stand,390.0,The Earth Dies Screaming,308.0,NDW 2005,0.5137875000000001,Stand,0.47988749999999586,The Earth Dies Screaming,0.3795999999999964,Popkultur / Meide,0.5327178845109605,Immersed In Pain,0.48563179862019645,We'll Never Die,0.4788709714230998,Popkultur / Meide,0.534686377234948,Immersed In Pain,0.48780783917080295,We'll Never Die,0.4816192562600812
146,TRBFVAA128F423C356,SOCWAFA12A8AE48A78,AR4L4WQ1187FB51996,The Prodigy,Wake Up Call (Album Version),electronic,Interlude 5,777.0,I'm A Winner (Amended Album Version),641.0,Do The Bartman,553.0,Interlude 5,0.8838500000000004,I'm A Winner (Amended Album Version),0.7441312500000002,Do The Bartman,0.6441062500000011,Undertaker,0.5534850779073099,Come Back When It Ain't Rainin',0.524782946328693,Strike It Up,0.5048330364924183,Undertaker,0.5655267117210215,Come Back When It Ain't Rainin',0.5364768537952223,Put It On Me,0.5190370341141012
147,TRFSCLD12903CD213F,SOENGNL12AB018E1BD,AR4L4WQ1187FB51996,The Prodigy,We Gonna Rock,electronic,Stop The Rock,5616.0,Here We Go,5217.0,It's A Party,4548.0,Stop The Rock,6.898874999999996,Here We Go,6.355950000000002,It's A Party,5.364850000000003,Rock Lobster (Live),0.5274072335093796,Good Times,0.47977002212269504,Convoy,0.47322679039581944,Rock Lobster (Live),0.5313037291440534,Good Times,0.48373375565738,Convoy,0.4750964702244586
148,TRZTQEP128E0792526,SOYMEOT12A6701DE9A,ARK9TRQ1187B99C095,Nine Inch Nails,The Great Collapse,electronic,Interlude 5,1597.0,Ice Is Workin' It,1109.0,Touch It / Technologic,1086.0,Interlude 5,1.8651500000000008,Ice Is Workin' It,1.324262499999997,Touch It / Technologic,1.3057546874999986,A Floater Left With Pleasure In The Executive Washroom.,0.5841683088269369,Day Like This,0.5678809889455769,C.O.A.,0.5574882644141799,A Floater Left With Pleasure In The Executive Washroom.,0.5900304305670155,Day Like This,0.5743497742760909,C.O.A.,0.5625056747804826
149,TRLTFVP128E0782B34,SOITPXC12A6310E0DA,AR9L6R11187B9AA3F2,Duran Duran,Electric Barbarella (Radio Edit),electronic,Interlude 5,4025.0,I'm A Winner (Amended Album Version),3075.0,B-Boy Bouillabaisse: A.W.O.L. (2009 Digital Remaster),2731.0,Interlude 5,4.690849999999998,I'm A Winner (Amended Album Version),3.6212875000000007,B-Boy Bouillabaisse: A.W.O.L. (2009 Digital Remaster),3.1290812499999974,Epilogue,0.7478695192864779,Famous Blue Raincoat,0.7292397946188018,She's The Source,0.7290728805281566,Epilogue,0.7587906862592929,Famous Blue Raincoat,0.7413997674492591,Boxcutter Rap,0.740232121292283
150,TRFVWXW128F931A0E9,SOPERLI129F0824AA5,ARAOQ5T1187FB435AB,Björk,Pluto,electronic,8 Mile,494.0,Interlude 5,465.0,B-Boy Bouillabaisse: A.W.O.L. (2009 Digital Remaster),416.0,8 Mile,0.5768562499999996,Interlude 5,0.5168500000000001,Everytime I...,0.4828125000000012,Wasteland,0.5476552289852917,Pardon Me,0.5251614858386762,Birds Of Paradise,0.5123571601648227,Wasteland,0.5566522713077471,Pardon Me,0.5346991212454282,Birds Of Paradise,0.5230191827264211
151,TRKQQMW128F92D54DF,SOMXUUY12A8C141D38,ARD063K11C8A422ED7,Empire Of The Sun,Delta Bay,electronic,Otha Fish,1518.0,B-Boy Bouillabaisse: A.W.O.L. (2009 Digital Remaster),1437.0,I'm A Winner (Amended Album Version),1404.0,Otha Fish,1.728960937499992,I'm A Winner (Amended Album Version),1.5430593750000017,B-Boy Bouillabaisse: A.W.O.L. (2009 Digital Remaster),1.5250453125000016,Down In The Alley,0.5411379504774838,The What,0.4868686956592924,Unintended Long Term Effects,0.4793278095282879,Down In The Alley,0.5580896364022438,The What,0.5145079969904688,Unintended Long Term Effects,0.49927693761814484
152,TRFYMPB128F93100C0,SOXKRRQ12AB017C0F2,ARD063K11C8A422ED7,Empire Of The Sun,We Are The People (Shazam Remix),electronic,Interlude 5,8737.0,I'm A Winner (Amended Album Version),7195.0,I Want You,6302.0,Interlude 5,10.146150000000004,I'm A Winner (Amended Album Version),8.487196874999997,I Want You,7.592629687499985,Revenge,0.7456428303160773,Rush,0.7304206635896473,Irresistible ( LP Version ),0.7152316350031789,Revenge,0.7544107678533769,Rush,0.7390582047411307,Irresistible ( LP Version ),0.7226488246114888
153,TRBCSDW128F424D686,SOQWSGM12A6D4FC3C6,ARIRCA31187FB58E84,The Maine,You Left Me,electronic,Interlude 5,9266.0,Hold Me Down (Album Version),8377.0,That's What You Told Me,7883.0,Interlude 5,10.6924,Hold Me Down (Album Version),10.058853125000004,That's What You Told Me,9.512706250000006,It's Too Late,0.6832478050671903,Touch Me,0.6442541133802631,Play With Fire,0.6283818352416847,It's Too Late,0.692284114430058,Touch Me,0.6547758611089833,Play With Fire,0.6392680317217907
154,TRRXQJA128F1472A56,SOYPJMP12AF72A901D,ARWA8AH1187FB3FC84,Hot Chip,The Warning,electronic,I'm A Winner (Amended Album Version),3859.0,Interlude 5,3739.0,B-Boy Bouillabaisse: A.W.O.L. (2009 Digital Remaster),3551.0,I'm A Winner (Amended Album Version),4.505087499999991,Interlude 5,4.186149999999999,B-Boy Bouillabaisse: A.W.O.L. (2009 Digital Remaster),4.0309812499999955,Hunter killer,0.6989437317707898,Waiting For The Day,0.6974372227790097,It's All Up To You,0.6843409112271108,Waiting For The Day,0.7080898506941884,Hunter killer,0.7060697363811239,It's All Up To You,0.6936925649838742
155,TRMDYBW128F14A17E8,SOODBDC12A8C13E4E9,ARTH03J1187FB3E00C,Enter Shikari,Keep It On Ice,electronic,B-Boy Bouillabaisse: A.W.O.L. (2009 Digital Remaster),1426.0,My Darling,1253.0,New Town,1231.0,B-Boy Bouillabaisse: A.W.O.L. (2009 Digital Remaster),1.6228546875000032,Acid 8000,1.4746671875000006,New Town,1.4595109374999973,Captor Of Sin (Slayer Cover),0.6284530678419455,Lord Of Eternity,0.6160767380690609,Super Reality,0.5959436238059821,Captor Of Sin (Slayer Cover),0.6381371265238076,Lord Of Eternity,0.6254869980354952,Super Reality,0.6057689414782675
156,TRCNUNL128F93437CF,SOYQNWH12AB0180C07,ARTH03J1187FB3E00C,Enter Shikari,The Jester,electronic,Interlude 5,3529.0,B-Boy Bouillabaisse: A.W.O.L. (2009 Digital Remaster),2594.0,I'm A Winner (Amended Album Version),2319.0,Interlude 5,4.008750000000004,B-Boy Bouillabaisse: A.W.O.L. (2009 Digital Remaster),2.9058984374999977,I'm A Winner (Amended Album Version),2.635703124999996,Keep It Real,0.7098437463373438,You & I,0.6838021961195,Flow On (Move Me No Mountain),0.6829748169205642,Keep It Real,0.7272648260569898,Flow On (Move Me No Mountain),0.7033017724963556,You & I,0.702882205347534
157,TRIPJIJ128F1453AE0,SORSPQO12A6D4F782F,AREACYD1187FB566DE,Enya,Lazy Days,electronic,Interlude 5,1240.0,Ice Is Workin' It,1176.0,Touch It / Technologic,1144.0,Interlude 5,1.4027999999999994,Ice Is Workin' It,1.4003999999999954,Touch It / Technologic,1.3719000000000043,Mistress Of Disguise,0.5859491664024653,Swept Away,0.5791766037625492,It's Okay To Think About Ending,0.5725591622596256,Mistress Of Disguise,0.5985239830039881,Swept Away,0.5920586402617903,It's Okay To Think About Ending,0.5829845869535093
158,TRPLRVY128F1473EBE,SOTCEXG12A6D4F60FE,AREACYD1187FB566DE,Enya,Someone Said Goodbye,electronic,Interlude 5,4463.0,I Want You,3086.0,I'm A Winner (Amended Album Version),3037.0,Interlude 5,5.11415,I Want You,3.686746874999995,I'm A Winner (Amended Album Version),3.492618749999999,I Don't Know Why You Don't Want Me,0.7192580977680852,I Don't Know Why I Love You,0.6600251045552675,I Don't Know That You Don't Know My Name (2004 Digital Remaster),0.6196878869366148,I Don't Know Why You Don't Want Me,0.7267854833606897,I Don't Know Why I Love You,0.6681571071763651,Why Can't You Behave?,0.6295711050428603
159,TRWPUDX128F148F907,SODFLBN12A6D4F923A,AREACYD1187FB566DE,Enya,The Magic Of The Night,electronic,Interlude 5,1640.0,I'm A Winner (Amended Album Version),1374.0,Otha Fish,1350.0,Interlude 5,1.7303000000000006,Otha Fish,1.5213515624999991,I'm A Winner (Amended Album Version),1.5085656250000028,The Power Of Lard,0.5713510788110243,Lost,0.5432385530818851,MAPS OF REALITY,0.5154597811191144,The Power Of Lard,0.5896322973574187,Lost,0.5583246731243598,MAPS OF REALITY,0.5369008030934663
160,TRZQTSM128F9328120,SOZDITZ12A58A7B41A,AR91C8S1187B990901,Bruce Springsteen,Gave It A Name,folk,Interlude 5,1133.0,Ice Is Workin' It,985.0,B-Boy Bouillabaisse: A.W.O.L. (2009 Digital Remaster),970.0,Interlude 5,1.2161499999999992,Ice Is Workin' It,1.1366375000000009,Touch It / Technologic,1.1297703125000025,Mr. E. Leon Rauis,0.5796968952234606,Ninja Of Love (Album Version),0.5787355657786709,Mongoloid,0.550751776519566,Mr. E. Leon Rauis,0.5931226425529182,Ninja Of Love (Album Version),0.5901834567271025,Wolfman Jack,0.5632297693626623
161,TRNZCWJ128F427099F,SODXHZV12A8C1340B6,ARH861H1187B9B799E,Johnny Cash,The Vanishing Race,folk,B-Boy Bouillabaisse: A.W.O.L. (2009 Digital Remaster),1696.0,Interlude 5,1648.0,8 Mile,1139.0,B-Boy Bouillabaisse: A.W.O.L. (2009 Digital Remaster),1.9430437499999957,Interlude 5,1.8484,8 Mile,1.290206249999999,The Ride Of The Valkyries,0.672340334049815,Peaceful,0.6598012519105695,The Sound of Silence,0.6452087927872592,The Ride Of The Valkyries,0.6842119717617625,Peaceful,0.6732444622478669,The Sound of Silence,0.6597289562238479
162,TRJQRAP128F9314B3F,SOMSWGY12AB017F755,ARZENOX1187B98A645,John Mayer,All We Ever Do Is Say Goodbye,folk,Interlude 5,4058.0,I Want You,3182.0,I'm A Winner (Amended Album Version),2569.0,Interlude 5,4.578000000000004,I Want You,3.795757812499998,Don't You Say No,3.0388046874999985,Don't Say Goodbye,0.5440054369177466,Goodbye,0.501685680317277,Part Of The Process,0.4957130333776111,Don't Say Goodbye,0.5576360185477601,Goodbye,0.515954481420897,See You Next Summer,0.5087351263108321
163,TRETJUU128F426402A,SOYHOTV12A8C132B9B,ARZENOX1187B98A645,John Mayer,Clarity,folk,I Mean (I Don't Mean It),3416.0,B-Boy Bouillabaisse: A.W.O.L. (2009 Digital Remaster),3347.0,Interlude 5,3332.0,I Mean (I Don't Mean It),4.050003125000001,B-Boy Bouillabaisse: A.W.O.L. (2009 Digital Remaster),3.7490531249999988,Interlude 5,3.6452000000000027,Rubylove,0.7899779050641508,Honeymoon With You,0.5841660214865244,Dear Lover,0.5288989868982447,Rubylove,0.7914090893574053,Honeymoon With You,0.592999738458225,Dear Lover,0.5409967898181834
164,TRNOUUF128F4280B8D,SOHREDT12A8C13862F,ARZENOX1187B98A645,John Mayer,Why Georgia,folk,8 Mile,3749.0,B-Boy Bouillabaisse: A.W.O.L. (2009 Digital Remaster),3657.0,Over It (Acoustic),3583.0,8 Mile,4.407549999999995,Over It (Acoustic),4.329050000000012,B-Boy Bouillabaisse: A.W.O.L. (2009 Digital Remaster),4.201949999999993,8 Mile,0.7480160130617194,Rabbit Run,0.7477634748512699,Book Of Life,0.7462799898868091,8 Mile,0.75774016369134,Rabbit Run,0.7575083177970414,Book Of Life,0.7555192686623954
165,TREKVTY128E0784BA3,SOBHKVI12A6701F1C8,ARC8CQZ1187B98DECA,Jack Johnson,Mudfootball (For Moe Lerner),folk,Interlude 5,2367.0,B-Boy Bouillabaisse: A.W.O.L. (2009 Digital Remaster),1514.0,Man In The Mirror,1355.0,Interlude 5,2.5309499999999967,B-Boy Bouillabaisse: A.W.O.L. (2009 Digital Remaster),1.5347406250000006,Man In The Mirror,1.3269812500000018,More Pricks Than Kicks,0.5190026997832143,Devil,0.5055528952192916,East Coast Fuck You,0.4955270649658352,Devil,0.5392784452354596,More Pricks Than Kicks,0.5382528517857033,S.U.C.,0.5233054874891184
166,TRYNAAP128F427EF64,SOCJTTL12A8C14009F,AR7OA5G1187B98D3A0,Sufjan Stevens,Sister Winter,folk,Interlude 5,3703.0,B-Boy Bouillabaisse: A.W.O.L. (2009 Digital Remaster),3494.0,I'm A Winner (Amended Album Version),3410.0,Interlude 5,4.274549999999998,B-Boy Bouillabaisse: A.W.O.L. (2009 Digital Remaster),4.071290625,I'm A Winner (Amended Album Version),4.0310187499999985,Friends/Oh My My (LIve),0.7716130694009664,Tears of Laughter,0.6869066333973649,Waterloo,0.6837850855869907,Friends/Oh My My (LIve),0.7771210723403891,Tears of Laughter,0.6946715261934102,Waterloo,0.6914900399419549
167,TRFMWVJ128E0791E70,SODZLMJ127D977E810,ARE0WH81187B9A7BA3,Rufus Wainwright,In A Graveyard,folk,Interlude 5,613.0,One of Us,541.0,B-Boy Bouillabaisse: A.W.O.L. (2009 Digital Remaster),461.0,Interlude 5,0.6466499999999997,One of Us,0.6039374999999986,B-Boy Bouillabaisse: A.W.O.L. (2009 Digital Remaster),0.4762312500000016,Gamma Ray,0.4731157847452228,Indulge In Frenzy,0.43662632922430333,And The World Shall Be Your Grave,0.4298124676005156,Gamma Ray,0.49465706503974505,Indulge In Frenzy,0.45727531472419775,Doom Over The World,0.4545166287977355
168,TRLTTDC128E079380E,SOCTYHG12A679D7E2B,ARE0WH81187B9A7BA3,Rufus Wainwright,Baby,folk,Interlude 5,5681.0,I'm A Winner (Amended Album Version),5126.0,B-Boy Bouillabaisse: A.W.O.L. (2009 Digital Remaster),4861.0,Interlude 5,6.606749999999998,I'm A Winner (Amended Album Version),6.084328124999989,I Want You,5.83575781250001,I Think I Love You,0.8339074933245704,I Still Love You,0.8239305960493865,Everytime I...,0.8152414104270819,I Think I Love You,0.8386664591573368,I Still Love You,0.8289853313139036,Everytime I...,0.8183457283868151
169,TRUCWXA128F92E4944,SOYGQGR12AF72ABAB8,ARQEBGJ122E6447D2B,Edward Sharpe & The Magnetic Zeros,Janglin,folk,Interlude 5,1710.0,B-Boy Bouillabaisse: A.W.O.L. (2009 Digital Remaster),1085.0,My Darling,1072.0,Interlude 5,1.8637999999999995,We Gonna Rock,1.2522249999999997,My Darling,1.1724703125000002,Dead March,0.6719954819835102,Goons of Hazzard,0.6659943286996238,We Are Detective,0.6419592206954037,Goons of Hazzard,0.6786363838670403,Dead March,0.6777057515773306,We Are Detective,0.6545859675012985
170,TRGQBAX128F426EFCA,SOERZLJ12A8C132D53,AR5FP401187FB523C9,Bob Dylan,Ballad In Plain D,folk,Interlude 5,4363.0,B-Boy Bouillabaisse: A.W.O.L. (2009 Digital Remaster),4319.0,8 Mile,3527.0,B-Boy Bouillabaisse: A.W.O.L. (2009 Digital Remaster),4.835182812499998,Interlude 5,4.779849999999995,8 Mile,3.983442187499999,Electric Lady,0.765677105830507,Birthday Card,0.7493331908470023,Caroline (Album Version),0.7444217104322884,Electric Lady,0.7786801438980581,Birthday Card,0.7638939200181829,Caroline (Album Version),0.7600571652544487
171,TRGSDTP128F92F76D1,SOHMZEX12A8C132F5F,AR5FP401187FB523C9,Bob Dylan,One Of Us Must Know (Sooner Or Later),folk,Interlude 5,8617.0,I'm A Winner (Amended Album Version),6823.0,I Want You,5664.0,Interlude 5,10.124949999999998,I'm A Winner (Amended Album Version),8.106371875000008,I Want You,6.842467187500009,I Try,0.8249023999190257,Chelsea Hotel #2,0.8194665364814024,Revenge,0.8091981097180713,I Try,0.8300310278249087,Chelsea Hotel #2,0.8255527888645763,Revenge,0.8158894872455159
172,TRMRMTN128F92D426F,SOIZDJI12A8C1435C7,ARSF0K11187B9AF319,James Taylor,It's Growing,folk,Interlude 5,5582.0,Touch It / Technologic,4204.0,Ice Is Workin' It,4069.0,Interlude 5,6.285199999999998,Touch It / Technologic,4.981748437500006,Ice Is Workin' It,4.758912500000004,Big And Bad,0.6544471983993573,Coal Black Horses,0.6411735414584462,Shock Dat Monkey,0.5359128863342352,Big And Bad,0.6623058767432092,Coal Black Horses,0.6494944600193853,Shock Dat Monkey,0.5487054736705547
173,TRDFPTZ128F14B108C,SOJKUOG12A6D4FD11D,ARSF0K11187B9AF319,James Taylor,Oh_ Susannah (LP Version),folk,B-Boy Bouillabaisse: A.W.O.L. (2009 Digital Remaster),2513.0,Interlude 5,2392.0,I'm A Winner (Amended Album Version),2121.0,B-Boy Bouillabaisse: A.W.O.L. (2009 Digital Remaster),2.8988968749999993,Interlude 5,2.7002000000000006,I'm A Winner (Amended Album Version),2.461856250000006,Snoopafella (Edited),0.7393268470616022,Act A Fool,0.7233995794695326,Shape I'm In,0.7175666732967755,Snoopafella (Edited),0.751170263555241,Act A Fool,0.7361404325547102,B-Boy Bouillabaisse: A.W.O.L. (2009 Digital Remaster),0.7270736977073202
174,TROZEMN128F4262CCA,SOHSTLE12A8C132425,ARSF0K11187B9AF319,James Taylor,Something In The Way She Moves,folk,Interlude 5,4724.0,B-Boy Bouillabaisse: A.W.O.L. (2009 Digital Remaster),3817.0,She Ain't Afraid,3260.0,Interlude 5,5.286299999999995,B-Boy Bouillabaisse: A.W.O.L. (2009 Digital Remaster),4.253845312499995,She Ain't Afraid,3.7147921874999996,Hair,0.6717997645006921,Got Some Teeth,0.6500910799894744,Passin' Me By,0.6495420206197321,Hair,0.6898237509042626,Got Some Teeth,0.6668673603111734,Passin' Me By,0.6661505056060111
175,TRGAZWQ12903CB0BA9,SOGJZZZ12AF72AA43B,ARYQES41187B9B960F,David Gray,Draw The Line,folk,Interlude 5,1466.0,B-Boy Bouillabaisse: A.W.O.L. (2009 Digital Remaster),1176.0,Cancel (Album Version),1002.0,Interlude 5,1.4506999999999994,B-Boy Bouillabaisse: A.W.O.L. (2009 Digital Remaster),1.1507093750000008,Cancel (Album Version),1.122553125000001,Stand In Line,0.43708266604311063,Farewell Ride,0.43543919986695345,California,0.43100933238323774,Stand In Line,0.4568882237507943,Farewell Ride,0.4554883361460728,California,0.4541322126490904
176,TRSNACX128E078AA88,SOKYDGS12A6701E3CB,ARYQES41187B9B960F,David Gray,Sail Away,folk,The Rockafeller Skank,4327.0,Interlude 5,3842.0,Hold Me Down (Album Version),3580.0,The Rockafeller Skank,5.172750000000033,Interlude 5,4.259700000000007,Hold Me Down (Album Version),4.22351250000001,Angelica,0.6312952792090791,Nice & Slow,0.6208463246777821,Misled,0.6154786750501673,Angelica,0.6422368518882587,Nice & Slow,0.6338410188205807,Misled,0.6288536656274727
177,TRXCQOC12903CB0BBA,SOEWUQY12AB0188156,ARYQES41187B9B960F,David Gray,Stella The Artist,folk,Interlude 5,1637.0,B-Boy Bouillabaisse: A.W.O.L. (2009 Digital Remaster),1278.0,She Ain't Afraid,1016.0,Interlude 5,1.774850000000003,B-Boy Bouillabaisse: A.W.O.L. (2009 Digital Remaster),1.3705343749999992,She Ain't Afraid,1.111990625,Ballad In Plain D,0.4701420897661209,Vapors,0.4701387893544142,Song Of Lies,0.4632499483995309,Vapors,0.5017708039497569,Ballad In Plain D,0.49636157511637835,Song Of Lies,0.48815745465517957
178,TRPGPVH128F429B2F0,SOGACYC12A8C13C528,ARZWK2R1187B98F09F,Rise Against,Swing Life Away (Acoustic),folk,Interlude 5,4554.0,B-Boy Bouillabaisse: A.W.O.L. (2009 Digital Remaster),3753.0,I'm A Winner (Amended Album Version),3492.0,Interlude 5,5.133599999999994,B-Boy Bouillabaisse: A.W.O.L. (2009 Digital Remaster),4.223854687499997,I'm A Winner (Amended Album Version),3.9997406249999994,Soulmate,0.7046213058004958,On the Outside,0.689861665468378,Gas In My Car,0.6801670204477913,Soulmate,0.7189496142418095,On the Outside,0.706768690944044,Gas In My Car,0.697442950464658
179,TRHLRGU128F42643FB,SORGTNE12D02193408,AR5FP401187FB523C9,Bob Dylan,Billy 4,folk,Interlude 5,3007.0,I'm A Winner (Amended Album Version),2423.0,My Darling,2140.0,Interlude 5,3.259649999999998,I'm A Winner (Amended Album Version),2.702571875000002,Spitfall,2.4249437500000024,Spitfall,0.6418661041430578,The Dance,0.5932247393876987,Hollywood (So Far_ So Good),0.5865989028345368,Spitfall,0.6626789551653871,The Dance,0.6265403539181253,Graham Greene,0.6059454199125038
180,TRFCCKL128F426EE8E,SORACYK12D02193097,AR5FP401187FB523C9,Bob Dylan,Stuck Inside Of Mobile With The Memphis Blues Again,folk,Interlude 5,7190.0,B-Boy Bouillabaisse: A.W.O.L. (2009 Digital Remaster),5605.0,I'm A Winner (Amended Album Version),4521.0,Interlude 5,7.920299999999995,B-Boy Bouillabaisse: A.W.O.L. (2009 Digital Remaster),6.113775,I'm A Winner (Amended Album Version),4.953800000000005,Vapors,0.6353965509281033,Ridiculous,0.6167885032279086,Kill The President,0.6160583982478228,Vapors,0.6678006172278396,Ridiculous,0.6462188123703354,Hair,0.6437198518961156
181,TRGOYOU128F93223F2,SOWILEH12CF5F8729B,AR5FP401187FB523C9,Bob Dylan,Pretty Peggy-O,folk,Interlude 5,1454.0,B-Boy Bouillabaisse: A.W.O.L. (2009 Digital Remaster),1186.0,My Darling,1144.0,Interlude 5,1.5024000000000002,Cancel (Album Version),1.2677546875,My Darling,1.2371296875000006,Mr. E. Leon Rauis,0.5228907274239614,Automatic Man (Album Version),0.5110774648400714,The Sanity Assassin,0.5018354299347356,Mr. E. Leon Rauis,0.5416654706732521,Automatic Man (Album Version),0.5282993028416241,Darkness eve,0.5179596269795272
182,TROMGSH128F427A408,SOBADWZ12CF5F86CD7,AR5FP401187FB523C9,Bob Dylan,She Belongs To Me,folk,She Ain't Afraid,1718.0,She Luv It,1594.0,Queen Of Hollywood ( LP Version ),1481.0,She Ain't Afraid,1.9734218750000005,She Luv It,1.8755000000000022,Queen Of Hollywood ( LP Version ),1.753343749999998,She's Amazing,0.7441348931319449,She's Single Again,0.7286398001650679,Addicted,0.7259392328589465,She's Amazing,0.7496652116822717,She's Single Again,0.7369258686409615,Addicted,0.7344662537966612
183,TRFBWEC128F42B8346,SOFDFBL12CF5F89018,AR5FP401187FB523C9,Bob Dylan,When The Deal Goes Down,folk,Interlude 5,4500.0,B-Boy Bouillabaisse: A.W.O.L. (2009 Digital Remaster),3401.0,I'm A Winner (Amended Album Version),3122.0,Interlude 5,5.171899999999996,B-Boy Bouillabaisse: A.W.O.L. (2009 Digital Remaster),3.8723328124999976,I'm A Winner (Amended Album Version),3.6063843750000046,Hold You,0.7790156913243086,Shift Shape,0.7589073932774832,The Irony Of It All (Album Version),0.7532121135683434,Hold You,0.7910491929359419,Shift Shape,0.7729686927188213,The Irony Of It All (Album Version),0.7677562712748037
184,TRDVYVJ128F426F7C0,SOXYGEE12CF5F875CF,AR5FP401187FB523C9,Bob Dylan,With God On Our Side,folk,Interlude 5,3985.0,B-Boy Bouillabaisse: A.W.O.L. (2009 Digital Remaster),3634.0,Ice Is Workin' It,2801.0,Interlude 5,4.3855499999999985,B-Boy Bouillabaisse: A.W.O.L. (2009 Digital Remaster),4.0443296875,Ice Is Workin' It,3.219587500000009,Keep It Real,0.7048937862645819,We Brings Heat,0.6934558728704446,LBC And The ING (Explicit),0.6713103670352469,Keep It Real,0.7258165704315714,We Brings Heat,0.7158439676971885,LBC And The ING (Explicit),0.6962439773360479
185,TREKVGV128E0788976,SOSHHZB12A6701F0C5,ARN5NHX1187FB4F755,The Smashing Pumpkins,Terrapin,folk,Interlude 5,2977.0,I'm A Winner (Amended Album Version),2510.0,I Want You,2368.0,Interlude 5,3.477450000000002,I'm A Winner (Amended Album Version),2.9781687500000023,I Want You,2.8703968750000013,Preacher On A Sunday Morning,0.686505395893889,Only You,0.6764096026138853,Beautiful Dreamer,0.6739731453621975,Preacher On A Sunday Morning,0.6963398906057763,Only You,0.6852653143008917,Beautiful Dreamer,0.6809746977294956
186,TRUUBKE128F426F5C0,SONBFSZ12AF729E7A3,ARSF0K11187B9AF319,James Taylor,On The 4th of July,folk,Interlude 5,3136.0,B-Boy Bouillabaisse: A.W.O.L. (2009 Digital Remaster),2180.0,One of Us,2127.0,Interlude 5,3.4945000000000044,One of Us,2.401484375000001,B-Boy Bouillabaisse: A.W.O.L. (2009 Digital Remaster),2.3691640625000003,Moonlight Serenade,0.6564247701933839,Showtape '91,0.6470054100429385,The 4th Branch,0.6463528621017678,Moonlight Serenade,0.6741126880317854,Showtape '91,0.6659066271574315,The 4th Branch,0.6655735905638792
187,TRJZYIT128F426D5BE,SONYMBG12CF5826721,ARSF0K11187B9AF319,James Taylor,Company Man,folk,Interlude 5,4436.0,I'm A Winner (Amended Album Version),3564.0,Man In The Mirror,3240.0,Interlude 5,5.140200000000001,I'm A Winner (Amended Album Version),4.190450000000004,Man In The Mirror,3.7029500000000035,Can't You See,0.783396749807952,Only You,0.7690250460497676,Nausea,0.7671443386897437,Can't You See,0.7889231788967777,Nausea,0.7770988005949183,Only You,0.7767673301754846
188,TRYOIZM128F14567A0,SODRUMV12A6D4F7A58,ARTBSEF1187FB3CBDE,Jimmy Buffett,Ace,folk,Interlude 5,2508.0,B-Boy Bouillabaisse: A.W.O.L. (2009 Digital Remaster),2241.0,Man In The Mirror,2060.0,Interlude 5,2.5784000000000002,B-Boy Bouillabaisse: A.W.O.L. (2009 Digital Remaster),2.335778124999994,Man In The Mirror,2.0978062500000045,Old Hippie,0.6759179570691175,Possessed To Skate,0.6572485236859034,Wolfman Jack,0.6500895763653691,Old Hippie,0.6899667082079847,Wolfman Jack,0.67493263812083,Possessed To Skate,0.6720943098962607
189,TRQYFLB128E078941E,SOBRYFG12AF72A1BAE,ARGHBVV1187FB4D57A,Ryan Adams,How Do You Keep Love Alive,folk,Interlude 5,3347.0,I'm A Winner (Amended Album Version),3295.0,I Want You,2643.0,I'm A Winner (Amended Album Version),3.8331562499999996,Interlude 5,3.7467500000000014,I Want You,3.1431406249999965,The Guns of Love Disastrous,0.6441043207316767,Buzzards of Love,0.6376504192751741,Can't You See,0.6358794944887637,The Guns of Love Disastrous,0.6572720253602651,Buzzards of Love,0.6544057887647112,Conant Gardens,0.6498491137650593
190,TRZUSDI128F4259806,SOXBQDJ12A6D4F93CC,ARGHBVV1187FB4D57A,Ryan Adams,When The Stars Go Blue,folk,I'm A Winner (Amended Album Version),2749.0,Interlude 5,2386.0,I Want You,2034.0,I'm A Winner (Amended Album Version),3.2423468750000013,Interlude 5,2.685800000000001,I Want You,2.4334546875000016,Do You Know Where You're Going To,0.5674580868569645,Theme From Mahagony (Do You Know Where You're Going To),0.5529860298617106,Superman Tonight,0.5365564444532811,Do You Know Where You're Going To,0.5756519429010702,Theme From Mahagony (Do You Know Where You're Going To),0.5616768149120054,Superman Tonight,0.5469083387728301
191,TRWUFEW128F14782F3,SOBCLWO12A6D4F83AD,AR90WS41187FB3F064,Ray LaMontagne,Forever My Friend,folk,Interlude 5,4171.0,B-Boy Bouillabaisse: A.W.O.L. (2009 Digital Remaster),3187.0,8 Mile,3124.0,Interlude 5,4.659450000000004,8 Mile,3.5551734374999917,B-Boy Bouillabaisse: A.W.O.L. (2009 Digital Remaster),3.520201562499996,Judgement Hour,0.6032377995339926,This Is Me (Acoustic Full Version),0.6027426520047567,Time to Lose,0.6026333497750034,Judgement Hour,0.6235777533283492,This Is Me (Acoustic Full Version),0.6204819523891244,Boulevard,0.6155496935042378
192,TRPZXTD128F14856D4,SOFZRDV12A6D4FACB1,AR90WS41187FB3F064,Ray LaMontagne,How Come [Acoustic Mix],folk,Interlude 5,3048.0,B-Boy Bouillabaisse: A.W.O.L. (2009 Digital Remaster),2639.0,8 Mile,2166.0,Interlude 5,3.3683999999999994,B-Boy Bouillabaisse: A.W.O.L. (2009 Digital Remaster),2.929449999999995,8 Mile,2.428800000000003,Midnight Man,0.5627382432242967,Pace Is The Trick,0.5611403390898285,B-Boy Bouillabaisse: A.W.O.L. (2009 Digital Remaster),0.555408385517161,Midnight Man,0.5852238166776126,B-Boy Bouillabaisse: A.W.O.L. (2009 Digital Remaster),0.5836354299324463,Temple,0.5818670194058317
193,TRIOKOC128F4267572,SOIOLFS12D021989DD,ARTQ8QP1187FB3D220,Leonard Cohen,Chelsea Hotel #2,folk,Interlude 5,6689.0,I'm A Winner (Amended Album Version),5830.0,I Want You,4980.0,Interlude 5,7.871350000000003,I'm A Winner (Amended Album Version),6.967334375000004,I Want You,6.0449484375,Angelina,0.8419100364972352,Everybody Needs Somebody To Love,0.8379721205027777,One Of Us Must Know (Sooner Or Later),0.8194665364814021,Angelina,0.8471485144612962,Everybody Needs Somebody To Love,0.8431146149360579,One Of Us Must Know (Sooner Or Later),0.8255527888645763
194,TREBQMO128F42828DB,SOOHIHR12AF72A7053,ARIDDOM1187B9A1360,We Are Scientists,Lethal Enforcer (Live From Union Chapel_ London),folk,Interlude 5,4731.0,I'm A Winner (Amended Album Version),3964.0,B-Boy Bouillabaisse: A.W.O.L. (2009 Digital Remaster),3735.0,Interlude 5,5.377849999999999,I'm A Winner (Amended Album Version),4.604771874999981,Ice Is Workin' It,4.370362500000004,Hook,0.6808831495857783,This Song Goes Out To (Album Version),0.6728202770664741,War Out Of Peace,0.6695478507569059,Hook,0.6948590830891974,You & I,0.6849975944183156,War Out Of Peace,0.6838619934925734
195,TRIQKDQ128F146F504,SOVWOMM12A6D4F8484,ARCJKV91187FB46210,KT Tunstall,Change,folk,Interlude 5,3840.0,I Want You,3147.0,B-Boy Bouillabaisse: A.W.O.L. (2009 Digital Remaster),3129.0,Interlude 5,4.395200000000002,I Want You,3.7849750000000015,B-Boy Bouillabaisse: A.W.O.L. (2009 Digital Remaster),3.5727250000000037,Pervert,0.7534982285256862,Oooh,0.7449380765193725,More Than This,0.7408473371049459,Pervert,0.7621562886148283,Oooh,0.7529615521109958,More Than This,0.7502234885264435
196,TRBFURI128F1455498,SOLMCFH12A58A7FACE,ARCJKV91187FB46210,KT Tunstall,Under The Weather,folk,Interlude 5,3820.0,I'm A Winner (Amended Album Version),3403.0,B-Boy Bouillabaisse: A.W.O.L. (2009 Digital Remaster),3189.0,Interlude 5,4.3633,I'm A Winner (Amended Album Version),3.9846906249999954,B-Boy Bouillabaisse: A.W.O.L. (2009 Digital Remaster),3.641954687499995,Already Died,0.7231795474917231,Stranger,0.7166639685347179,Where I Stand,0.6976664602578648,Already Died,0.7325690820752915,Stranger,0.7278528371557337,Where I Stand,0.708217848970303
197,TRVLECJ128E078235B,SOSJLXU12A6310F2B2,AR0L04E1187B9AE90C,The Verve,So Sister,folk,B-Boy Bouillabaisse: A.W.O.L. (2009 Digital Remaster),5200.0,Interlude 5,4868.0,I Want You,4562.0,B-Boy Bouillabaisse: A.W.O.L. (2009 Digital Remaster),6.0518390624999965,Interlude 5,5.549099999999998,I Want You,5.505542187500016,Hot Sex,0.7770050661458132,Oooh,0.7470661000618821,I Think I Love You,0.7283906212623198,Hot Sex,0.7842282792838822,Oooh,0.7541778427106477,I Think I Love You,0.7360537918528917
198,TRMLKKJ128E0798A59,SONNMHJ12A67AE098E,AR8886N1187B9B330A,Liz Phair,Lost Tonight,folk,Interlude 5,5305.0,I'm A Winner (Amended Album Version),4323.0,I Want You,3824.0,Interlude 5,6.173549999999998,I'm A Winner (Amended Album Version),5.104628125000006,I Want You,4.6117828124999924,Sexy,0.7484415930715236,Interlude 1,0.7453642964459308,I Know You Got Soul,0.7401118409903447,Sexy,0.7595398537227716,Interlude 1,0.7562653547560878,I Know You Got Soul,0.7505309506646636
199,TRYBZQD12903CD1380,SONJLBP12AB018A66C,AR9UC071187B9B76FD,The Pogues,Sunnyside Of The Street,folk,B-Boy Bouillabaisse: A.W.O.L. (2009 Digital Remaster),2505.0,8 Mile,2269.0,Interlude 5,2189.0,B-Boy Bouillabaisse: A.W.O.L. (2009 Digital Remaster),2.8946671874999974,8 Mile,2.6577078124999995,Interlude 5,2.453349999999999,In Parentheses,0.78429840354079,Preachin' To The Choir,0.7796691403611449,Book Of Life,0.7784546780980046,In Parentheses,0.7923614115045462,Preachin' To The Choir,0.7890104881257605,Tour is War,0.7880236809033332
200,TRHYZQR128F428F5C5,SOAWESO12A8C13AC4E,ARRH63Y1187FB47783,Kanye West,Can't Tell Me Nothing,hip hop,Interlude 5,8750.0,I'm A Winner (Amended Album Version),7472.0,B-Boy Bouillabaisse: A.W.O.L. (2009 Digital Remaster),6899.0,Interlude 5,9.828900000000006,I'm A Winner (Amended Album Version),8.615493749999999,Move On,7.953221875000002,I La La La Love You,0.6925987322478202,India,0.6888713211656355,Very Special (LP Version),0.672007369289719,India,0.7024266522111294,I La La La Love You,0.7011174828583588,Very Special (LP Version),0.6912566449605438
201,TRPQDHV128E07845CB,SOWZAHB12AF72A4B46,ARRH63Y1187FB47783,Kanye West,Graduation Day,hip hop,Interlude 5,3980.0,I'm A Winner (Amended Album Version),3177.0,I Want You,2856.0,Interlude 5,4.590899999999996,I'm A Winner (Amended Album Version),3.7202281249999976,I Want You,3.4288328125000023,Crossing the Boundary,0.782357745768208,Revenge,0.7586942459881054,Angelina,0.7579775378434868,Crossing the Boundary,0.7942108846996822,Revenge,0.7679399302907091,Angelina,0.7675755335260797
202,TRHAGFQ128F428B8EA,SOLBUFV12A67020A39,ARRH63Y1187FB47783,Kanye West,Wake Up Mr. West,hip hop,Interlude 5,2853.0,I'm A Winner (Amended Album Version),2582.0,I Want You,2236.0,Interlude 5,3.2810499999999996,I'm A Winner (Amended Album Version),3.0411124999999983,I Want You,2.69018125,Looking For A Job,0.705380312309066,Angelina,0.7048338001882191,Down And Dirty,0.6976273475421827,Looking For A Job,0.718813276487547,Angelina,0.715868751350209,Hoodrats,0.7083972352800746
203,TRQXYGU128E079236A,SOIJTSI12A6701FD8B,ARTDQRC1187FB4EFD4,Black Eyed Peas,A8,hip hop,Interlude 5,16403.0,I'm A Winner (Amended Album Version),13125.0,I Want You,11110.0,Interlude 5,19.15825,I'm A Winner (Amended Album Version),15.526921874999998,I Want You,13.39299218750001,Can't You See,0.7695401493939122,Everybody Needs Somebody To Love,0.7644836441216571,All About You,0.7629142957633493,Can't You See,0.775640173200905,Everybody Needs Somebody To Love,0.7724608046830249,All About You,0.77028834503191
204,TRBUESY128F92F81F6,SOVVVXC12AB017F162,ARTDQRC1187FB4EFD4,Black Eyed Peas,Boom Boom Guetta,hip hop,Let's Get Crazy,5646.0,I'm A Winner (Amended Album Version),5165.0,The Girls,4988.0,Let's Get Crazy,6.86959062499996,The Girls,6.026974999999962,I'm A Winner (Amended Album Version),5.984268749999999,Let's Get Crazy,0.7763683564334068,Getting Over You,0.5809463170148278,Fight (1994 Digital Remaster),0.5719654414363874,Let's Get Crazy,0.7809157463430818,Getting Over You,0.5910307485315972,Fight (1994 Digital Remaster),0.5821427032702406
205,TRPDBLM128E0792367,SOZRPOY12A8C1455F5,ARTDQRC1187FB4EFD4,Black Eyed Peas,Communication,hip hop,Interlude 5,7908.0,Touch It / Technologic,6512.0,Ice Is Workin' It,6373.0,Interlude 5,8.866100000000003,Touch It / Technologic,7.737839062499992,Ice Is Workin' It,7.484487500000024,Live On Stage,0.708004723505401,Conant Gardens,0.6871821591396627,Flow On (Move Me No Mountain),0.6815502506040072,Live On Stage,0.7203881266821792,Conant Gardens,0.7013992079218276,Flow On (Move Me No Mountain),0.6962022825726946
206,TRLINLH128F9346400,SOROKRP12AF729F9B4,ARTDQRC1187FB4EFD4,Black Eyed Peas,One Tribe,hip hop,One of Us,10279.0,Interlude 5,9253.0,B-Boy Bouillabaisse: A.W.O.L. (2009 Digital Remaster),5715.0,One of Us,12.053312499999986,Interlude 5,10.250649999999993,All For One (Explicit) (2006 Remastered LP Version),6.405087499999999,One For The Mockingbird,0.6387809100410825,N30,0.6258167391979077,One Love / People Get Ready,0.5869638593102428,One For The Mockingbird,0.6484252929966451,N30,0.6355929422524544,One Love / People Get Ready,0.598910012511148
207,TREPPUG128F9301FAB,SOBRREA12A6701C403,ARTDQRC1187FB4EFD4,Black Eyed Peas,Sexy,hip hop,Interlude 5,8731.0,I'm A Winner (Amended Album Version),7236.0,B-Boy Bouillabaisse: A.W.O.L. (2009 Digital Remaster),6427.0,Interlude 5,10.081149999999994,I'm A Winner (Amended Album Version),8.500868749999992,B-Boy Bouillabaisse: A.W.O.L. (2009 Digital Remaster),7.337465624999992,Run The Show,0.7988137786752565,Stumble,0.792816749515401,What's Your Problem,0.7910204605077439,Run The Show,0.8086650794028996,Stumble,0.8013219695593266,Club Megamix,0.7996723191919811
208,TRBBVNR128E078E1E4,SOCMYLF12A67020A4D,ARTDQRC1187FB4EFD4,Black Eyed Peas,Tell Your Momma Come,hip hop,Interlude 5,6243.0,It's A Party,5347.0,Cancel (Album Version),4786.0,Interlude 5,6.863049999999998,It's A Party,6.253021875000014,Cancel (Album Version),5.662329687500004,Midnight Man,0.5732986916526958,Sounds Of Brutality,0.5566868914053553,Trans DF Express,0.5504982982156562,Midnight Man,0.5903315118479259,Sounds Of Brutality,0.5711604400355598,Trans DF Express,0.5694203753612118
209,TRTJVGX128E078EB1C,SOUNVLC12A6701C406,ARTDQRC1187FB4EFD4,Black Eyed Peas,The Apl Song,hip hop,Interlude 5,2904.0,B-Boy Bouillabaisse: A.W.O.L. (2009 Digital Remaster),2547.0,I'm A Winner (Amended Album Version),2255.0,Interlude 5,3.1516000000000024,B-Boy Bouillabaisse: A.W.O.L. (2009 Digital Remaster),2.7836750000000037,Ice Is Workin' It,2.5188000000000006,Keep It Real,0.6453813894774352,Fa Sho Fo Real,0.6249810593350297,Fucked Up,0.6212271001065154,Keep It Real,0.6706259924490934,Fa Sho Fo Real,0.6540992986714538,Fucked Up,0.6469686558533245
210,TRDJOCY128F4294CD5,SOTHRKJ12A6701C2D8,ARRH63Y1187FB47783,Kanye West,Diamonds From Sierra Leone,hip hop,Interlude 5,7877.0,B-Boy Bouillabaisse: A.W.O.L. (2009 Digital Remaster),6292.0,I'm A Winner (Amended Album Version),5811.0,Interlude 5,8.65945,B-Boy Bouillabaisse: A.W.O.L. (2009 Digital Remaster),6.872506250000006,I'm A Winner (Amended Album Version),6.488137499999994,Onyx Is Back,0.6774987218359217,Web In Front,0.5897832951715122,All I Ever Think About,0.5807370983003852,Onyx Is Back,0.6965440087632736,Web In Front,0.6087633742965205,All I Ever Think About,0.6018680423221451
211,TREADOS128E078EC1F,SORAWSB12A6701FBC8,ARTH9041187FB43E1F,Eminem,If I Had,hip hop,Interlude 5,9605.0,B-Boy Bouillabaisse: A.W.O.L. (2009 Digital Remaster),9469.0,8 Mile,8214.0,B-Boy Bouillabaisse: A.W.O.L. (2009 Digital Remaster),10.722579687500009,Interlude 5,10.674549999999996,8 Mile,9.427045312499992,I'm So Glad,0.7339131273986789,Freedom,0.6942984443687412,Concerto,0.688955981650286,I'm So Glad,0.7344757735871994,Freedom,0.7108053288697619,Concerto,0.7058563994824767
212,TRHPAVK128E078EC9C,SOKJZZN12A6701C77A,ARTH9041187FB43E1F,Eminem,Ken Kaniff,hip hop,Interlude 5,8216.0,B-Boy Bouillabaisse: A.W.O.L. (2009 Digital Remaster),7588.0,8 Mile,6209.0,Interlude 5,9.1361,B-Boy Bouillabaisse: A.W.O.L. (2009 Digital Remaster),8.536745312499987,8 Mile,7.045629687500001,Cardiac Arrest,0.7270522887070987,Voices In My Head,0.7269704479576512,Releasing Hypnotical Gases,0.7257340005560227,Cardiac Arrest,0.7456132409803983,Releasing Hypnotical Gases,0.7442381017090358,Elohim (1972),0.7412218710825725
213,TRGLNKG128F9307689,SOFVLYU12AB017F502,ARTH9041187FB43E1F,Eminem,My Darling,hip hop,Interlude 5,22766.0,I'm A Winner (Amended Album Version),18521.0,B-Boy Bouillabaisse: A.W.O.L. (2009 Digital Remaster),16797.0,Interlude 5,26.385199999999976,I'm A Winner (Amended Album Version),21.796934375000006,B-Boy Bouillabaisse: A.W.O.L. (2009 Digital Remaster),19.263232812500004,Fever Moon,0.8462124674347401,Revenge,0.8416920316225485,Underdrive,0.839301064052874,Fever Moon,0.8531169870408263,Revenge,0.8474561027279263,Underdrive,0.8437087151733264
214,TRCHZXW128E079288A,SOMEJDK12D0219BB71,ARTH9041187FB43E1F,Eminem,8 Mile,hip hop,B-Boy Bouillabaisse: A.W.O.L. (2009 Digital Remaster),17013.0,Interlude 5,16626.0,I'm A Winner (Amended Album Version),14068.0,B-Boy Bouillabaisse: A.W.O.L. (2009 Digital Remaster),19.479376562500004,Interlude 5,18.6458,Everytime I...,16.449296874999966,Book Of Life,0.8921928015781531,Rabbit Run,0.8693785025650046,Gotta Get Over (Taking Loot) (Explicit),0.8653391439458366,Book Of Life,0.896699433811434,Rabbit Run,0.8769762457980983,Gotta Get Over (Taking Loot) (Explicit),0.8727866174428162
215,TRCDLUM128F9331CA9,SOOOJWM12A8C13AC0E,ARPDVPJ1187B9ADBE9,Usher,Love Was Here,hip hop,Interlude 5,7931.0,I'm A Winner (Amended Album Version),7167.0,I Want You,6340.0,Interlude 5,9.09725,I'm A Winner (Amended Album Version),8.42514062499999,I Want You,7.62491406249998,You're Coming Home,0.7483436842603673,Naked,0.7201320871740203,Coming Back,0.7148908365381266,You're Coming Home,0.759042196768557,Naked,0.7339754351838812,Coming Back,0.7278671472553035
216,TRPMNRL128F9302AD7,SOEVGOY12AB0181053,ARCGJ6U1187FB4D01F,Akon,Be With You,hip hop,Interlude 5,14362.0,B-Boy Bouillabaisse: A.W.O.L. (2009 Digital Remaster),11253.0,I'm A Winner (Amended Album Version),11057.0,Interlude 5,16.853099999999998,B-Boy Bouillabaisse: A.W.O.L. (2009 Digital Remaster),13.146846875,I'm A Winner (Amended Album Version),13.102756250000022,Revenge,0.8135375366003703,With You,0.7757605977112688,Could It Be I'm Falling In Love,0.7635556890909754,Revenge,0.819537726220782,With You,0.7824318819588947,Could It Be I'm Falling In Love,0.7706665638678859
217,TRRIRMX128F92E6272,SOILRPD12A6701E38C,ARCGJ6U1187FB4D01F,Akon,Locked Up,hip hop,When I Get To Heaven (Remix) (Explicit),8786.0,Hold Me Down (Album Version),6272.0,B-Boy Bouillabaisse: A.W.O.L. (2009 Digital Remaster),6231.0,When I Get To Heaven (Remix) (Explicit),10.589720312499999,Let Me Be,7.391053125000022,Hold Me Down (Album Version),7.331696875000018,When I Get To Heaven (Remix) (Explicit),0.6788456750240714,Let Me Out,0.6362666877782919,Nasty Habits,0.6321070553838362,When I Get To Heaven (Remix) (Explicit),0.6865571612397183,Let Me Out,0.6459752707942557,Nasty Habits,0.641198889310491
218,TRCEYQJ128E07862DE,SOAUEBB12A67020DC4,ARLGIX31187B9AE9A0,Jay-Z,So Ghetto,hip hop,Interlude 5,8107.0,B-Boy Bouillabaisse: A.W.O.L. (2009 Digital Remaster),7905.0,8 Mile,7155.0,Interlude 5,8.95615,B-Boy Bouillabaisse: A.W.O.L. (2009 Digital Remaster),8.896449999999994,8 Mile,8.200549999999998,lucky to be me,0.7741734030921311,Keep Moving,0.7599273913551394,Best Friend,0.7494190681785059,lucky to be me,0.77977202325625,Keep Moving,0.7744778017557445,Best Friend,0.7597862287839753
219,TRZGUNN128E07862F7,SOGFJJE12A58A80C35,ARLGIX31187B9AE9A0,Jay-Z,Heart Of The City (Ain't No Love),hip hop,Interlude 5,7878.0,B-Boy Bouillabaisse: A.W.O.L. (2009 Digital Remaster),7351.0,8 Mile,6530.0,Interlude 5,8.796399999999984,B-Boy Bouillabaisse: A.W.O.L. (2009 Digital Remaster),8.309739062499995,8 Mile,7.499135937500012,Club Megamix,0.7728379195250772,Best Friend,0.769835828832659,Ten Toes Tall,0.7569565729674572,Club Megamix,0.7862626433588975,Best Friend,0.7792451081910555,Ten Toes Tall,0.7731535716743303
220,TRTVTYS128E0792887,SORCZHK12A6701FFB0,ARTH9041187FB43E1F,Eminem,Rabbit Run,hip hop,Interlude 5,10439.0,B-Boy Bouillabaisse: A.W.O.L. (2009 Digital Remaster),9936.0,I'm A Winner (Amended Album Version),9500.0,Interlude 5,11.802150000000001,B-Boy Bouillabaisse: A.W.O.L. (2009 Digital Remaster),11.377496874999997,I'm A Winner (Amended Album Version),11.060306249999998,8 Mile,0.869378502565011,Book Of Life,0.850657904141785,Preachin' To The Choir,0.8415246429452589,8 Mile,0.8769762457980983,Book Of Life,0.8573360919159411,Preachin' To The Choir,0.849360414465328
221,TRBEBJO128C719646B,SORXHBR12AF72A5DA5,ARCBD0U1187FB466EF,Nelly,Splurge,hip hop,Interlude 5,20757.0,B-Boy Bouillabaisse: A.W.O.L. (2009 Digital Remaster),16731.0,I'm A Winner (Amended Album Version),16494.0,Interlude 5,24.260349999999985,I'm A Winner (Amended Album Version),19.515709374999993,B-Boy Bouillabaisse: A.W.O.L. (2009 Digital Remaster),19.503870312500005,I'm,0.8464237494375435,Bad Mutha,0.8451237364280093,Revenge,0.8434406793283176,I'm,0.8525079920543649,Bad Mutha,0.8516197674376584,Revenge,0.849029887280976
222,TRMWYIH128E078DCA6,SOMTUPP12A6701FC38,ARCBD0U1187FB466EF,Nelly,St. Louie,hip hop,Interlude 5,9575.0,B-Boy Bouillabaisse: A.W.O.L. (2009 Digital Remaster),7227.0,I'm A Winner (Amended Album Version),6326.0,Interlude 5,10.807249999999993,B-Boy Bouillabaisse: A.W.O.L. (2009 Digital Remaster),8.062414062500002,I'm A Winner (Amended Album Version),7.148421874999996,From What I Was Told,0.6727790489311313,Safe + Sound,0.6677099638644228,Run Around,0.6628208099188244,From What I Was Told,0.6956358428070462,Safe + Sound,0.6904687041916838,Run Around,0.6844385076896574
223,TRHXTHR128F145E864,SOTUHWK12A6310D7E5,ARCBD0U1187FB466EF,Nelly,Wrap Sumden,hip hop,Interlude 5,7411.0,B-Boy Bouillabaisse: A.W.O.L. (2009 Digital Remaster),6648.0,8 Mile,5497.0,Interlude 5,8.398950000000003,B-Boy Bouillabaisse: A.W.O.L. (2009 Digital Remaster),7.586787499999996,Splurge,6.381862500000016,I'm,0.8330510814071235,B-Boy Bouillabaisse: A.W.O.L. (2009 Digital Remaster),0.8251990738049629,Ten Toes Tall,0.817471011029417,I'm,0.8402796190115877,B-Boy Bouillabaisse: A.W.O.L. (2009 Digital Remaster),0.8376436529288706,Ten Toes Tall,0.8305199178109834
224,TRQRAKE128F9322866,SOJQLHA12AB017F7D4,ARLGIX31187B9AE9A0,Jay-Z,Soon You'll Understand,hip hop,Interlude 5,16833.0,I'm A Winner (Amended Album Version),14552.0,I Want You,11823.0,Interlude 5,19.58765000000001,I'm A Winner (Amended Album Version),17.240024999999992,I Want You,14.244512499999995,Revenge,0.8172833654342354,Between A Mother And A Child,0.8126473257695459,Angelina,0.8017084907007064,Revenge,0.8240500724231242,Between A Mother And A Child,0.8209644768440513,Angelina,0.8093392605993524
225,TRCDAUA128E0784644,SOAZMZB12A6701D958,ARLGIX31187B9AE9A0,Jay-Z,Encore,hip hop,Interlude 5,9611.0,I'm A Winner (Amended Album Version),8460.0,I Want You,6725.0,Interlude 5,11.013250000000001,I'm A Winner (Amended Album Version),9.921140625000007,I Want You,8.03853906249999,Tell Me (Acoustic),0.8157285543350989,Stumble,0.8076014582768106,So What'Cha Want (Butt Naked Version) (Explicit) (2009 Digital Remaster),0.8069587678611947,Tell Me (Acoustic),0.8259639967078707,So What'Cha Want (Butt Naked Version) (Explicit) (2009 Digital Remaster),0.8162256778666267,Stumble,0.8151545838093671
226,TRBCPZS128F145ECC1,SOOKDOU12D0219A1C0,ARCBD0U1187FB466EF,Nelly,Say Now,hip hop,Interlude 5,7559.0,Man In The Mirror,6921.0,The Rockafeller Skank,6009.0,Interlude 5,8.30565,Man In The Mirror,7.671228124999992,The Rockafeller Skank,7.014250000000011,The Red Plains,0.6061194489518096,Online Songs,0.6059385776483648,Here Comes The Hotstepper,0.5962512597307607,Online Songs,0.6237764408472842,The Red Plains,0.6185799010369691,Here Comes The Hotstepper,0.6064342889763552
227,TRWFVOW128E0793847,SOZDHYB12A679D7E52,ARZER7I1187FB385AF,Dr. Dre,Been There Done That,hip hop,Interlude 5,6947.0,B-Boy Bouillabaisse: A.W.O.L. (2009 Digital Remaster),5817.0,Man In The Mirror,5648.0,Interlude 5,7.7154500000000015,B-Boy Bouillabaisse: A.W.O.L. (2009 Digital Remaster),6.461482812500005,Man In The Mirror,6.229840624999997,Live Foul,0.6982076517092826,Keep It Real,0.6381602946481103,Claimin' True,0.6378632481194197,Live Foul,0.7168507480305717,Keep It Real,0.6613645872091801,Do You Want It?,0.6599652717296057
228,TRWZWOX128F935A084,SOTYTWT12A58A7BBEE,AR9LJ9D1187FB4303D,Sean Kingston,Magical,hip hop,Interlude 5,5677.0,All Day Sucker,5057.0,Love Is Wicked,5031.0,Interlude 5,6.328049999999996,All Day Sucker,6.0561375,Love Is Wicked,5.9818874999999965,Supernatural Thing Part 1,0.7067527753415447,Love Don't Live Here,0.6890688376692649,A Deeper Love,0.6863434513649195,Supernatural Thing Part 1,0.7159543389876427,Love Don't Live Here,0.6980204346348534,A Deeper Love,0.6951663405273613
229,TRXGBGU128F935A092,SOGKYFP12AB0185ED3,AR9LJ9D1187FB4303D,Sean Kingston,Over,hip hop,Interlude 5,6535.0,B-Boy Bouillabaisse: A.W.O.L. (2009 Digital Remaster),5407.0,I'm A Winner (Amended Album Version),5135.0,Interlude 5,7.31085,B-Boy Bouillabaisse: A.W.O.L. (2009 Digital Remaster),6.041307812499996,I'm A Winner (Amended Album Version),5.858084375000002,Do It Again,0.7160385288649272,Bright Young Thing,0.7033672945159088,Do It Again,0.6562499972731518,Do It Again,0.734288180086579,Bright Young Thing,0.7169261586694056,Naked,0.6744386318958402
230,TRFKPZK128F935A08D,SOJHMSM12AB0185233,AR9LJ9D1187FB4303D,Sean Kingston,Wrap U Around Me,hip hop,Hold Me Down (Album Version),6024.0,That's What You Told Me,5223.0,Interlude 5,5089.0,Hold Me Down (Album Version),7.210312500000032,That's What You Told Me,6.264374999999992,Interlude 5,5.671250000000018,Peel Me A Grape,0.6994488668706794,He Loves Me (Lyzel In E Flat),0.6651443334644151,Be Your Husband,0.6415283655082863,Peel Me A Grape,0.7042804296396256,He Loves Me (Lyzel In E Flat),0.67081577954257,Be Your Husband,0.6507598774277561
231,TRWVTDX128F931ECEF,SOUOEMP12A8C13866E,ARDDMYP1187B9B8AE4,M.I.A.,Paper Planes,hip hop,Interlude 5,8072.0,B-Boy Bouillabaisse: A.W.O.L. (2009 Digital Remaster),7106.0,I'm A Winner (Amended Album Version),5644.0,Interlude 5,9.331,B-Boy Bouillabaisse: A.W.O.L. (2009 Digital Remaster),8.247765625000008,Splurge,6.580796875000001,All For One (Explicit) (2006 Remastered LP Version),0.7680797407766811,I'm,0.7608096802470284,I Fought The Law,0.7468341453171985,All For One (Explicit) (2006 Remastered LP Version),0.776999349082176,I'm,0.769496976440744,Lifestylez Ov Da Poor & Dangerous,0.7553429725110976
232,TRWTZGX128F149535F,SOQFNGB12A6D4FA61E,AR9RYZP1187FB36C6A,Thousand Foot Krutch,Set It Off,hip hop,Interlude 5,5985.0,B-Boy Bouillabaisse: A.W.O.L. (2009 Digital Remaster),4891.0,Touch It / Technologic,4576.0,Interlude 5,6.51755,Touch It / Technologic,5.339626562500008,B-Boy Bouillabaisse: A.W.O.L. (2009 Digital Remaster),5.307829687500003,Out Of Sight,0.6394761374214989,LET's GIT IT ON,0.623417137308187,Miracle Mile,0.618303724113028,Out Of Sight,0.6575173470477002,LET's GIT IT ON,0.6444180361569123,Confrontations,0.640770187106105
233,TRCACEF128F42434D7,SOEFLLL12AF72A15EA,AR7NPRY1187B9ADE15,Ludacris,Ho,hip hop,Interlude 5,4262.0,Mambo Swing,3395.0,B-Boy Bouillabaisse: A.W.O.L. (2009 Digital Remaster),3224.0,Interlude 5,4.747900000000001,Mambo Swing,4.1610625000000026,I'm A Winner (Amended Album Version),3.593712499999998,Mambo Swing,0.8275470070215412,Up On The House Top,0.6658309762782383,Live On Mars,0.42644945064489337,Mambo Swing,0.8286527685473251,Up On The House Top,0.6742611420066916,Live On Mars,0.4323110927386168
234,TRCQNWN128F92EA07D,SOEARQO12AB017F7F0,ARVTAI41187B9B8B67,Wu-Tang Clan,The What,hip hop,Interlude 5,5138.0,I'm A Winner (Amended Album Version),4480.0,B-Boy Bouillabaisse: A.W.O.L. (2009 Digital Remaster),4091.0,Interlude 5,5.7117999999999975,I'm A Winner (Amended Album Version),5.135534375000002,B-Boy Bouillabaisse: A.W.O.L. (2009 Digital Remaster),4.519407812500009,That's What It Is,0.7229745743863888,Mars Attacks,0.7224920128510334,Bubble Music,0.7183852001543046,Mars Attacks,0.7484972895490318,That's What It Is,0.7442728902025324,Bubble Music,0.7378569294732891
235,TRYHHXT128F4276F89,SOKMCHV12D02194FF6,AR23C041187FB4D534,50 Cent,Rowdy Rowdy,hip hop,Interlude 5,6437.0,B-Boy Bouillabaisse: A.W.O.L. (2009 Digital Remaster),5453.0,I'm A Winner (Amended Album Version),5239.0,Interlude 5,7.158450000000001,B-Boy Bouillabaisse: A.W.O.L. (2009 Digital Remaster),6.073803125000007,I'm A Winner (Amended Album Version),5.968543749999991,Da Mystery Of Chessboxin',0.7930668090285982,The Fire In Which You Burn (feat. J-Treds & The Brewin From The Juggaknots),0.7622132918618644,You Do_ I Do,0.7615667137426068,Da Mystery Of Chessboxin',0.8092966735575772,The Fire In Which You Burn (feat. J-Treds & The Brewin From The Juggaknots),0.7825224390980428,You Do_ I Do,0.7775343206630656
236,TRIGDUK128E0784045,SOFXFJC12A6310E2F1,ARZ5H0P1187B98A1DD,Snoop Dogg,Bang Out,hip hop,Interlude 5,5629.0,B-Boy Bouillabaisse: A.W.O.L. (2009 Digital Remaster),5095.0,I'm A Winner (Amended Album Version),4948.0,Interlude 5,6.212849999999998,B-Boy Bouillabaisse: A.W.O.L. (2009 Digital Remaster),5.680159374999997,I'm A Winner (Amended Album Version),5.64688124999999,Uzi,0.6536404155780982,Clifton,0.6449039473917947,Ten Toes Tall,0.6448174644826868,Uzi,0.6788064827768119,Ten Toes Tall,0.6691453207971828,Clifton,0.6671982078043007
237,TRNVKOI128E0799173,SOIYRHZ12A67AD8126,ARZ5H0P1187B98A1DD,Snoop Dogg,Snoopafella (Edited),hip hop,Interlude 5,15031.0,B-Boy Bouillabaisse: A.W.O.L. (2009 Digital Remaster),13137.0,I'm A Winner (Amended Album Version),11084.0,Interlude 5,17.187950000000022,B-Boy Bouillabaisse: A.W.O.L. (2009 Digital Remaster),15.08253750000001,I'm A Winner (Amended Album Version),12.808824999999997,Goodbye,0.8616027405496952,Act A Fool,0.8607171272163124,B-Boy Bouillabaisse: A.W.O.L. (2009 Digital Remaster),0.8554211356996331,Goodbye,0.8702964194888465,Act A Fool,0.8695694012122461,B-Boy Bouillabaisse: A.W.O.L. (2009 Digital Remaster),0.8650766272567033
238,TRLVRJP128F93519FB,SOOENST12AC9E1344B,ARZYMH91187B99CEFC,Atmosphere,Hair,hip hop,Interlude 5,10509.0,B-Boy Bouillabaisse: A.W.O.L. (2009 Digital Remaster),9207.0,I'm A Winner (Amended Album Version),7901.0,Interlude 5,11.790750000000001,B-Boy Bouillabaisse: A.W.O.L. (2009 Digital Remaster),10.383539062499997,I'm A Winner (Amended Album Version),8.996921875,What's On Your Mind,0.8046953575223272,B-Boy Bouillabaisse: A.W.O.L. (2009 Digital Remaster),0.8001580434449246,Birthday Card,0.7952730121131881,What's On Your Mind,0.818815366805303,B-Boy Bouillabaisse: A.W.O.L. (2009 Digital Remaster),0.8161024490747625,Birthday Card,0.8084758026197649
239,TRBZXAC12903CBB0CE,SOHAYPC12A6D4FB7A7,ARZYMH91187B99CEFC,Atmosphere,Happymess,hip hop,Interlude 5,10649.0,B-Boy Bouillabaisse: A.W.O.L. (2009 Digital Remaster),8009.0,I'm A Winner (Amended Album Version),7264.0,Interlude 5,12.306150000000004,B-Boy Bouillabaisse: A.W.O.L. (2009 Digital Remaster),9.170707812499995,I'm A Winner (Amended Album Version),8.423134375000004,You & I,0.8130814239195991,Bad Mutha,0.8067309259411554,I'm,0.8017325023759193,You & I,0.824366035372372,Bad Mutha,0.8177630584938008,Guitar Playin',0.812877151116447
240,TRUNSXQ128E078B97D,SOALPQQ12A6701F302,ARN0YZ71187B9BA57B,Michael Bublé,Put Your Head On My Shoulder (Album Version),jazz,Interlude 5,2939.0,Hold Me Down (Album Version),2498.0,That's What You Told Me,2452.0,Interlude 5,3.3195500000000004,Hold Me Down (Album Version),2.9583937499999937,That's What You Told Me,2.9292875000000014,Kiss And Tell,0.6856774468740625,Hypnotize Me,0.677842457560445,Tell Me,0.671843439612541,Kiss And Tell,0.6976633312578044,Hypnotize Me,0.6897901908854601,Tell Me,0.6810213726814099
241,TRFUJLG128F4255312,SOELKTY12A8C135CCC,ARN0YZ71187B9BA57B,Michael Bublé,Stuck In The Middle With You (Non-Album Track),jazz,Interlude 5,6146.0,I'm A Winner (Amended Album Version),5387.0,B-Boy Bouillabaisse: A.W.O.L. (2009 Digital Remaster),5357.0,Interlude 5,7.109800000000004,I'm A Winner (Amended Album Version),6.359471875000009,B-Boy Bouillabaisse: A.W.O.L. (2009 Digital Remaster),6.217314062499997,Rotten Apple Pie,0.8300856592954716,Hot Sex,0.8245009501149433,I'm,0.8112845791108266,Rotten Apple Pie,0.837945199176861,Hot Sex,0.8326642603915566,I'm,0.819070083963102
242,TRQPMHA128E078B979,SOSHDEL12A6701F300,ARN0YZ71187B9BA57B,Michael Bublé,You'll Never Find Another Love Like Mine (Album Version),jazz,Interlude 5,8846.0,I'm A Winner (Amended Album Version),8012.0,My Darling,6826.0,Interlude 5,10.257099999999998,I'm A Winner (Amended Album Version),9.491912499999994,My Darling,8.042581250000003,When She's Gone,0.7404539621045567,You Are My Destiny,0.725983780899779,Falling Star,0.7248242380419178,When She's Gone,0.7457744617225673,Falling Star,0.7317463099137409,You Are My Destiny,0.7307450668572184
243,TRZPSAF128F9349767,SOLOQYJ12AB0188A53,AR20CFC1187B98A25D,Ray Charles,Kiss me baby,jazz,Hold Me Down (Album Version),2766.0,Interlude 5,2715.0,That's What You Told Me,2651.0,Hold Me Down (Album Version),3.267818749999998,That's What You Told Me,3.156887499999995,Interlude 5,2.984350000000002,All Night Long,0.663384041147377,I'm Looking For A Woman,0.6163158955966399,Late Last Night,0.6136944074496768,All Night Long,0.6717406806374625,I'm Looking For A Woman,0.6271205255021244,Late Last Night,0.6246459926082454
244,TRAEPAC12903CE5DC8,SOELRRQ12AB0188C34,AR20CFC1187B98A25D,Ray Charles,Let's Go,jazz,Interlude 5,4629.0,I'm A Winner (Amended Album Version),4033.0,Hold Me Down (Album Version),3503.0,Interlude 5,5.4596499999999955,I'm A Winner (Amended Album Version),4.827806250000003,Hold Me Down (Album Version),4.227431249999995,Play With Fire,0.83564314886208,You Don't Know Me,0.8186475686719433,You Don't Know Me,0.8173676222289026,Play With Fire,0.8396840181999419,You Don't Know Me,0.8233483257866896,You Don't Know Me,0.8221095552280268
245,TRMJMVW12903CD44F4,SOZKIGX12D021902C2,AR20CFC1187B98A25D,Ray Charles,Moon Over Miami,jazz,Interlude 5,628.0,It's A Party,436.0,B-Boy Bouillabaisse: A.W.O.L. (2009 Digital Remaster),412.0,Interlude 5,0.6584999999999991,It's A Party,0.4870781250000006,We Gonna Rock,0.45387500000000003,Charmed Life,0.4406129182014991,Heart of a Dragon,0.43689036318517,Lullaby Of Birdland,0.42424669403476245,Charmed Life,0.4655051307245378,Heart of a Dragon,0.45978957318854374,Lullaby Of Birdland,0.45068090520852994
246,TRBXTYM128F930793B,SOAAYTO12D021B0A4B,AREIN101187FB5A5FA,Nat King Cole,Hit That Jive Jack,jazz,Interlude 5,5170.0,B-Boy Bouillabaisse: A.W.O.L. (2009 Digital Remaster),4761.0,Man In The Mirror,4288.0,Interlude 5,5.896699999999997,B-Boy Bouillabaisse: A.W.O.L. (2009 Digital Remaster),5.478084374999998,I'm A Winner (Amended Album Version),4.967731250000015,Sex,0.6503563740723305,Around The Way [Explicit Album Version],0.6478431455711086,The Worst,0.6462460748082353,Sex,0.6640112241959808,Around The Way [Explicit Album Version],0.6616251667757008,The Worst,0.6597749337002387
247,TRFORZM12903CDF88C,SODTNSX12D021979B9,AREIN101187FB5A5FA,Nat King Cole,The Christmas Song,jazz,Interlude 5,1674.0,B-Boy Bouillabaisse: A.W.O.L. (2009 Digital Remaster),1136.0,Man In The Mirror,944.0,Interlude 5,1.8992999999999969,B-Boy Bouillabaisse: A.W.O.L. (2009 Digital Remaster),1.2584312499999997,Man In The Mirror,1.0143625000000014,The Christmas Song,0.9497017650005115,Just To Get A Rep,0.6086829337448714,Close My Eyes,0.5951070970181489,The Christmas Song,0.9522158241939748,Just To Get A Rep,0.6323971716269889,Close My Eyes,0.6182285620531937
248,TREMJFY12903CF1630,SOMTUNZ12D021B236A,AREIN101187FB5A5FA,Nat King Cole,Too Young,jazz,Interlude 5,1400.0,B-Boy Bouillabaisse: A.W.O.L. (2009 Digital Remaster),806.0,Indy 500,714.0,Interlude 5,1.5199999999999978,B-Boy Bouillabaisse: A.W.O.L. (2009 Digital Remaster),0.8151562500000002,Indy 500,0.7785937500000004,We Are The Young,0.5188348478529498,We Are All In This Together,0.5102111362907643,Save The Humans,0.48157589911254034,We Are The Young,0.5324500101412878,We Are All In This Together,0.5321206915650755,Save The Humans,0.5051737784923711
249,TRKBPHV128F92E3B2D,SOBHTSP12D021B0A27,AREIN101187FB5A5FA,Nat King Cole,Unforgettable,jazz,Interlude 5,1899.0,Man In The Mirror,1525.0,Otha Fish,1354.0,Interlude 5,2.152949999999999,Man In The Mirror,1.7169500000000013,Otha Fish,1.57775,Clockwork,0.581924750271035,The Windmills Of Your Mind,0.5657645593341247,That's All (Album Version),0.5631505296369707,Clockwork,0.6016092411518471,The Windmills Of Your Mind,0.5822395834631303,Another Side Of You,0.5797494446083384
250,TRHYGVQ12903D046A9,SOEPFCI12AC46877AA,AREIN101187FB5A5FA,Nat King Cole,Autumn Leaves,jazz,Interlude 5,1572.0,B-Boy Bouillabaisse: A.W.O.L. (2009 Digital Remaster),1120.0,I'm A Winner (Amended Album Version),1070.0,Interlude 5,1.7487999999999995,B-Boy Bouillabaisse: A.W.O.L. (2009 Digital Remaster),1.2191968750000008,My Darling,1.196415625000001,The Awakening,0.5862140234521419,Meditation,0.5584673794427323,Into The Light,0.5510577888746014,The Awakening,0.6035304042203067,Meditation,0.5788828223712844,Firewater,0.5754381238653518
251,TRWIGSY128F92FE6B6,SOHZWJK12AB017DCF8,AREIN101187FB5A5FA,Nat King Cole,Love Is A Many Splendored Thing,jazz,Interlude 5,1247.0,Man In The Mirror,1090.0,B-Boy Bouillabaisse: A.W.O.L. (2009 Digital Remaster),1004.0,Interlude 5,1.3356499999999971,Man In The Mirror,1.1712281250000023,B-Boy Bouillabaisse: A.W.O.L. (2009 Digital Remaster),1.0684265624999993,That's The Way Love Is,0.5704907538328311,The Rose,0.5683491376103943,Somewhere In My Heart,0.555295220345321,The Rose,0.5853694070049635,That's The Way Love Is,0.5849201282374121,Somewhere In My Heart,0.575161050162068
252,TRHEGPE128F9311A85,SOHHACX12AB0181443,AREIN101187FB5A5FA,Nat King Cole,Smoke Gets in Your Eyes,jazz,B-Boy Bouillabaisse: A.W.O.L. (2009 Digital Remaster),1997.0,Interlude 5,1906.0,I'm A Winner (Amended Album Version),1771.0,B-Boy Bouillabaisse: A.W.O.L. (2009 Digital Remaster),2.2635140625000023,Interlude 5,2.104200000000001,I'm A Winner (Amended Album Version),2.031871875000008,Smoke Gets In Your Eyes,0.9598809690955777,I Love Fucking Up,0.6990726697270981,I Love You Honey,0.69410631118436,Smoke Gets In Your Eyes,0.9615489344015546,I Love Fucking Up,0.7078443967508355,I Love You Honey,0.702430049446232
253,TRWZCIQ12903C97881,SOKLXSK12A58A7C3DA,AREIN101187FB5A5FA,Nat King Cole,If You Can't Smile And Say Yes,jazz,Interlude 5,3250.0,Don't You Say No,2375.0,B-Boy Bouillabaisse: A.W.O.L. (2009 Digital Remaster),2150.0,Interlude 5,3.7450999999999994,Don't You Say No,2.8628781250000004,My Darling,2.4669718749999974,Don't You Say No,0.7420650301266755,Don't Say Goodbye,0.6678917888501971,Rap Promoter,0.6469414151461151,Don't You Say No,0.7486364422954158,Don't Say Goodbye,0.6800893517252719,Rap Promoter,0.6610104303769662
254,TREENNZ128F145B67D,SOALXFE12A6D4F78B0,AREIN101187FB5A5FA,Nat King Cole,She's Funny That Way,jazz,Interlude 5,3712.0,B-Boy Bouillabaisse: A.W.O.L. (2009 Digital Remaster),3221.0,My Darling,3085.0,Interlude 5,4.281199999999997,B-Boy Bouillabaisse: A.W.O.L. (2009 Digital Remaster),3.726193750000001,My Darling,3.63663125,I Don't Love You Much Do I (2007 Remastered LP Version),0.8118769735659337,I Changed My Mind,0.7947174268107952,Club Megamix,0.766260845926835,I Don't Love You Much Do I (2007 Remastered LP Version),0.8169047955167411,I Changed My Mind,0.8020789901428723,Club Megamix,0.7754714430742043
255,TRVUYIL128F4275FAD,SOCKFLV12A8C133605,AREIN101187FB5A5FA,Nat King Cole,The Ruby And The Pearl (2003 Digital Remaster),jazz,Interlude 5,2218.0,B-Boy Bouillabaisse: A.W.O.L. (2009 Digital Remaster),1625.0,Expansion Team Theme,1563.0,Interlude 5,2.524100000000003,Expansion Team Theme,1.8627937499999845,B-Boy Bouillabaisse: A.W.O.L. (2009 Digital Remaster),1.82351875,Expansion Team Theme,0.6324604352912784,Phaeton,0.5745397407741621,Into The Light,0.569791543461434,Expansion Team Theme,0.6430775696660427,Phaeton,0.5877345201340949,Into The Light,0.5832268370598154
256,TRHOXSK128F145C9F9,SOLCRAY12A6D4F6095,AREIN101187FB5A5FA,Nat King Cole,The Very Thought Of You,jazz,Interlude 5,3398.0,I'm A Winner (Amended Album Version),2878.0,B-Boy Bouillabaisse: A.W.O.L. (2009 Digital Remaster),2441.0,Interlude 5,3.9369999999999994,I'm A Winner (Amended Album Version),3.394578125000005,New Town,2.8523671875000094,Amazed,0.7350222437746655,Boxcutter Rap,0.7197463586373146,Famous Blue Raincoat,0.708860409524065,Amazed,0.7446471259315678,Boxcutter Rap,0.7308070669318518,Famous Blue Raincoat,0.7208331122794644
257,TRETXLU12903CD5688,SOIMSGC12D02198A5A,ARRL2QH1187B9AC814,Bing Crosby,Rudolph The Red-Nosed Reindeer,jazz,Interlude 5,3806.0,I'm A Winner (Amended Album Version),2567.0,B-Boy Bouillabaisse: A.W.O.L. (2009 Digital Remaster),2556.0,Interlude 5,4.3665,I'm A Winner (Amended Album Version),2.953218749999997,B-Boy Bouillabaisse: A.W.O.L. (2009 Digital Remaster),2.8680156249999964,Rudolph The Red Nosed Reindeer,0.758490921489151,All About U,0.7178248063855531,Yours (Live),0.7009285801973577,Rudolph The Red Nosed Reindeer,0.7688021592271441,All About U,0.73169100437109,Yours (Live),0.7139231121911069
258,TRORBTM128F93368FB,SOBEALQ12AB017EC86,ARBJ22B1187B9AD31C,Norah Jones,December,jazz,I'm A Winner (Amended Album Version),2451.0,B-Boy Bouillabaisse: A.W.O.L. (2009 Digital Remaster),2307.0,Interlude 5,2297.0,I'm A Winner (Amended Album Version),2.8713500000000045,B-Boy Bouillabaisse: A.W.O.L. (2009 Digital Remaster),2.637550000000001,Interlude 5,2.57685,When I Fall In Love,0.6581244224660249,When I Get Old,0.6524725067505608,All The Woman (Recorded Live In London '99),0.6520204845866947,When I Fall In Love,0.667356774338222,When I Get Old,0.6613952399697519,All The Woman (Recorded Live In London '99),0.6610822342429592
259,TRFCNIJ128F423F32E,SOTBYQW12A6D4FE74B,ARBJ22B1187B9AD31C,Norah Jones,Don't Know Why (Live),jazz,B-Boy Bouillabaisse: A.W.O.L. (2009 Digital Remaster),3481.0,Interlude 5,3363.0,I Mean (I Don't Mean It),3249.0,B-Boy Bouillabaisse: A.W.O.L. (2009 Digital Remaster),4.070428125000002,I Mean (I Don't Mean It),3.919128124999999,Everytime I...,3.8923437500000007,I Don't Know Why I Love You,0.7964535510271367,Random I Am (Album Version),0.775460898396144,Freezin In The Cold,0.7678561831880045,I Don't Know Why I Love You,0.8008764409912635,Random I Am (Album Version),0.7808365982363298,Freezin In The Cold,0.7738191946775766
260,TRYNZAL128F1464B5A,SOPHSDC12B0B8081BB,ARBJ22B1187B9AD31C,Norah Jones,Humble Me,jazz,Interlude 5,5323.0,I'm A Winner (Amended Album Version),5013.0,Hold Me Down (Album Version),4160.0,Interlude 5,6.205250000000002,I'm A Winner (Amended Album Version),5.973140624999992,Hold Me Down (Album Version),4.992203124999997,All About You,0.8165288629506875,All Of Me,0.8117365374398715,Knew It All Along (Acoustic),0.7895723176353723,All About You,0.8221052713222236,All Of Me,0.8171996183834259,Othello,0.7968144145664815
261,TRNGOHS128E0781235,SOOVFTG12AF72A4B85,ARBJ22B1187B9AD31C,Norah Jones,I've Got To See You Again,jazz,Interlude 5,3882.0,I'm A Winner (Amended Album Version),3674.0,B-Boy Bouillabaisse: A.W.O.L. (2009 Digital Remaster),3420.0,Interlude 5,4.4776,I'm A Winner (Amended Album Version),4.347490624999999,I Want You,4.044714062499994,Sadness On My Back,0.798060052516612,I'll Never Love Again,0.790499352448743,Everytime I...,0.7705833987088742,Sadness On My Back,0.8042621450617822,I'll Never Love Again,0.79558930609822,Everytime I...,0.7747224262263515
262,TRPPHPQ128F4258FFC,SOOEHBK12A8AE479F1,ARBJ22B1187B9AD31C,Norah Jones,Sinkin' Soon (iTunes Live Session),jazz,Interlude 5,1880.0,We Gonna Rock,1845.0,B-Boy Bouillabaisse: A.W.O.L. (2009 Digital Remaster),1345.0,We Gonna Rock,2.2411750000000037,Interlude 5,2.0349,Hot N Cold (Innerpartysystem Main),1.495804687500006,Static Age,0.6088881546560606,Good Times,0.6052537335027682,We Are Detective,0.6016170377215161,Good Times,0.6187127253648694,Static Age,0.6162911634776579,We Are Detective,0.6137257989065713
263,TRSSOKM128F1464B5C,SOQJPKL12A6D4F7D49,ARBJ22B1187B9AD31C,Norah Jones,The Long Way Home,jazz,Interlude 5,3704.0,I'm A Winner (Amended Album Version),3049.0,B-Boy Bouillabaisse: A.W.O.L. (2009 Digital Remaster),2970.0,Interlude 5,4.2182999999999975,I'm A Winner (Amended Album Version),3.5421906249999977,I Want You,3.5149390625000017,Everytime I...,0.717289587211446,Runaway,0.7127018400143107,Broken Vow (Album Version),0.6997727652755005,Runaway,0.7243430639706159,Everytime I...,0.7219462124932764,Breakin Me,0.7132739503730822
264,TRKMCAV128E0782298,SOGMFQZ12A6310EF6C,ARBJ22B1187B9AD31C,Norah Jones,Those Sweet Words,jazz,Interlude 5,2801.0,I'm A Winner (Amended Album Version),2007.0,B-Boy Bouillabaisse: A.W.O.L. (2009 Digital Remaster),1913.0,Interlude 5,3.193049999999996,I'm A Winner (Amended Album Version),2.3073312499999967,B-Boy Bouillabaisse: A.W.O.L. (2009 Digital Remaster),2.1335093749999965,Get Sick Soon,0.6155402809897483,Call Me (Clean Version),0.6153864168007992,Revenge,0.6130673655147686,Call Me (Clean Version),0.6357729901878229,Baby Phife's Return,0.6312851549806506,Get Sick Soon,0.6291416057782379
265,TRBQFLA128F423F329,SODUTPQ12A6D4FE737,ARBJ22B1187B9AD31C,Norah Jones,Wish I Could (Live),jazz,Interlude 5,3054.0,B-Boy Bouillabaisse: A.W.O.L. (2009 Digital Remaster),2646.0,I'm A Winner (Amended Album Version),2505.0,Interlude 5,3.4679000000000024,B-Boy Bouillabaisse: A.W.O.L. (2009 Digital Remaster),3.015137500000002,I'm A Winner (Amended Album Version),2.9027749999999997,Keep Moving,0.7117156288452977,Masquerade,0.7107357271370878,Clearer Now,0.7100511528739114,Keep Moving,0.7263399641309348,Clearer Now,0.723416799878318,Masquerade,0.7202896112367141
266,TRCLZPO128F427CD3A,SOMMQAC12CF5F86E67,ARBJ22B1187B9AD31C,Norah Jones,My Dear Country,jazz,Interlude 5,4157.0,B-Boy Bouillabaisse: A.W.O.L. (2009 Digital Remaster),3183.0,Splurge,2584.0,Interlude 5,4.777649999999998,B-Boy Bouillabaisse: A.W.O.L. (2009 Digital Remaster),3.6286843749999944,Splurge,3.0215531250000036,B-Boy Bouillabaisse: A.W.O.L. (2009 Digital Remaster),0.711505540254775,The Car Song,0.7065540554632581,Book Of Life,0.7011070232074434,B-Boy Bouillabaisse: A.W.O.L. (2009 Digital Remaster),0.7287728118461179,The Car Song,0.7211970909550356,Dead Homiez,0.7181582639713501
267,TRWAPCT128F1494611,SONBELN12AB0184D8F,ARIFGKC1187B9B04D5,Dean Martin,I Love The Way You Say Goodnight,jazz,Interlude 5,5872.0,I'm A Winner (Amended Album Version),5743.0,I Want You,5142.0,I'm A Winner (Amended Album Version),6.85257187499999,Interlude 5,6.840900000000002,I Want You,6.244067187499993,The Way You Move,0.7743663708786931,Dimples,0.7166167545055655,Para-noir,0.7100931428050912,The Way You Move,0.7803755978073242,Dimples,0.7214033419938675,Para-noir,0.7143962708611991
268,TRNBZVW128F92EE688,SOANWBV12AB0184B24,ARIFGKC1187B9B04D5,Dean Martin,White Christmas,jazz,B-Boy Bouillabaisse: A.W.O.L. (2009 Digital Remaster),1466.0,8 Mile,1291.0,I'm A Winner (Amended Album Version),1271.0,B-Boy Bouillabaisse: A.W.O.L. (2009 Digital Remaster),1.5882234374999988,8 Mile,1.4294015624999998,I'm A Winner (Amended Album Version),1.3978531249999993,When Will I See Your Face Again,0.5305304833555632,When I Lay My Burden Down,0.5209252966392623,At The End Of The Sky,0.5134859791978874,When Will I See Your Face Again,0.5511063866647862,At The End Of The Sky,0.5370846194594372,When I Lay My Burden Down,0.528870346493555
269,TRHZOEX128F93588AB,SOEXXLQ12A58A7A0CD,ARIFGKC1187B9B04D5,Dean Martin,Memories Are Made Of This,jazz,One of Us,1301.0,Interlude 5,1254.0,One Tribe,1110.0,One of Us,1.495531250000006,Interlude 5,1.3512999999999993,One Tribe,1.3034875,Highlight Of My Life,0.5289641868382992,Conviction Of The Heart,0.5134151418280409,Requiem for a Soldier (Band of Brothers),0.5072810957841226,Highlight Of My Life,0.54007117964669,Conviction Of The Heart,0.5344556251986885,Requiem for a Soldier (Band of Brothers),0.526420330777086
270,TREOPOB128F427CD42,SOBWFAI12D021B3991,ARBJ22B1187B9AD31C,Norah Jones,Little Room,jazz,Interlude 5,2258.0,B-Boy Bouillabaisse: A.W.O.L. (2009 Digital Remaster),1667.0,Otha Fish,1444.0,Interlude 5,2.505100000000001,B-Boy Bouillabaisse: A.W.O.L. (2009 Digital Remaster),1.8183156249999994,Otha Fish,1.6400468750000021,Flow On (Move Me No Mountain),0.6016500807007973,My Elusive Dreams,0.5995306711101378,Kinky Sex Makes the World Go 'Round,0.5988710560468398,Flow On (Move Me No Mountain),0.6294858390015771,Kinky Sex Makes the World Go 'Round,0.6264482454202317,My Elusive Dreams,0.6198494574872324
271,TRELLQK128F147AD94,SOPTTXR12A58A782BB,ARO7DTP1187B9A1D2B,The Puppini Sisters,Bei Mir Bist Du Schön,jazz,Interlude 5,4951.0,I'm A Winner (Amended Album Version),3945.0,My Darling,3365.0,Interlude 5,5.77475,I'm A Winner (Amended Album Version),4.660687499999997,My Darling,3.9528437500000018,Tell Me (Acoustic),0.7321694762737689,When You Say You Love Me (Album Version),0.7236170512759962,Like The Sun,0.722730907359767,Tell Me (Acoustic),0.7428970589282737,When You Say You Love Me (Album Version),0.7337352353811268,Like The Sun,0.7309337625427584
272,TRMOHUN128F424DEE6,SOCIAUG12A8C130F7F,ARO7DTP1187B9A1D2B,The Puppini Sisters,Don't Sit Under The Apple Tree,jazz,Hold Me Down (Album Version),2902.0,Interlude 5,2801.0,Splurge,2711.0,Hold Me Down (Album Version),3.3941281249999973,Splurge,3.137926562500003,Interlude 5,2.9975499999999977,(You Were Made) Especially For Me,0.5731968342305611,I Don't Want To Hang Out With Me (LP Version),0.5225871791334086,Don't You Ever,0.5109093149837735,(You Were Made) Especially For Me,0.5850156522938843,I Don't Want To Hang Out With Me (LP Version),0.5386758590549793,Don't You Ever,0.5241248337542679
273,TRSPEPD128F147AD9A,SOCFSHN12A6D4F73B2,ARO7DTP1187B9A1D2B,The Puppini Sisters,Falling In Love Again,jazz,Interlude 5,5940.0,I'm A Winner (Amended Album Version),5442.0,B-Boy Bouillabaisse: A.W.O.L. (2009 Digital Remaster),5336.0,Interlude 5,6.735000000000022,I'm A Winner (Amended Album Version),6.351562500000007,B-Boy Bouillabaisse: A.W.O.L. (2009 Digital Remaster),6.0929687499999705,Falling In Love Again,0.9470702331417158,When I Fall In Love,0.7184179703506497,Lovebite,0.697289552628684,Falling In Love Again,0.9492431078620265,When I Fall In Love,0.7272569055470027,Lovebite,0.710505587422134
274,TRAQUUU128F147A689,SOEYNMS12A6D4F7BC8,ARO7DTP1187B9A1D2B,The Puppini Sisters,Heebie Jeebies,jazz,Interlude 5,4460.0,B-Boy Bouillabaisse: A.W.O.L. (2009 Digital Remaster),4131.0,I Mean (I Don't Mean It),3401.0,Interlude 5,4.9954,B-Boy Bouillabaisse: A.W.O.L. (2009 Digital Remaster),4.679043750000007,I Want You,4.034481249999988,In the Journey,0.6104990450017918,Lovesick Blues,0.5968034687099669,I Don't Want To Talk About It,0.5903405507934966,In the Journey,0.6276703600726269,Lovesick Blues,0.6120088147723041,I Don't Want To Talk About It,0.607916504603817
275,TREIANS128F147AD97,SOLJYMK12A6D4F73B0,ARO7DTP1187B9A1D2B,The Puppini Sisters,I Will Survive,jazz,Interlude 5,9817.0,B-Boy Bouillabaisse: A.W.O.L. (2009 Digital Remaster),8300.0,I'm A Winner (Amended Album Version),7863.0,Interlude 5,11.33284999999999,B-Boy Bouillabaisse: A.W.O.L. (2009 Digital Remaster),9.59023749999999,I'm A Winner (Amended Album Version),9.215474999999989,Overcome,0.8340307808301424,Everytime I...,0.831402544872025,I Still Love You,0.8165544081743612,Overcome,0.8400588906766766,Everytime I...,0.8329673339203951,I Still Love You,0.822059213363587
276,TRPWTNZ128F147AD9F,SOOTOZG12A6D4F73B5,ARO7DTP1187B9A1D2B,The Puppini Sisters,In The Mood,jazz,Interlude 5,4859.0,B-Boy Bouillabaisse: A.W.O.L. (2009 Digital Remaster),4484.0,I'm A Winner (Amended Album Version),3974.0,Interlude 5,5.455050000000003,B-Boy Bouillabaisse: A.W.O.L. (2009 Digital Remaster),5.087595312499994,I'm A Winner (Amended Album Version),4.563159375000005,Pack The Pipe,0.7134905705740054,Keep Moving,0.7087992799811664,I Was There When It Happened,0.702594875557308,Pack The Pipe,0.7295200646140947,Keep Moving,0.7242958708268249,I Was There When It Happened,0.7147628554624083
277,TRNDNKN12903CC8A4C,SOQIBZY12AB018A208,ARIFGKC1187B9B04D5,Dean Martin,Kiss,jazz,Interlude 5,7297.0,I'm A Winner (Amended Album Version),6537.0,B-Boy Bouillabaisse: A.W.O.L. (2009 Digital Remaster),5055.0,Interlude 5,8.304750000000002,I'm A Winner (Amended Album Version),7.6376406249999915,I Want You,5.847414062499979,Memorial Day,0.6346792930812675,You Never Knew,0.6343210900648842,4 Seasons Of Loneliness,0.6301752570827562,You Never Knew,0.6545102826679078,Memorial Day,0.6542646757730994,4 Seasons Of Loneliness,0.6486180987691934
278,TRJALGV12903D0447E,SOOCHTW12AC468DF40,ARIFGKC1187B9B04D5,Dean Martin,Let Me Go Lover,jazz,Hold Me Down (Album Version),3082.0,That's What You Told Me,3028.0,Interlude 5,2730.0,Hold Me Down (Album Version),3.723559375000005,That's What You Told Me,3.6783687500000046,Interlude 5,3.1342000000000017,Let Me Be Me,0.7092907173481264,Peel Me A Grape,0.6742289584287275,He Loves Me (Lyzel In E Flat),0.6686578626280469,Let Me Be Me,0.7153791078828564,Peel Me A Grape,0.6791598801046382,He Loves Me (Lyzel In E Flat),0.6737487430261436
279,TRPQFJA128F145AC60,SOLLBAY12AF72A5F48,ARIFGKC1187B9B04D5,Dean Martin,On An Evening In Roma (Sott'er Celo De Roma),jazz,Interlude 5,1799.0,B-Boy Bouillabaisse: A.W.O.L. (2009 Digital Remaster),1739.0,Otha Fish,1620.0,Interlude 5,1.9336499999999963,B-Boy Bouillabaisse: A.W.O.L. (2009 Digital Remaster),1.9102390624999968,Otha Fish,1.8612421875000025,Paint or Pollen,0.5587097113554502,Vita Mia,0.514087596213881,Never Touch That Switch (Dark Horse Dub Mix),0.4983953253079338,Paint or Pollen,0.5792850446739107,Vita Mia,0.5339097178395226,Never Touch That Switch (Dark Horse Dub Mix),0.5186392549293459
280,TRHBSKB128E07924CB,SOOEYBB12D021B0EAA,ARDCFNZ1187FB3DDB0,Enrique Iglesias,No Puedo Mas Sin Ti (I'm Your Man),latin,Dale tiempo al rumor,3303.0,Desde Que No Estas,2942.0,Al Natural (Amended Version),2858.0,Dale tiempo al rumor,3.9584296875000096,Desde Que No Estas,3.598554687499993,Al Natural (Amended Version),3.4569375000000058,Desde Que No Estas,0.808002464230952,Precisamente Ahora,0.8019008589757488,Algo Mas,0.7741649003149421,Desde Que No Estas,0.8113457523147225,Precisamente Ahora,0.8053881780570903,Algo Mas,0.7780688835356941
281,TRBSLQC128F9333C5D,SOIOBWT12A8C14075B,AR6PJ8R1187FB5AD70,Shakira,En Tus Pupilas,latin,Dale tiempo al rumor,2333.0,Cantando,1857.0,Lloré Lloré,1581.0,Dale tiempo al rumor,2.8021750000000067,Cantando,2.2206749999999973,Lloré Lloré,1.9164000000000028,Amor de Tele,0.7956835901251083,Yo se que,0.7943806874760491,El ectoplasta,0.7616778937207516,Amor de Tele,0.7998713666928152,Yo se que,0.798463415818205,El ectoplasta,0.768230608501723
282,TRGJXTC128F4278ECC,SONTHAL12A8C135908,AR6PJ8R1187FB5AD70,Shakira,Que Me Quedes Tu,latin,Dale tiempo al rumor,2618.0,Cantando,2117.0,Al Natural (Amended Version),1872.0,Dale tiempo al rumor,3.1608015624999974,Cantando,2.547770312500003,Al Natural (Amended Version),2.2642124999999975,No Hay Manera,0.8060476255479457,Amor De Siempre,0.7917874176935346,Grito Latino,0.7907285289466222,No Hay Manera,0.8097341995030434,Amor De Siempre,0.7957888817872214,Grito Latino,0.7945766632425001
283,TRQEQHH12903CA6CE5,SODBAHE12A8C132D34,AR6PJ8R1187FB5AD70,Shakira,Sombra De Ti,latin,Dale tiempo al rumor,3176.0,El Negro Está Cocinando,2689.0,Lloré Lloré,2671.0,Dale tiempo al rumor,3.817107812500002,El Negro Está Cocinando,3.275304687500009,Lloré Lloré,3.258534374999998,Ahora Que Te Vas,0.8040094511710666,Precisamente Ahora,0.8013854914793822,Cosas Que Nunca Te Dije,0.7986021527921368,Ahora Que Te Vas,0.8069001678014539,Precisamente Ahora,0.8048195108405131,Cosas Que Nunca Te Dije,0.8022013139991617
284,TRXMTST12903CCD9E1,SOPVLJP12A8C1358F4,AR6PJ8R1187FB5AD70,Shakira,Te Dejo Madrid,latin,Dale tiempo al rumor,1910.0,Cantando,1524.0,Yakamonéyé,1327.0,Dale tiempo al rumor,2.2884765625000076,Cantando,1.8176953125000028,Sans Rémission,1.567539062499999,Mujer Calavera,0.7802429872353585,Basta De Ti,0.7617791144494526,Miedo,0.753662788741306,Mujer Calavera,0.7852584688314189,Basta De Ti,0.7665407811673396,Miedo,0.7589095832130647
285,TRAQEOP12903CA65E2,SONPFMD12AB017C1B3,AR6PJ8R1187FB5AD70,Shakira,Tú,latin,Dale tiempo al rumor,1271.0,Cantando,1038.0,Como Y Vete,939.0,Dale tiempo al rumor,1.5190375,Cantando,1.2360375000000023,Como Y Vete,1.1198499999999991,19 De Noviembre,0.8326576699948254,Tierra Sin Sol,0.8144911071773255,Entre Tus Alas,0.7858011861848845,19 De Noviembre,0.8362489262818654,Tierra Sin Sol,0.8188561345120972,Entre Tus Alas,0.7903073371354952
286,TRSRORJ128E0791C74,SOMBFMU12A670214E6,ARDCFNZ1187FB3DDB0,Enrique Iglesias,La Chica De Ayer,latin,Move On,1407.0,Horse With No Name,1343.0,Dale tiempo al rumor,1222.0,Move On,1.7076250000000015,Horse With No Name,1.6327499999999986,Dale tiempo al rumor,1.4641250000000001,Miserable,0.7618343590442104,Abarajame,0.7464535973621088,Tu Eres Mi Luz,0.7432646076794819,Miserable,0.7668571851736232,Abarajame,0.752991291300014,Tu Eres Mi Luz,0.7472755860636138
287,TRYDDZE128F92F3B79,SOFBLLI12A58A7D19C,ARDCFNZ1187FB3DDB0,Enrique Iglesias,Adicto,latin,Dale tiempo al rumor,1983.0,Cantando,1710.0,Lloré Lloré,1406.0,Dale tiempo al rumor,2.3765578125000038,Cantando,2.0474015624999966,Lloré Lloré,1.7038843749999981,Obsesion (English Remix_ Album Version),0.7900829710289109,Cartita de amor,0.7836564000730688,Animal Nocturno,0.7802368295158609,Obsesion (English Remix_ Album Version),0.796114779262946,Cartita de amor,0.7890451967444105,Animal Nocturno,0.7856641174982398
288,TREGBAS128F145EC8B,SOERVFF12A6D4F790F,ARDCFNZ1187FB3DDB0,Enrique Iglesias,Al Despertar,latin,Lloré Lloré,1633.0,Dale tiempo al rumor,1622.0,Cantando,1550.0,Lloré Lloré,1.9942843750000032,Dale tiempo al rumor,1.937982812500001,Cantando,1.8585765625000028,La Coqueta,0.8003101559540561,Te Extrano,0.793271575620901,Buscándote,0.7922491929960733,La Coqueta,0.8048735205818199,Te Extrano,0.7977568423979617,Buscándote,0.7971076508349461
289,TRXQFEE128F145EC9A,SOJXCPV12A6D4F791D,ARDCFNZ1187FB3DDB0,Enrique Iglesias,Alguien Como Tú,latin,Dale tiempo al rumor,1636.0,Cantando,1433.0,Lloré Lloré,1349.0,Dale tiempo al rumor,1.9483531249999968,Cantando,1.706040625000002,Lloré Lloré,1.6355437499999974,Amor De Siempre,0.6958311274118822,Buscándote,0.6842191821484787,No Sabes Cuanto Te Quiero,0.6628624488217081,Amor De Siempre,0.7020804367392917,Buscándote,0.6912959317893964,No Sabes Cuanto Te Quiero,0.6706164254888761
290,TRZGBAF128F145ECA8,SOFAZCL12A58A79B38,ARDCFNZ1187FB3DDB0,Enrique Iglesias,Inalcanzable,latin,Dale tiempo al rumor,945.0,Cantando,748.0,Hold Me Down (Album Version),718.0,Dale tiempo al rumor,1.1257968750000038,Cantando,0.8861093750000022,Heerlijk,0.8472187500000022,Vete De Mi,0.7206354216899146,Tu Me Acostumbraste,0.6843908463124455,Lloro Por Ti,0.6764084466404475,Vete De Mi,0.725253641400674,Tu Me Acostumbraste,0.6892827735923821,Lloro Por Ti,0.681798255414245
291,TRUQGGJ128F427E02B,SOOHKUS12A8C13AB12,ARDCFNZ1187FB3DDB0,Enrique Iglesias,Lloro Por Ti,latin,Dale tiempo al rumor,2870.0,Cantando,2305.0,Lloré Lloré,1816.0,Dale tiempo al rumor,3.443321875000007,Cantando,2.754134374999994,Lloré Lloré,2.1943562499999962,Vete De Mi,0.807003836707673,Fui,0.7716727929981959,Por Ti Seré (You Raise Me Up),0.756532466596911,Vete De Mi,0.8111340524279981,Fui,0.7766371888415745,Por Ti Seré (You Raise Me Up),0.7606448332307226
292,TRDEKRZ128E0791C7A,SOCPKAV12A670214EC,ARDCFNZ1187FB3DDB0,Enrique Iglesias,Mamacita,latin,Dale tiempo al rumor,1694.0,Cantando,1623.0,El Negro Está Cocinando,1450.0,Dale tiempo al rumor,2.0248140624999955,Cantando,1.947032812499996,El Negro Está Cocinando,1.7603984375000041,Sueño,0.7936686321381304,Guaracha,0.7745757406709293,La Quejosa,0.7723260289125787,Sueño,0.7983060717671225,Guaracha,0.781184766205748,La Quejosa,0.7779809488814922
293,TRFFSMS128F428BC88,SOEMVNF12A8C13C53A,ARDCFNZ1187FB3DDB0,Enrique Iglesias,Miss You,latin,Interlude 5,13632.0,I'm A Winner (Amended Album Version),12008.0,I Want You,10887.0,Interlude 5,15.947499999999975,I'm A Winner (Amended Album Version),14.296015624999995,I Want You,13.20722656249996,The Girls In Their Summer Dresses,0.7702333765360799,Breakaway,0.7515335449623122,Never Do It Again,0.7285545036093015,The Girls In Their Summer Dresses,0.7737294430604407,Breakaway,0.7550425327997425,Never Do It Again,0.7335975568454328
294,TRUPWID128F4215874,SOPTXAZ12AF729F789,ARDCFNZ1187FB3DDB0,Enrique Iglesias,Para De Jugar,latin,Dale tiempo al rumor,2101.0,Cantando,1912.0,Por Mi Reggae Muero,1730.0,Dale tiempo al rumor,2.462267187500009,Cantando,2.245423437499997,Por Mi Reggae Muero,2.078082812499997,Libre,0.6678334929630965,Mujer Calavera,0.6013846504476953,Madre Mia,0.5978819416236175,Libre,0.6722947027867966,Mujer Calavera,0.6106130596152857,Madre Mia,0.604483787776118
295,TRIIBVP128E0792750,SOWFIVV12A6701FFBF,ARDCFNZ1187FB3DDB0,Enrique Iglesias,She Be The One,latin,Interlude 5,6600.0,I'm A Winner (Amended Album Version),6088.0,Man In The Mirror,4367.0,Interlude 5,7.559999999999998,I'm A Winner (Amended Album Version),7.1590625000000045,Man In The Mirror,4.8671875000000036,She's A Runner (24-Bit Digitally Remastered 02),0.7362178876869939,Carnt Be Trusted,0.7318214011196528,Too Good To Be True,0.6811754535586023,She's A Runner (24-Bit Digitally Remastered 02),0.7437487791483225,Carnt Be Trusted,0.739590795519174,Too Good To Be True,0.6894555971893391
296,TRQMXBD128F145ECA2,SONBQQE12A6D4F7922,ARDCFNZ1187FB3DDB0,Enrique Iglesias,Trapecista,latin,Dale tiempo al rumor,1950.0,Cantando,1664.0,Como Y Vete,1515.0,Dale tiempo al rumor,2.3376843750000034,Cantando,1.991996875,Como Y Vete,1.8165750000000023,Guacamaya,0.8067290233381331,Sonrisa especial,0.7606556118897979,Volar,0.7228805827676602,Guacamaya,0.8107519604972093,Sonrisa especial,0.7655637412106407,Volar,0.728733969848113
297,TREGRRQ128F145EC8D,SOMRUDM12A6D4F7911,ARDCFNZ1187FB3DDB0,Enrique Iglesias,Tu Vacio,latin,Dale tiempo al rumor,2723.0,Cantando,2313.0,Lloré Lloré,1972.0,Dale tiempo al rumor,3.264325,Cantando,2.768325000000004,Lloré Lloré,2.3918499999999985,Todavía Me Amas,0.8378540706906125,Quien No Ha Dicho Una Mentira,0.8258469914832133,No Sabes Cuanto Te Quiero,0.8202069574987271,Todavía Me Amas,0.8419892355587912,Quien No Ha Dicho Una Mentira,0.8305141623440622,No Sabes Cuanto Te Quiero,0.8251332986321729
298,TRLILBA128F42158A3,SOPPWVJ12A6D4F7915,ARDCFNZ1187FB3DDB0,Enrique Iglesias,Volveré,latin,Dale tiempo al rumor,1781.0,Lloré Lloré,1540.0,Al Natural (Amended Version),1532.0,Dale tiempo al rumor,2.1050453124999966,Lloré Lloré,1.8614093750000047,Al Natural (Amended Version),1.8327625000000052,Intentalo tu,0.7050780604016601,ya No,0.6973344230025176,Gitano Corazon,0.6954123686917207,Intentalo tu,0.7132860159735198,ya No,0.7047160219839157,Gitano Corazon,0.7033752313996001
299,TRBFJPO128F4295BE3,SOZOEJC12CF5CFAD99,AR6PJ8R1187FB5AD70,Shakira,Estoy Aquí,latin,Dale tiempo al rumor,687.0,Te Vuelvo Loca,576.0,Al Natural (Amended Version),543.0,Dale tiempo al rumor,0.8056734374999988,Te Vuelvo Loca,0.6862906250000002,Al Natural (Amended Version),0.6427374999999995,Receio do remorso,0.7506641275018918,Rosas,0.745895544069859,Nêga Jurema,0.7176370241878626,Receio do remorso,0.7535410105085976,Rosas,0.7496491157650809,Nêga Jurema,0.7217252418300996
300,TRCLERB12903CBBC8D,SODKNST12D02193AD7,ARB054P1187B9AD32E,Santana,Life Is Anew,latin,Interlude 5,1944.0,I'm A Winner (Amended Album Version),1399.0,B-Boy Bouillabaisse: A.W.O.L. (2009 Digital Remaster),1243.0,Interlude 5,2.2345000000000006,I'm A Winner (Amended Album Version),1.6209843749999984,B-Boy Bouillabaisse: A.W.O.L. (2009 Digital Remaster),1.3902578124999991,Because Of You,0.6892562575485368,MAPS OF REALITY,0.6394537290294549,The Awakening,0.5831553281937345,Because Of You,0.6979276657996403,MAPS OF REALITY,0.6509717320768102,The Awakening,0.5958706870221957
301,TRNXCMJ128F4295BC6,SOCYFSR12AB018C4AF,AR6PJ8R1187FB5AD70,Shakira,Donde Estas Corazon,latin,Dale tiempo al rumor,2540.0,La ciudad nunca duerme,1973.0,No Existe Un Lugar,1868.0,Dale tiempo al rumor,3.053003124999998,La ciudad nunca duerme,2.38395625000001,No Existe Un Lugar,2.2782124999999986,Nadie mas que yo (directo Las Ventas),0.7576177968446103,No Mas Apartheid,0.7418362874093055,Cenando En Paris,0.7395760097340414,Nadie mas que yo (directo Las Ventas),0.7623361782989397,No Mas Apartheid,0.7437103690368632,Cenando En Paris,0.7430553759796567
302,TRNXJGR128F93044E7,SOUGMXP12AB017C76C,AR6PJ8R1187FB5AD70,Shakira,Octavo Día,latin,Dale tiempo al rumor,1325.0,Cantando,1247.0,Lloré Lloré,1004.0,Dale tiempo al rumor,1.58336875,Cantando,1.4944937499999995,Lloré Lloré,1.2167624999999986,Agua De Mayo,0.7681111578529526,Y Sigo Preguntandome,0.7477452464948455,Mediterraneo,0.74739805858827,Agua De Mayo,0.7738504648542559,Y Sigo Preguntandome,0.75420571824152,Mediterraneo,0.7541124213306418
303,TRJHDIB128F92E5849,SOVJQJJ12A8C1448E7,AR6PJ8R1187FB5AD70,Shakira,Te Necesito,latin,Dale tiempo al rumor,1756.0,Cantando,1436.0,Te Vuelvo Loca,1398.0,Dale tiempo al rumor,2.0896390624999985,Cantando,1.7021078125000022,Te Vuelvo Loca,1.6805843749999974,Todavía Me Amas,0.8460525926496941,Obsesion (English Remix_ Album Version),0.8301555782215182,No Te Vayas,0.828120811511585,Todavía Me Amas,0.8502642554113827,Obsesion (English Remix_ Album Version),0.8351481735151566,No Te Vayas,0.8320262743702862
304,TRYQVKS128F4259A11,SOXVXZS12AF72ABF9F,ARB054P1187B9AD32E,Santana,Evil Ways,latin,Interlude 5,3945.0,B-Boy Bouillabaisse: A.W.O.L. (2009 Digital Remaster),2783.0,Man In The Mirror,2768.0,Interlude 5,4.5632500000000045,B-Boy Bouillabaisse: A.W.O.L. (2009 Digital Remaster),3.1710000000000003,Man In The Mirror,3.144499999999994,Preacher On A Sunday Morning,0.6727633351225779,Sweet Misery,0.6711500040743342,I'll Spend My Life With You,0.6697169677297824,Preacher On A Sunday Morning,0.688377986229675,Happymess,0.6853527735800584,Superstar (Double Murder = Double Platinum),0.6848710777238295
305,TRSOTQI128E0789132,SOURGXB12A6701F9E5,ARJW1SP1187FB4CA51,Pink Martini,Anna (el negro zumbon),latin,Interlude 5,2965.0,Hold Me Down (Album Version),2314.0,B-Boy Bouillabaisse: A.W.O.L. (2009 Digital Remaster),2066.0,Interlude 5,3.234749999999999,Hold Me Down (Album Version),2.6740468749999997,That's What You Told Me,2.191843749999999,El Arado,0.5589757276617525,A fuego lento (directo Las Ventas),0.5495209923490737,U,0.4981967620562254,El Arado,0.5687488472595515,A fuego lento (directo Las Ventas),0.558964734607865,Nuevo Dia (New Day),0.5144103695797536
306,TRZHOUV128F9316269,SOIYPYO12AB017C8BE,ARJW1SP1187FB4CA51,Chavela Vargas,Piensa en mi,latin,Move On,627.0,Dale tiempo al rumor,614.0,Horse With No Name,601.0,Move On,0.7492406249999994,Dale tiempo al rumor,0.7247218750000018,Horse With No Name,0.7201999999999978,La Chica De Ayer,0.639744935216227,Asi Eres Tu,0.5873872815717566,Tú,0.5870702138628171,La Chica De Ayer,0.6470591680907622,Asi Eres Tu,0.5960973863107749,Tú,0.5956847588351356
307,TRPXMGA128F42A98BA,SOGHCII12D021B3225,ARB054P1187B9AD32E,Santana,Esperando,latin,B-Boy Bouillabaisse: A.W.O.L. (2009 Digital Remaster),1122.0,Mellow My Man,1113.0,My Baby Just Cares For Me,1109.0,My Baby Just Cares For Me,1.314849999999996,Mellow My Man,1.2762749999999972,B-Boy Bouillabaisse: A.W.O.L. (2009 Digital Remaster),1.1870750000000012,My Baby Just Cares For Me,0.4657479448889276,Waiting For My Child,0.46427378521255,Cryin',0.4440639999036644,Waiting For My Child,0.48348364324196236,My Baby Just Cares For Me,0.4783821398184999,Cryin',0.46160054217113705
308,TRBYMWR128F425DD8E,SOMNTDT12A8AE47628,AR65K7A1187FB4DAA4,Beyoncé,Beautiful Liar (Bello Embustero),latin,Miss You,1932.0,Dale tiempo al rumor,1779.0,Breakaway,1748.0,Miss You,2.3051562499999942,Breakaway,2.118168750000002,Dale tiempo al rumor,2.1065062500000016,Vine A Decirte Adios,0.6821002016409298,No Existe Un Lugar,0.6710903556626346,Años Luz,0.6434667545561407,Vine A Decirte Adios,0.6859793305271504,No Existe Un Lugar,0.6770187355102132,Años Luz,0.6510024687072693
309,TRPAZDJ128F42881A1,SOGAFMO12D02199AD2,ARYN2M61187B995BD6,Juanes,Rosario Tijeras,latin,Move On,2808.0,Horse With No Name,2595.0,Dale tiempo al rumor,2494.0,Move On,3.4135015625000067,Horse With No Name,3.1569249999999927,Dale tiempo al rumor,2.997879687499995,La Aristocracia del Barrio,0.8266839582292687,Sol_ Playa Y Arena,0.7903248421002795,El Cosechero,0.7583598406171247,La Aristocracia del Barrio,0.8298251097347298,Sol_ Playa Y Arena,0.7937309125358529,El Cosechero,0.7626811957876786
310,TRHZGZO128F9341C4A,SOAUETF12D02199708,ARLUF1T1187FB3603B,Ricardo Arjona,Animal Nocturno,latin,Dale tiempo al rumor,2421.0,Cantando,2178.0,La ciudad nunca duerme,1658.0,Dale tiempo al rumor,2.9240578125000045,Cantando,2.632401562499997,El Negro Está Cocinando,2.0075546875000057,Quien No Ha Dicho Una Mentira,0.8838088464808739,Don Manuel Sr. Molina,0.8621295216693593,Cuando,0.8582421817882214,Quien No Ha Dicho Una Mentira,0.8865650602336969,Don Manuel Sr. Molina,0.8654340962571605,Cuando,0.86156836677929
311,TRDFNLR12903CB0FE4,SOFDJSB12AB0183B5B,ARGN0KR1187B991A99,Camila,Alejate De Mi,latin,Dale tiempo al rumor,2804.0,Lloré Lloré,2504.0,El Negro Está Cocinando,2440.0,Dale tiempo al rumor,3.3536921875000063,Lloré Lloré,3.050615625000004,El Negro Está Cocinando,2.9649453125000065,Obsesion (English Remix_ Album Version),0.784127832256286,La Coqueta,0.7807775059034039,Aqui Se Termino (Never Forever),0.7678101767569827,Obsesion (English Remix_ Album Version),0.7898638191270088,La Coqueta,0.7863864435880652,Aqui Se Termino (Never Forever),0.7735494241238626
312,TROBWIG12903CB0FD7,SODWRNB12AB0183B3B,ARGN0KR1187B991A99,Camila,Entre Tus Alas,latin,Dale tiempo al rumor,1915.0,Cantando,1542.0,Lloré Lloré,1308.0,Dale tiempo al rumor,2.299479687499995,Cantando,1.844385937499996,Lloré Lloré,1.5855406249999993,19 De Noviembre,0.8158806214442527,Es Por Ti,0.7986090887480799,Amor Latino,0.7882810532143935,19 De Noviembre,0.8195208037719853,Es Por Ti,0.8025887616656597,Amor Latino,0.7918395959918446
313,TRDWUTF12903CA9249,SODRAIV12A8C1430AB,ARGN0KR1187B991A99,Camila,Me Basto,latin,Dale tiempo al rumor,1368.0,Cantando,1265.0,Como Y Vete,1257.0,Dale tiempo al rumor,1.618106249999999,Cantando,1.500231249999999,Como Y Vete,1.5002000000000015,No Te Vayas,0.6970393645830355,Te Extrano,0.6900673011204177,Al Despertar,0.6868878800974604,No Te Vayas,0.7033607175156156,Te Extrano,0.6967956337518377,Al Despertar,0.693488685426632
314,TRCRNBS128F9347F55,SOTOLCQ12AF729AC84,ARGN0KR1187B991A99,Camila,Va Para Ti,latin,Miss You,3888.0,Breakaway,3474.0,El Negro Está Cocinando,2940.0,Miss You,4.7175000000000145,Breakaway,4.255799999999986,El Negro Está Cocinando,3.5895000000000064,Manto Estelar,0.8178395890882648,La Estación,0.7808296081882495,No Me Acostumbro,0.6822611974465076,Manto Estelar,0.8202663217275167,La Estación,0.78266981996399,No Me Acostumbro,0.6868530733604221
315,TRDYKYQ12903CAD2B8,SOCDZHG12A58A81315,AR81DGA1187B9A0A43,Reik,Fui,latin,Dale tiempo al rumor,1123.0,Cantando,963.0,La ciudad nunca duerme,811.0,Dale tiempo al rumor,1.3435437499999956,Cantando,1.1506687499999995,La ciudad nunca duerme,0.973137500000001,Lloro Por Ti,0.7716727929982024,No Pense Enamorarme Otra Vez,0.7387701560116817,La rabia,0.7303017281159611,Lloro Por Ti,0.7766371888415745,No Pense Enamorarme Otra Vez,0.7448531250656283,La rabia,0.7356504997947901
316,TRAYQRI12903CAD2A1,SOFPPPB12AB018BB18,AR81DGA1187B9A0A43,Reik,Ilusionado,latin,Dale tiempo al rumor,1263.0,El Negro Está Cocinando,1189.0,Cantando,1154.0,Dale tiempo al rumor,1.4939859375000017,El Negro Está Cocinando,1.438601562500002,Cantando,1.367767187500001,La Coqueta,0.6863901532701995,Todos Quieren A Raymond,0.6720259445806478,Sueño,0.6594268454630673,La Coqueta,0.6949663275352392,Todos Quieren A Raymond,0.682693490330219,Sueño,0.6674967319502595
317,TRGFMTT12903CAD2A2,SOIKGCB12AF72A11C6,AR81DGA1187B9A0A43,Reik,Piel De Ciudad,latin,Cantando,1253.0,Dale tiempo al rumor,1226.0,Lloré Lloré,1193.0,Cantando,1.4880250000000015,Lloré Lloré,1.4446999999999992,Dale tiempo al rumor,1.4437750000000014,Voy A Seguir,0.6220650450528373,Tu Y Yo,0.598653373225891,Alejate De Mi,0.5929319239744406,Voy A Seguir,0.6320537686475144,Tu Y Yo,0.608231897975064,Alejate De Mi,0.6027363984654994
318,TRJXNZL128F92E54EE,SOQUZCC12A8C140463,AR81DGA1187B9A0A43,Reik,Quedate,latin,Dale tiempo al rumor,2547.0,El Negro Está Cocinando,2002.0,Cantando,1951.0,Dale tiempo al rumor,3.0680906249999937,El Negro Está Cocinando,2.4374843750000004,Cantando,2.336778125000002,Ni Te Llamo Ni Te Busco,0.8279530909899613,Todavía Me Amas,0.8220633955761157,Aqui Se Termino (Never Forever),0.8118627566400809,Ni Te Llamo Ni Te Busco,0.8315872982003084,Todavía Me Amas,0.8260536790580612,Aqui Se Termino (Never Forever),0.8160223564817328
319,TRDOVAF128F93112F7,SOLRFDT12AB0183B0D,ARU3BQ91187FB5A3D6,Animal Collective,Brother Sport,latin,Interlude 5,2783.0,Man In The Mirror,2126.0,Cancel (Album Version),2124.0,Interlude 5,3.142950000000001,Cancel (Album Version),2.5407093750000005,Acid 8000,2.4678031249999997,Get Your Hands Up,0.5837471954337085,In Moderation,0.5651490092363557,Freestate,0.5593264021266136,Get Your Hands Up,0.5941177712013598,In Moderation,0.5773178593548627,Freestate,0.5692627890631652
320,TRVPMSA128F9331D03,SOJQZHG12AB0185EAB,ART5MUE1187B98C961,Metallica,The Prince,metal,B-Boy Bouillabaisse: A.W.O.L. (2009 Digital Remaster),1689.0,Interlude 5,1523.0,I Want You,1448.0,B-Boy Bouillabaisse: A.W.O.L. (2009 Digital Remaster),1.8823609375000003,I Want You,1.709407812500003,Interlude 5,1.6300499999999989,I've Grown Accustomed To His Face,0.5553501946748247,Me And The Devil,0.5370830567350922,Crime,0.5270964997743132,I've Grown Accustomed To His Face,0.5705951008000594,Me And The Devil,0.5592928659148159,Crime,0.5432249025218393
321,TRPCZPE12903CAF5BD,SOAVPPJ12A8C13EFBC,ARC9CR51187FB51A13,Avenged Sevenfold,Second Heartbeat,metal,Interlude 5,3310.0,B-Boy Bouillabaisse: A.W.O.L. (2009 Digital Remaster),2658.0,I'm A Winner (Amended Album Version),2620.0,Interlude 5,3.6131000000000015,I'm A Winner (Amended Album Version),2.9322874999999993,B-Boy Bouillabaisse: A.W.O.L. (2009 Digital Remaster),2.8839562500000016,Just a Memory,0.6473704752904147,A Song For You,0.6379830512215784,Whereareyougoing,0.6376728308327402,Just a Memory,0.6689599218780159,A Song For You,0.6590634224753672,Whereareyougoing,0.658762686126843
322,TRNUDHG12903CAF56B,SOLFXQT12A8C13E06C,ARC9CR51187FB51A13,Avenged Sevenfold,To End The Rapture,metal,Interlude 5,626.0,One of Us,343.0,Spitfall,341.0,Interlude 5,0.7226999999999996,Spitfall,0.3974874999999997,One of Us,0.3925937500000011,Throne Of Dark Immortals,0.573460696684584,What You Became,0.5537710997797838,Apocalyptic Destroyer of Angels,0.5409897585041105,Throne Of Dark Immortals,0.583115436899835,What You Became,0.5634006699500398,Chimaera (Album Version),0.5513067596400915
323,TRJAABI12903CF759F,SOKACRK12AC90759DA,ARJ94571187B98C352,blessthefall,Witness,metal,Interlude 5,5559.0,I'm A Winner (Amended Album Version),4362.0,My Darling,3888.0,Interlude 5,6.456550000000004,I'm A Winner (Amended Album Version),5.130831249999997,My Darling,4.558728124999998,"You Are The Universe (Roger's Universal 7"" Edit)",0.7550326775457129,Incision,0.7536400580169542,It's Only Your Life,0.7516731253085117,Incision,0.7617512019044316,"You Are The Universe (Roger's Universal 7"" Edit)",0.7607870252913538,It's Only Your Life,0.7596541767604351
324,TRREMAP128F42983BD,SOWEDJU12D02198FF6,ARU6HMT1187FB38801,HIM,Heartache Every Moment,metal,Interlude 5,2505.0,Ice Is Workin' It,1834.0,B-Boy Bouillabaisse: A.W.O.L. (2009 Digital Remaster),1811.0,Interlude 5,2.78625000000001,Ice Is Workin' It,2.1293749999999907,Touch It / Technologic,2.0225781250000003,The Miner Becomes Forgetful,0.5551331100515836,Broken Heart,0.5440784501995997,All About U,0.5403661666619635,The Miner Becomes Forgetful,0.5733116454565457,All About U,0.56094269289156,Broken Heart,0.5607269076324319
325,TRFRDZW128F429C337,SOAVNID12A8C13B197,ARU6HMT1187FB38801,HIM,Sigillum Diaboli,metal,Interlude 5,7876.0,I Want You,6915.0,B-Boy Bouillabaisse: A.W.O.L. (2009 Digital Remaster),6895.0,Interlude 5,9.265400000000005,I Want You,8.430731249999983,B-Boy Bouillabaisse: A.W.O.L. (2009 Digital Remaster),8.134043749999995,Pervert,0.7617312197364924,Sold,0.7504284091754663,Gotta Get Over (Taking Loot) (Explicit),0.7375985211391811,Pervert,0.7674733890742158,Sold,0.7560001819507821,Gotta Get Over (Taking Loot) (Explicit),0.7437197471761641
326,TRHVUCJ128F934B68C,SOPDMDM12A8C132ABD,ARWMY7E1187B9B7049,As I Lay Dying,Refined By Your Embrace,metal,I'm A Winner (Amended Album Version),1451.0,Interlude 5,1318.0,B-Boy Bouillabaisse: A.W.O.L. (2009 Digital Remaster),1187.0,I'm A Winner (Amended Album Version),1.7370906249999978,Interlude 5,1.5301999999999987,B-Boy Bouillabaisse: A.W.O.L. (2009 Digital Remaster),1.3856546874999973,I fantasize of you,0.770344494854286,Rabbit Run,0.754516755710214,Beyond Salvation,0.7484882701172648,I fantasize of you,0.7769301279624139,Rabbit Run,0.7614979452464139,Beyond Salvation,0.7545010379247884
327,TRIBZVH128F934B68D,SOWJVZY12A8C132AC2,ARWMY7E1187B9B7049,As I Lay Dying,The Innocence Spilled,metal,Interlude 5,1358.0,B-Boy Bouillabaisse: A.W.O.L. (2009 Digital Remaster),1172.0,My Darling,1076.0,Interlude 5,1.5089000000000004,B-Boy Bouillabaisse: A.W.O.L. (2009 Digital Remaster),1.3072781249999996,My Darling,1.2295593749999985,The End Of An Anchor,0.6282569847458236,Something For The Pain,0.6145886713221957,So Help Me God,0.5890386617071754,The End Of An Anchor,0.6429775687565498,Something For The Pain,0.6307495590298327,Feel Me,0.607793765392342
328,TRZOLOQ128F428FA00,SOHEPVU12A8C13A03D,ARMGBBW1187FB4A7A0,August Burns Red,An American Dream,metal,Interlude 5,623.0,One of Us,527.0,Otha Fish,510.0,Interlude 5,0.59935,One of Us,0.5502812500000003,The Way It Is,0.5476187500000017,This Is Not America,0.5202757631751308,Bear The Cross,0.5019947799932443,Threat,0.4958331206152238,This Is Not America,0.534408956120613,Bear The Cross,0.5189855735517976,Threat,0.518232718424729
329,TRFQWAQ128F14B084D,SOLXNXB12A6D4FBCDA,ARPFK3E1187B9A43BF,Underoath,The Changing Of Times,metal,Interlude 5,3021.0,I'm A Winner (Amended Album Version),2329.0,B-Boy Bouillabaisse: A.W.O.L. (2009 Digital Remaster),2184.0,Interlude 5,3.449649999999995,I'm A Winner (Amended Album Version),2.697806250000002,B-Boy Bouillabaisse: A.W.O.L. (2009 Digital Remaster),2.4568718750000067,Whereareyougoing,0.7310229209739124,Only When ur Lonely,0.7195886914474401,Get Sick Soon,0.7172162374203631,Whereareyougoing,0.7449862482077669,Only When ur Lonely,0.733394067028018,Get Sick Soon,0.7267941008784884
330,TRLKWJA128F92E154E,SOFDWFR12A58A77D46,ARLHB6B1187B9B1B14,Haste The Day,Autumn,metal,B-Boy Bouillabaisse: A.W.O.L. (2009 Digital Remaster),787.0,Touch It / Technologic,776.0,Mellow My Man,719.0,Touch It / Technologic,0.8982828125000002,Let's Get Crazy,0.8427234375000022,B-Boy Bouillabaisse: A.W.O.L. (2009 Digital Remaster),0.831798437499998,Sprachbarrieren,0.552472887330899,Auf das Leben,0.5248169877476923,Viel Mehr,0.5115900473878588,Sprachbarrieren,0.5613776561989384,Auf das Leben,0.5348470254830876,Viel Mehr,0.5249714919813976
331,TRNQSWR128EF34375F,SOWHMAY12A67ADD2E3,ARLHB6B1187B9B1B14,Haste The Day,Chorus Of Angels,metal,One of Us,2670.0,Interlude 5,2651.0,Remind Me (Live),2586.0,Remind Me (Live),3.1068937500000016,Right Here Right Now,2.953450000000001,One of Us,2.9091875000000016,Fireflies Take Flight,0.43957041079605547,Remind Me (Live),0.41934251874272227,Now Three,0.40621675634955,Fireflies Take Flight,0.45975612795704196,Now Three,0.43066850856805156,Remind Me (Live),0.42653761230192777
332,TRGQLSE128F93257D8,SOUZNST12A58A7EF1D,ARQETJY1187FB3FE74,Demon Hunter,Follow The Wolves,metal,One of Us,1494.0,If I Had,1075.0,Interlude 5,1035.0,One of Us,1.6575156249999976,If I Had,1.2071421874999992,The chronicle of shadows,0.9932500000000013,Vengeance of Demonic Fury,0.519677993100568,Full Moon,0.5149723665996204,Son Of The Morning,0.4800078923999013,Full Moon,0.5332640701283287,Vengeance of Demonic Fury,0.5315028598171133,Son Of The Morning,0.4948458974865205
333,TRCAWAA128F93257D1,SOCLOSW12AB0187E07,ARQETJY1187FB3FE74,Demon Hunter,I Am You,metal,Interlude 5,3589.0,B-Boy Bouillabaisse: A.W.O.L. (2009 Digital Remaster),2555.0,I'm A Winner (Amended Album Version),2457.0,Interlude 5,4.010149999999997,B-Boy Bouillabaisse: A.W.O.L. (2009 Digital Remaster),2.7955984375000016,I'm A Winner (Amended Album Version),2.760103125000005,The Weak Shall Prevail,0.5675331097085536,Redemption,0.5524728426306015,Burning Bridges,0.5507606502170128,The Weak Shall Prevail,0.5841452226386992,Redemption,0.5688475571419305,Burning Bridges,0.56312139828566
334,TRWPRIF128EF34B8F8,SOXZKPU12AF72AAB3B,ARQETJY1187FB3FE74,Demon Hunter,The Science Of Lies,metal,Interlude 5,2909.0,One of Us,2041.0,B-Boy Bouillabaisse: A.W.O.L. (2009 Digital Remaster),1815.0,Interlude 5,3.2222499999999963,One of Us,2.300937499999999,B-Boy Bouillabaisse: A.W.O.L. (2009 Digital Remaster),1.9225312500000014,The 4th Branch,0.6672434125699622,Showtape '91,0.6039764374246117,Masquerade,0.5925505558179057,The 4th Branch,0.6846821034003884,Showtape '91,0.6247838357190857,Masquerade,0.614847186264281
335,TRKLLYD128F4273FF4,SOHRFIP12A8C12FFD1,AR8DTVF1187B9AA292,Ozzy Osbourne,Slow Down,metal,Interlude 5,5555.0,I'm A Winner (Amended Album Version),4147.0,My Darling,4014.0,Interlude 5,6.377950000000001,I'm A Winner (Amended Album Version),4.81398125,My Darling,4.671178125000003,You're Not Supposed To,0.7024976597282406,Angelina,0.7008287647691585,You're A Zombie,0.7003670395015372,Angelina,0.7114579744009516,You're A Zombie,0.7113010446343779,It's Only Your Life,0.7098931701274067
336,TRQJQNX128F4266704,SOEVNLW12A8C13401E,AR8DTVF1187B9AA292,Ozzy Osbourne,Steal Away (The Night),metal,Interlude 5,2136.0,B-Boy Bouillabaisse: A.W.O.L. (2009 Digital Remaster),1480.0,My Darling,1399.0,Interlude 5,2.416999999999996,B-Boy Bouillabaisse: A.W.O.L. (2009 Digital Remaster),1.638421875,My Darling,1.5938906249999996,Further Away,0.6365034119132507,Chase The Clouds Away,0.616078815445286,The Look Of Love,0.6032381944397326,Further Away,0.6459665063087461,Chase The Clouds Away,0.6294273849928796,The Look Of Love,0.6234445403238089
337,TRYIKZR128E0783C64,SOBEOHW12AF72A5BFC,AR98JLC1187B9ADE23,Megadeth,Black Curtains (2004 Digital Remaster),metal,B-Boy Bouillabaisse: A.W.O.L. (2009 Digital Remaster),1522.0,Interlude 5,1485.0,Mellow My Man,1342.0,B-Boy Bouillabaisse: A.W.O.L. (2009 Digital Remaster),1.6736109375000001,Interlude 5,1.582549999999999,Mellow My Man,1.5553390625000008,Black Jettas,0.5821581750969682,Black Sheep,0.5772949172585258,Black Is The Color,0.5731883024923987,Black Jettas,0.6012765820603042,Black Sheep,0.5965315473346697,Black Is The Color,0.5853071854852668
338,TRIOZOZ128F92FA0C2,SOVOXQN12A3F1EC5FA,AR98JLC1187B9ADE23,Megadeth,Die Dead Enough,metal,B-Boy Bouillabaisse: A.W.O.L. (2009 Digital Remaster),7906.0,8 Mile,7598.0,Everytime I...,7414.0,B-Boy Bouillabaisse: A.W.O.L. (2009 Digital Remaster),9.267000000000012,Everytime I...,9.042499999999968,8 Mile,9.032999999999994,Runaway,0.7562206472032845,Awake Enough,0.7455293784764403,Ball Peen Hammer,0.7382286680954132,Runaway,0.761836093336518,Awake Enough,0.7505999415922849,Ball Peen Hammer,0.7439489791176387
339,TRUHHWN128F93045BA,SOKAEJQ12AB0181294,ARVSQHB1187B992FF0,Drowning Pool,Bodies,metal,Hold Me Down (Album Version),1981.0,Locked Up,1906.0,Interlude 5,1870.0,Hold Me Down (Album Version),2.186400000000002,Locked Up,2.1797749999999967,Let Me Be Me,2.0489500000000036,Let The Beat Hit 'Em,0.3857244986273333,Let Me Go Lover,0.37914509770458615,Let Me Be Me,0.3278864198538181,Let The Beat Hit 'Em,0.40398375318503255,Let Me Go Lover,0.3918310297917783,Let Me Be Me,0.344624943503443
340,TRJHNLI128F934B2CA,SONCWXR12D021B1283,AR5Z3L01187B99C5A9,Cannibal Corpse,Rotting Head,metal,One of Us,815.0,B-Boy Bouillabaisse: A.W.O.L. (2009 Digital Remaster),724.0,Interlude 5,724.0,One of Us,0.9102812499999969,New Town,0.7705343750000008,Otha Fish,0.770515625,Tuleen Ajettu Maa,0.6553058792971679,Vengeance of Demonic Fury,0.6524107357156264,Bloodletting Upon The Cloven Hoof,0.6144605707405312,Tuleen Ajettu Maa,0.6720242612554111,Vengeance of Demonic Fury,0.6617835182605531,Resolution,0.632672464973576
341,TRQGFHN128F428643E,SOVKLCX12A8C13860D,AR0KBXO1187B996460,Slipknot,Gehenna,metal,Interlude 5,6553.0,I'm A Winner (Amended Album Version),6296.0,I Want You,5931.0,Interlude 5,7.531150000000006,I'm A Winner (Amended Album Version),7.438603125000009,I Want You,7.171145312500007,I Want You,0.6942820223995627,Breakin Me,0.6675026216571323,I Want That,0.6559545034297771,I Want You,0.7027788680568936,Breakin Me,0.6772164810780862,I Want That,0.6615524853091157
342,TRHCDHI128F92C4B9B,SOOHRVS12AF729C881,AR0KBXO1187B996460,Slipknot,[sic] [Explicit],metal,Interlude 5,5014.0,I'm A Winner (Amended Album Version),4682.0,I Want You,3907.0,Interlude 5,5.7913999999999985,I'm A Winner (Amended Album Version),5.541353124999989,I Want You,4.708770312500009,Revenge,0.7982978490055763,Tangled Up,0.789513595712225,Your Eyes,0.7886139921785539,Revenge,0.8055664449826841,Tangled Up,0.7971794189891338,Your Eyes,0.7964214263895867
343,TRVHKNP128F429DDCE,SOENNBZ12A58A7B5A7,ARK9TRQ1187B99C095,Nine Inch Nails,Gunshots by Computer,metal,Interlude 5,3135.0,I'm A Winner (Amended Album Version),2542.0,B-Boy Bouillabaisse: A.W.O.L. (2009 Digital Remaster),2420.0,Interlude 5,3.4449499999999973,I'm A Winner (Amended Album Version),2.8678562500000053,B-Boy Bouillabaisse: A.W.O.L. (2009 Digital Remaster),2.6287718750000004,Ex-Factor,0.5168808838052986,Nipple To The Bottle,0.5007177731307332,Untouchable,0.49994853102996184,Ex-Factor,0.5377272114850229,Honest Expression,0.5242725953050008,Untouchable,0.5239390877455391
344,TREFLCZ128F4236589,SOJKLWM12A81C23BBC,ARDQ9AP1187B9BA3F6,Killswitch Engage,Hope Is... (Album Version),metal,Interlude 5,1777.0,Remind Me (Live),1776.0,Miss You,1498.0,Remind Me (Live),2.1645374999999993,Interlude 5,1.9084500000000018,Miss You,1.7715624999999966,Heroes Of Our Land,0.6246646920627774,Manhattan,0.5633799221145632,We Are the End,0.5335869830557823,Heroes Of Our Land,0.6340553127318005,Manhattan,0.575011056267938,We Are the End,0.5454685055683166
345,TRQFRJG128F4260199,SOVJLIF12A8C137957,ARHXK5N1187B98F942,Opeth,The Moor,metal,Interlude 5,3473.0,B-Boy Bouillabaisse: A.W.O.L. (2009 Digital Remaster),2908.0,I'm A Winner (Amended Album Version),2291.0,Interlude 5,3.9433500000000006,B-Boy Bouillabaisse: A.W.O.L. (2009 Digital Remaster),3.302245312500007,I'm A Winner (Amended Album Version),2.603709374999998,Elohim (1972),0.7603160204056151,Skullptures,0.7259657657705124,Snoopafella (Edited),0.7223625933448801,Elohim (1972),0.773323513414559,Skullptures,0.7385221318397993,Snoopafella (Edited),0.7375630740202269
346,TRMFSTL128F427B6C1,SOIXQXH12A8C135FC8,ARMOHN71187FB3959F,Atreyu,This Flesh A Tomb (Instrumental Version),metal,Interlude 5,4268.0,B-Boy Bouillabaisse: A.W.O.L. (2009 Digital Remaster),3816.0,I'm A Winner (Amended Album Version),3325.0,Interlude 5,4.854299999999998,B-Boy Bouillabaisse: A.W.O.L. (2009 Digital Remaster),4.368001562499991,I'm A Winner (Amended Album Version),3.842096874999988,Let Me Into Starfish Land,0.7562160690734316,Bent,0.7556727068515351,Runaway,0.7554985052223722,Let Me Into Starfish Land,0.7664126056021127,Bent,0.7658798907769248,Runaway,0.7653720646791049
347,TRALERK12903CDCAFD,SOZABYO12A8C143546,ARWMFZH11C8A4219E0,For Today,A Higher Standard,metal,Interlude 5,1972.0,Ice Is Workin' It,1384.0,Touch It / Technologic,1382.0,Interlude 5,2.198199999999998,Touch It / Technologic,1.6221937500000039,Ice Is Workin' It,1.603850000000001,It's Undeniable,0.6853663724168803,Prime Time TV,0.6722792022799882,It's De-Lovely,0.6546935110729452,It's Undeniable,0.6986506430099624,Prime Time TV,0.6878967658034362,It's De-Lovely,0.6639397904075182
348,TRDIJKP12903CDCAF4,SOATHYW12A8C143527,ARWMFZH11C8A4219E0,For Today,Redemption,metal,Interlude 5,1761.0,B-Boy Bouillabaisse: A.W.O.L. (2009 Digital Remaster),1390.0,My Darling,1161.0,Interlude 5,1.9942500000000019,B-Boy Bouillabaisse: A.W.O.L. (2009 Digital Remaster),1.5643906250000001,My Darling,1.3245468750000011,So_ I Guess This Is Goodbye,0.6154378684274523,Happymess,0.6116074730362402,Furtive Monologue,0.6095927644683617,So_ I Guess This Is Goodbye,0.6321840409012528,Happymess,0.6292424298161395,Furtive Monologue,0.6228251496053563
349,TRZQYIJ128F92E7F49,SOYPYRU12AB017F852,ARVJR1N1187FB4144A,Lamb Of God,We Die Alone (Bonus Track),metal,Interlude 5,1626.0,We Gonna Rock,1182.0,Undead,1013.0,Interlude 5,1.7749000000000001,We Gonna Rock,1.4243000000000003,Undead,1.144974999999999,Daneurysm,0.5794771985190575,Die Polizei,0.5459137220887282,Dead March,0.540832584608506,Daneurysm,0.5869391856534222,Die Polizei,0.5552489765968329,I Think We're Alone Now (Single/LP Version),0.5523507547078581
350,TRMYVVL128F92E865E,SODLQJO12A8C139576,ARWIA8D1187B990A0C,STRATOVARIUS,Elements,metal,Interlude 5,2289.0,One of Us,2216.0,B-Boy Bouillabaisse: A.W.O.L. (2009 Digital Remaster),2135.0,One of Us,2.5043906250000005,Interlude 5,2.421950000000003,B-Boy Bouillabaisse: A.W.O.L. (2009 Digital Remaster),2.3013734375000023,Fountainhead,0.5643511611369215,13 Months Of Sunshine,0.5587545182408156,The chronicle of shadows,0.5425058639766578,Fountainhead,0.5809928937741268,13 Months Of Sunshine,0.5721870309909729,The chronicle of shadows,0.5582489746603887
351,TRIKFKO128F426A6FC,SORDWWC12A8C13AA28,ARWIA8D1187B990A0C,STRATOVARIUS,Know The Difference,metal,Interlude 5,3160.0,B-Boy Bouillabaisse: A.W.O.L. (2009 Digital Remaster),2246.0,Man In The Mirror,2051.0,Interlude 5,3.6187999999999945,B-Boy Bouillabaisse: A.W.O.L. (2009 Digital Remaster),2.5305249999999986,Man In The Mirror,2.2798000000000016,What Do I Know,0.5608945283514114,Genius,0.551021448916369,I Can Change,0.5414909375099236,What Do I Know,0.5777648532054018,Genius,0.5595505781204345,I Can Change,0.557300624962853
352,TRJAFPP128F426AB25,SOXHFBO12A8C13132A,AR9C8IE1187B9ACC99,System of a Down,Peephole,metal,I'm A Winner (Amended Album Version),5819.0,Interlude 5,5190.0,New Town,4318.0,I'm A Winner (Amended Album Version),6.925025,Interlude 5,5.953899999999999,New Town,5.1760125000000095,It's Only Money,0.6208140134342525,It's Only Money,0.6208140134342525,Castles In The Sky,0.6053955509406352,It's Only Money,0.6292793229203554,It's Only Money,0.6292793229203554,Castles In The Sky,0.6144659106620916
353,TRYMCCD128F421CD27,SOPTZIL12A6D4FD7AC,ARR057Y1187B9A16E7,Children Of Bodom,Hellhounds on My Trail,metal,Interlude 5,4753.0,I'm A Winner (Amended Album Version),3783.0,B-Boy Bouillabaisse: A.W.O.L. (2009 Digital Remaster),3635.0,Interlude 5,5.343249999999999,I'm A Winner (Amended Album Version),4.337937499999996,I Want You,4.160218749999996,My Finest Hour,0.7185938175801597,Tell Me (Acoustic),0.7117842712995434,Heartattack,0.7086845694897054,My Finest Hour,0.7325219522759784,Tell Me (Acoustic),0.7279971810899087,Heartattack,0.7233155202192146
354,TRVIFKS128F426813A,SOKVYHH12A81C22CC4,ARR057Y1187B9A16E7,Children Of Bodom,No Commands,metal,Interlude 5,2491.0,B-Boy Bouillabaisse: A.W.O.L. (2009 Digital Remaster),2308.0,Miss You,2142.0,Interlude 5,2.7641500000000003,B-Boy Bouillabaisse: A.W.O.L. (2009 Digital Remaster),2.5926375000000035,Miss You,2.5646875000000064,Pride,0.7190860717153248,The Girls In Their Summer Dresses,0.6929569638575331,No More Runnin,0.6732635960442215,Pride,0.730685325394385,The Girls In Their Summer Dresses,0.7059013632518532,No More Runnin,0.685946789689363
355,TRLHJMW128F1493BA1,SOZUQLN12A5891F885,AR4KS8C1187FB4CF3D,Tori Amos,Mother (2006 Remastered Alternate Mix),metal,Interlude 5,3989.0,B-Boy Bouillabaisse: A.W.O.L. (2009 Digital Remaster),3698.0,I'm A Winner (Amended Album Version),3159.0,Interlude 5,4.425049999999996,B-Boy Bouillabaisse: A.W.O.L. (2009 Digital Remaster),4.153181249999999,I'm A Winner (Amended Album Version),3.5819874999999985,B-Boy Bouillabaisse: A.W.O.L. (2009 Digital Remaster),0.6781064580343268,Mr. Wiggles,0.6660451523952875,Clickety Clack,0.658929887410537,B-Boy Bouillabaisse: A.W.O.L. (2009 Digital Remaster),0.7006273830040078,Mr. Wiggles,0.6860587240275627,Clickety Clack,0.6789315977170077
356,TRZGXNM128F1451ADF,SOGGUIK12A6D4F5F5B,ARHTAPO1187FB5AADE,Iron Maiden,Lord Of The Flies (Live In Dortmund),metal,Interlude 5,2778.0,B-Boy Bouillabaisse: A.W.O.L. (2009 Digital Remaster),2016.0,One of Us,1833.0,Interlude 5,3.0654000000000003,B-Boy Bouillabaisse: A.W.O.L. (2009 Digital Remaster),2.1795515625000004,One of Us,2.0451093750000022,Photography,0.6413408846177058,Growin' Old,0.6270552968291512,Perfect Stranger,0.6115632869142172,Photography,0.649652866201779,Growin' Old,0.6422040191894371,Perfect Stranger,0.6240552973474305
357,TROGUOT128F147F39A,SOPFDRI12A6D4F83F4,ARHTAPO1187FB5AADE,Iron Maiden,Phantom Of The Opera (Live) (1998 Digital Remaster),metal,Interlude 5,4990.0,I'm A Winner (Amended Album Version),3658.0,My Darling,3483.0,Interlude 5,5.8603,I'm A Winner (Amended Album Version),4.325987499999999,My Darling,4.122868749999998,Nausea,0.8406231946758768,Angelina,0.8371306691765787,Predictable,0.8348878714500753,Nausea,0.8467369926646121,Angelina,0.8429679722119156,Predictable,0.840067919980346
358,TRJYSJS128EF356B75,SOTFXJB12A58A7692B,ARQATWU1187B98EE26,Ill Niño,Re-Birth,metal,Interlude 5,9791.0,I'm A Winner (Amended Album Version),8922.0,That's What You Told Me,7795.0,Interlude 5,11.461349999999996,I'm A Winner (Amended Album Version),10.644443749999999,That's What You Told Me,9.445887500000003,Into The Sun,0.8338938474189721,All About You,0.7416617882204967,Out of Character,0.7410632597529286,Into The Sun,0.8377308272040479,Out of Character,0.7489598668381433,All About You,0.748672022688164
359,TRSUANW128F930BD52,SOHWQLM12AB017E46B,ARDZQ7Z1187B99711A,Kamelot,This Pain,metal,Interlude 5,2009.0,B-Boy Bouillabaisse: A.W.O.L. (2009 Digital Remaster),1722.0,8 Mile,1405.0,Interlude 5,2.200749999999999,B-Boy Bouillabaisse: A.W.O.L. (2009 Digital Remaster),1.8928359374999986,8 Mile,1.5602890624999979,Releasing Hypnotical Gases,0.5750933171604559,Ballad In Plain D,0.5724776268885771,Abandon Ship,0.5659868946676431,Releasing Hypnotical Gases,0.5980200053758546,Ballad In Plain D,0.5941583075925528,Abandon Ship,0.586963426420464
360,TRRIRCF128F426A606,SOFRVOH12A8C132F50,ARXPPEY1187FB51DF4,Michael Jackson,You Are Not Alone,pop,Interlude 5,8798.0,I'm A Winner (Amended Album Version),7672.0,My Darling,7036.0,Interlude 5,10.220099999999992,I'm A Winner (Amended Album Version),9.081943749999992,My Darling,8.319159375000005,Dressed To Kill,0.7811525199246072,You Don't Have A Clue,0.7752268528358752,To Where You Are,0.7668680646454287,Dressed To Kill,0.7874136640838154,You Don't Have A Clue,0.7824166637149198,To Where You Are,0.7746958016316867
361,TREUPHA128F4278F34,SOTLPVB12CF5CFD7F3,ARXPPEY1187FB51DF4,Michael Jackson,Baby Be Mine,pop,Interlude 5,7579.0,I'm A Winner (Amended Album Version),6234.0,B-Boy Bouillabaisse: A.W.O.L. (2009 Digital Remaster),5254.0,Interlude 5,8.705549999999992,I'm A Winner (Amended Album Version),7.290456249999994,I Want You,6.112665625000003,Anytime,0.7605082734012643,Dream,0.7570053656774904,Preacher On A Sunday Morning,0.7260830175609759,Anytime,0.7709399009187753,Dream,0.7679262438085412,Preacher On A Sunday Morning,0.7391723196073088
362,TRQAWKR128F425EEC3,SOFHEBR12CF5F892C7,ARXPPEY1187FB51DF4,Michael Jackson,Man In The Mirror,pop,Interlude 5,22971.0,I'm A Winner (Amended Album Version),19432.0,B-Boy Bouillabaisse: A.W.O.L. (2009 Digital Remaster),15159.0,Interlude 5,25.811149999999994,I'm A Winner (Amended Album Version),22.39305624999999,B-Boy Bouillabaisse: A.W.O.L. (2009 Digital Remaster),16.521371875000003,Show Me The Money,0.5718009748687517,Sunshine,0.5643738229200912,LaLa,0.5411750827220249,Show Me The Money,0.5897635004021178,Sunshine,0.5880589018332385,One,0.5623304492220924
363,TRCYAYD128F92F3758,SODIHGW12CF5F88001,ARXPPEY1187FB51DF4,Michael Jackson,Why You Wanna Trip On Me,pop,Interlude 5,4979.0,Hold Me Down (Album Version),4785.0,That's What You Told Me,4464.0,Hold Me Down (Album Version),5.73189375,Interlude 5,5.685550000000002,That's What You Told Me,5.373787499999997,U,0.6201604165101683,Thinking Blues,0.5978789187092537,Shame On Me,0.5962427569999834,U,0.6283285693322629,Thinking Blues,0.6096649878630613,Shame On Me,0.604518605708452
364,TRGJXNX128F92F8757,SOEURRQ12D02194749,ARORMBJ1241B9CDB1A,Ke$ha,TiK ToK,pop,Interlude 5,4104.0,B-Boy Bouillabaisse: A.W.O.L. (2009 Digital Remaster),4058.0,I'm A Winner (Amended Album Version),3618.0,B-Boy Bouillabaisse: A.W.O.L. (2009 Digital Remaster),4.453153124999998,Interlude 5,4.389399999999998,I'm A Winner (Amended Album Version),4.038493749999998,Trife Life,0.6667075262446405,Ain't No Stopping Us Now,0.6613966525856648,We Brings Heat,0.621176259226523,Trife Life,0.6893796234755959,Ain't No Stopping Us Now,0.6782559135932518,We Brings Heat,0.6453767728066259
365,TRNQDAJ128F92F4AE0,SOQDMKM12A58A7A9B2,ARF5M7Q1187FB501E8,Maroon 5,Nothing Lasts Forever,pop,Interlude 5,5698.0,I'm A Winner (Amended Album Version),4709.0,Splurge,4008.0,Interlude 5,6.393400000000001,I'm A Winner (Amended Album Version),5.409759375000004,I Want You,4.742035937500007,It's Alright,0.6977854778434903,I Try,0.6288350588609991,Splurge,0.6256400206416594,It's Alright,0.7116653289954948,So Alone,0.6444344381904505,Splurge,0.6425857531241738
366,TRHKYKI128E07921BC,SOPOYAC12D021B2BE2,ARDCFNZ1187FB3DDB0,Enrique Iglesias,Roamer,pop,B-Boy Bouillabaisse: A.W.O.L. (2009 Digital Remaster),5514.0,8 Mile,4976.0,Interlude 5,4622.0,B-Boy Bouillabaisse: A.W.O.L. (2009 Digital Remaster),6.328932812499993,8 Mile,5.794692187499997,Over It (Acoustic),5.2490515624999965,It's Like That,0.7552979748719144,8 Mile,0.7517455508574978,Fucked Up,0.7362588804630822,It's Like That,0.7666848213591823,8 Mile,0.7642215266355509,Fucked Up,0.7497658843732983
367,TRTJYFF128F9340CA9,SOYXNXN12A8C131F3D,ARML3X41187FB35F2E,Jason Mraz,Live High (Album Version),pop,Interlude 5,2496.0,Touch It / Technologic,2054.0,Ice Is Workin' It,2044.0,Interlude 5,2.6255000000000006,Touch It / Technologic,2.3723203125000007,Ice Is Workin' It,2.3211875000000006,Black & White,0.5000502692115251,Mexico City,0.4874932228677985,Let's Live It Up,0.4602619194630969,Black & White,0.5247903083791047,Mexico City,0.5052363035421391,Virtual Insanity,0.4831657252356816
368,TRMBGMX128F92FD769,SOREOCT12AB0184E18,ARKSZW81187B9B695D,Mariah Carey,Did I Do That?,pop,Interlude 5,12494.0,I'm A Winner (Amended Album Version),9967.0,My Darling,8848.0,Interlude 5,14.5112,I'm A Winner (Amended Album Version),11.735746874999997,I Want You,10.598404687499999,What You Do To Me,0.7990768675616652,"You Are The Universe (Roger's Universal 7"" Edit)",0.7631379539420372,The Hop,0.7616972696340067,What You Do To Me,0.8054571054467728,The Hop,0.770880030994126,It's Only Your Life,0.769442004214009
369,TRWMZQL128F9306DCB,SOQWWOQ12AAF3B22EA,ARKSZW81187B9B695D,Mariah Carey,I'll Be There,pop,Interlude 5,7134.0,I'm A Winner (Amended Album Version),6537.0,B-Boy Bouillabaisse: A.W.O.L. (2009 Digital Remaster),6522.0,Interlude 5,8.243599999999994,I'm A Winner (Amended Album Version),7.7308343750000015,I Want You,7.592323437499967,I'll Be There,0.9570638510280608,There Will Be A Light,0.7905674614617442,It's All Up To You,0.7835298542592499,I'll Be There,0.9577936708564238,There Will Be A Light,0.793572943575263,It's All Up To You,0.7879539273141432
370,TRRIZDV128F92C1F17,SOBQRXD12A8C13FB26,ARBAW9R1187B98FB6B,Natasha Bedingfield,I Think They're Thinking - Interlude,pop,B-Boy Bouillabaisse: A.W.O.L. (2009 Digital Remaster),1039.0,Interlude 5,1025.0,Splurge,989.0,B-Boy Bouillabaisse: A.W.O.L. (2009 Digital Remaster),1.1737265625,Splurge,1.1618046874999977,Everytime I...,1.134296874999996,Guns And Dolls,0.569484557071863,Thinking About You,0.5649859531015334,Oooh,0.5641155363161793,Guns And Dolls,0.5804846047689669,Thinking About You,0.5771466951321084,Oooh,0.575380998347272
371,TREXAZN128F425A825,SOUPUNL12A8AE48502,ARBAW9R1187B98FB6B,Natasha Bedingfield,Silent Movie,pop,Interlude 5,4849.0,I'm A Winner (Amended Album Version),3575.0,Hold Me Down (Album Version),3340.0,Interlude 5,5.54835,I'm A Winner (Amended Album Version),4.133553125000002,Hold Me Down (Album Version),3.9373656250000035,Mighty Good,0.708094771581105,Predictable,0.6978586134139816,You Don't Have A Clue,0.6955586950005662,Mighty Good,0.7196103777143457,Predictable,0.7081814897881549,You Don't Have A Clue,0.7073473561605901
372,TRFYGMB128F425A7A2,SOXDIRH12A8AE45FD5,ARBAW9R1187B98FB6B,Natasha Bedingfield,Stumble,pop,Interlude 5,8293.0,I'm A Winner (Amended Album Version),7445.0,I Want You,6090.0,Interlude 5,9.706150000000006,I'm A Winner (Amended Album Version),8.874853125000008,I Want You,7.369895312500009,Ain't No Way (You Won't Love Me),0.8264005546707714,Revenge,0.8228813036135704,Club Megamix,0.817867016162311,Ain't No Way (You Won't Love Me),0.8328130724606821,Revenge,0.829075976700141,Club Megamix,0.825193747963769
373,TRSRDVR128F92E6CF4,SOIXPFM12AF72A3189,ARDCFNZ1187FB3DDB0,Enrique Iglesias,Heroe,pop,I'm A Winner (Amended Album Version),5891.0,Interlude 5,5886.0,I Want You,4997.0,I'm A Winner (Amended Album Version),7.021037499999985,Interlude 5,6.833100000000001,I Want You,6.053518749999983,Little Girl,0.9954110187808046,Get Sick Soon,0.7844123410835808,To Be With You Again,0.7607457760687035,Little Girl,0.9955455951265381,Get Sick Soon,0.7907233705356336,To Be With You Again,0.7681179384037037
374,TRNHATG128F428BC8A,SOVSGRO12A8C138859,ARDCFNZ1187FB3DDB0,Enrique Iglesias,Little Girl,pop,I'm A Winner (Amended Album Version),5753.0,Interlude 5,5725.0,I Want You,4868.0,I'm A Winner (Amended Album Version),6.8605624999999915,Interlude 5,6.650249999999996,I Want You,5.899031250000012,Heroe,0.9954110187808053,Get Sick Soon,0.7799721965660319,To Be With You Again,0.7645189525473,Heroe,0.9955455951265381,Get Sick Soon,0.7863453831346229,To Be With You Again,0.7716834565632026
375,TREMCSO128F4215877,SOSVMLR12A6D4F7921,ARDCFNZ1187FB3DDB0,Enrique Iglesias,Ruleta Rusa,pop,Dale tiempo al rumor,2382.0,Te Vuelvo Loca,2139.0,Al Natural (Amended Version),2070.0,Dale tiempo al rumor,2.842828124999997,Te Vuelvo Loca,2.5882187499999945,Al Natural (Amended Version),2.4961250000000064,La Media Vuelta,0.7549448460135583,Sacrificio,0.7538834485062886,Entra,0.743794152609174,Sacrificio,0.7600404918828338,La Media Vuelta,0.7593498242919043,Entra,0.7500954419169308
376,TRMMVPU128F145EC99,SOTTMRS12A6D4F791C,ARDCFNZ1187FB3DDB0,Enrique Iglesias,Contigo,pop,Dale tiempo al rumor,3252.0,Al Natural (Amended Version),2707.0,Cantando,2568.0,Dale tiempo al rumor,3.8851734375000073,Al Natural (Amended Version),3.261737499999995,Cantando,3.051454687499998,Candela,0.7256498183406741,En el último lugar del mundo,0.7186265787581417,Milonga Del Solitario,0.7133281137274411,Candela,0.731668371221979,En el último lugar del mundo,0.724427634398472,Milonga Del Solitario,0.7207350918709684
377,TRFKPYW128F92F21C5,SOJHZAT12D02198B73,AR6PJ8R1187FB5AD70,Shakira,Años Luz,pop,Dale tiempo al rumor,2295.0,Cantando,1947.0,El Negro Está Cocinando,1893.0,Dale tiempo al rumor,2.7610125000000005,Cantando,2.338762500000002,El Negro Está Cocinando,2.3056875000000012,Obsesion (English Remix_ Album Version),0.8448204165353131,Clemencia,0.8344049196672085,Algo Mas,0.8319353726922657,Obsesion (English Remix_ Album Version),0.8486064974777672,Clemencia,0.8379461754934256,Algo Mas,0.8350606568769703
378,TRCUKHR128F92DF656,SOCWCZN12A8C14388F,ARQ32IT1187FB589D3,Sara Bareilles,Love Song,pop,Interlude 5,9640.0,I'm A Winner (Amended Album Version),9321.0,My Darling,7152.0,Interlude 5,11.176000000000004,I'm A Winner (Amended Album Version),11.080062499999986,I Want You,8.475031249999986,Ain't No Way (You Won't Love Me),0.810271533276964,Revenge,0.7885339231925994,Can't You See,0.785034612012587,Ain't No Way (You Won't Love Me),0.8174797111797105,Revenge,0.7961043133471438,Not Your Baby,0.7920351793826961
379,TRDLWAP128F428F6B9,SORXKZB12AF72A1F72,AR0S7TA1187FB4D024,Christina Aguilera,Candyman,pop,Interlude 5,2374.0,B-Boy Bouillabaisse: A.W.O.L. (2009 Digital Remaster),2114.0,One of Us,2024.0,Interlude 5,2.4707000000000026,One of Us,2.229624999999994,B-Boy Bouillabaisse: A.W.O.L. (2009 Digital Remaster),2.2270374999999993,Wolfman Jack,0.6312732669389767,Old Hippie,0.6214458595136203,Automatic Man (Album Version),0.6136401008442085,Wolfman Jack,0.6556354648529685,Old Hippie,0.6376046190404733,Automatic Man (Album Version),0.6288748355708191
380,TRPEWXU12903CE6EA2,SONLEKN12AC9618818,ARVOZXD12454A4CC66,Selena Gomez & The Scene,Tell Me Something I Don't Know,pop,Interlude 5,11672.0,I Mean (I Don't Mean It),10461.0,B-Boy Bouillabaisse: A.W.O.L. (2009 Digital Remaster),9474.0,Interlude 5,13.506699999999977,I Mean (I Don't Mean It),12.617760937500002,Splurge,11.176807812499993,Salva Mea,0.7588440151627045,All Of Me,0.7425361450786518,Flowers On The Wall,0.7086726376355676,Salva Mea,0.7640494606995895,All Of Me,0.7486372291303719,Flowers On The Wall,0.7159010857040885
381,TRAYJOF128F92F9EEA,SOAYXCJ12AB0183822,ARJGIOD1187B9AE920,Kelly Clarkson,Cry,pop,Interlude 5,9255.0,I'm A Winner (Amended Album Version),8700.0,B-Boy Bouillabaisse: A.W.O.L. (2009 Digital Remaster),7576.0,Interlude 5,10.669449999999998,I'm A Winner (Amended Album Version),10.28727812499999,I Want You,9.009482812499993,Everytime I...,0.8178212504789794,I'd Like To,0.7973045189921637,I Think I Love You,0.7914075967035933,Everytime I...,0.8202984502943056,I'd Like To,0.8047271924485088,Pervert,0.7981103760430076
382,TRARKBB128F92E9468,SORUPLB12A8C14211F,ARFWL8S1187B9B4B44,Céline Dion,Zora sourit,pop,Interlude 5,983.0,She Ain't Afraid,770.0,Panam All Star,764.0,Interlude 5,0.8377499999999999,L'Amour Du Risque,0.8006249999999983,Panam All Star,0.7998749999999991,Laquelle Des Deux Est La Plus Snob,0.36493063263509634,3ème Sexe,0.3642775093494522,Earthless,0.3442080806887703,3ème Sexe,0.38996967967815976,Laquelle Des Deux Est La Plus Snob,0.3890252053892492,Earthless,0.37426056242920896
383,TRFBXJZ128F92D25C0,SOZGQFY12A8C140D8B,ARUFTTR1187FB3A4B0,Newsboys,Dance,pop,Interlude 5,2566.0,B-Boy Bouillabaisse: A.W.O.L. (2009 Digital Remaster),2058.0,I'm A Winner (Amended Album Version),2056.0,Interlude 5,2.710700000000003,I'm A Winner (Amended Album Version),2.245325000000004,B-Boy Bouillabaisse: A.W.O.L. (2009 Digital Remaster),2.157037500000001,Act Like You Know (LP Version),0.5181697298261113,WordPlay,0.5012728597937021,Ruggedness,0.48237284578994133,Act Like You Know (LP Version),0.5471104547616711,WordPlay,0.5160011665636731,Ruggedness,0.5105247911486431
384,TRICXDK128F92CBC3C,SOXWHWP12A8C1440F8,ARFWL8S1187B9B4B44,Céline Dion,Partout Je Vois,pop,Interlude 5,5411.0,I'm A Winner (Amended Album Version),5291.0,B-Boy Bouillabaisse: A.W.O.L. (2009 Digital Remaster),4549.0,I'm A Winner (Amended Album Version),6.14176875,Interlude 5,6.041550000000001,I Want You,5.177071874999995,Best Friend,0.5942864319384645,Snowflakes,0.5874335919058798,I Still Love You,0.5863305122176753,Best Friend,0.6106199209803829,Snowflakes,0.6064074052526383,Mississippi,0.6005705159146837
385,TRZNHJN128F4293FC2,SOVODWN12D02199268,ARJGIOD1187B9AE920,Kelly Clarkson,Anytime,pop,Interlude 5,8741.0,I'm A Winner (Amended Album Version),7814.0,My Darling,6174.0,Interlude 5,10.121250000000016,I'm A Winner (Amended Album Version),9.241406249999992,I Want You,7.280390624999983,Alguien Real (Baby_ I'm In Love),0.7677465741256755,Dream,0.7641149898992978,Club Megamix,0.7633399455512293,Alguien Real (Baby_ I'm In Love),0.776801579017345,Club Megamix,0.7747048050262816,Dream,0.7745176011074857
386,TRPKKZG128F92E495A,SOODGZY12A8C141F44,ARQEBGJ122E6447D2B,Edward Sharpe & The Magnetic Zeros,Simplest Love,pop,All Day Sucker,665.0,Love Is Wicked,547.0,Love And War,456.0,All Day Sucker,0.8010874999999972,Love Is Wicked,0.6488374999999966,Love And War,0.5467249999999992,Love For Sale (LP Version),0.59554106150272,My Love For You Is Real,0.5633270057054441,Love For Sale,0.5335555987784929,Love For Sale (LP Version),0.6011078428933582,My Love For You Is Real,0.5704295605069961,Love For Sale,0.5402551638186823
387,TRVPPSC128F92EC9C2,SORRVTP12A8C13FFAF,ARQ2I6K1187FB59949,Colbie Caillat,Midnight Bottle,pop,Interlude 5,3451.0,I'm A Winner (Amended Album Version),3062.0,B-Boy Bouillabaisse: A.W.O.L. (2009 Digital Remaster),2885.0,Interlude 5,3.7640500000000015,I'm A Winner (Amended Album Version),3.4682531249999977,B-Boy Bouillabaisse: A.W.O.L. (2009 Digital Remaster),3.1465484374999964,Don't Be A Stranger,0.6046069189830114,Only For The Weak,0.56752478026294,Try Sleeping With A Broken Heart,0.5647730470505982,Don't Be A Stranger,0.6260203823237321,Feel Me,0.5933196980061832,Only For The Weak,0.5855376817908355
388,TRCJADX128F428D3E0,SOKPSGM12A8C1381DE,AR03BDP1187FB5B324,Britney Spears,Let Me Be,pop,Interlude 5,11300.0,I'm A Winner (Amended Album Version),8604.0,B-Boy Bouillabaisse: A.W.O.L. (2009 Digital Remaster),8578.0,Interlude 5,13.11759999999999,I Want You,10.15975312500001,I'm A Winner (Amended Album Version),10.096631249999994,Baby Now That I've Found You,0.7749752103441925,Club Megamix,0.7683530845057382,Love Affair,0.7639826988870386,Baby Now That I've Found You,0.7815844439734705,Club Megamix,0.7761534299422532,Love Affair,0.7719389916322995
389,TRKJKJV128F425E247,SOEMDUJ12A8AE460E2,ARW9FP41187B98C2A7,Annie Lennox,Big Sky,pop,Interlude 5,3223.0,I'm A Winner (Amended Album Version),3098.0,B-Boy Bouillabaisse: A.W.O.L. (2009 Digital Remaster),2489.0,Interlude 5,3.6492499999999994,I'm A Winner (Amended Album Version),3.624484374999999,B-Boy Bouillabaisse: A.W.O.L. (2009 Digital Remaster),2.793882812499998,Preacher On A Sunday Morning,0.6256009629784014,Witch,0.6109997611788902,Snowflakes,0.5896395115083055,Preacher On A Sunday Morning,0.6414659499487988,Witch,0.62155020755253,Snowflakes,0.6061603034467242
390,TRXMQNH128F4287D61,SOSHPHO12A58A7D1F5,AR30R5E1187B9AD78A,Whitney Houston,Thinking About You,pop,Interlude 5,10860.0,I'm A Winner (Amended Album Version),10022.0,I Want You,9587.0,Interlude 5,12.512399999999998,I'm A Winner (Amended Album Version),11.833056249999977,I Want You,11.593215624999997,I Think I Love You,0.7826517099758205,Oooh,0.7672246724298546,All I Ever Think About,0.7546189018184756,I Think I Love You,0.7889969690422559,Oooh,0.7740031409220594,All I Ever Think About,0.7634068533009658
391,TRXXPYK128F14805B7,SOYLXQZ12A6D4F99CA,AR9W3X91187FB3994C,Phil Collins,A Groovy Kind Of Love (Live),pop,Interlude 5,3709.0,I'm A Winner (Amended Album Version),3303.0,I Want You,2926.0,Interlude 5,4.268249999999997,I'm A Winner (Amended Album Version),3.888249999999999,I Want You,3.5222499999999943,Sweet Misery,0.7425284398036519,Get Sick Soon,0.7368458846882777,Club Megamix,0.7288325625340264,Sweet Misery,0.7522530540869348,Get Sick Soon,0.7452540939763487,Club Megamix,0.7407846807501905
392,TRGQFUZ128F92ED646,SORBUNE12AB017CDD2,AR65K7A1187FB4DAA4,Beyoncé,That's Why You're Beautiful,pop,Interlude 5,3180.0,Man In The Mirror,2376.0,B-Boy Bouillabaisse: A.W.O.L. (2009 Digital Remaster),2150.0,Interlude 5,3.572499999999993,Man In The Mirror,2.624921874999994,B-Boy Bouillabaisse: A.W.O.L. (2009 Digital Remaster),2.3508984374999957,Tu Eres,0.5970835467137305,That's All (Album Version),0.5487831399325467,Beautiful Song,0.532389007097975,Tu Eres,0.610654637076813,That's All (Album Version),0.5648205602196629,Beautiful Song,0.5538723560390673
393,TRPAJJF128F428D18A,SOIHYXH12D0219A26C,AR30R5E1187B9AD78A,Whitney Houston,Step By Step,pop,By The Way,5075.0,Interlude 5,4369.0,B-Boy Bouillabaisse: A.W.O.L. (2009 Digital Remaster),4154.0,By The Way,6.0133125,Interlude 5,4.679250000000003,B-Boy Bouillabaisse: A.W.O.L. (2009 Digital Remaster),4.538531249999993,By The Way,0.6305301152936614,Flash Pan Hunter/Intro,0.5166647091610208,Every Little Bit,0.5162073665779235,By The Way,0.6428824630883891,Every Little Bit,0.5313794072904473,Flash Pan Hunter/Intro,0.5247130742536599
394,TRLPDIB128F42289CC,SOOVOWN12A8AE46AA6,AR03BDP1187FB5B324,Britney Spears,Piece Of Me (Main Version),pop,Interlude 5,8660.0,I'm A Winner (Amended Album Version),7165.0,Hold Me Down (Album Version),6896.0,Interlude 5,9.974000000000014,I'm A Winner (Amended Album Version),8.40009374999999,Hold Me Down (Album Version),8.225718749999988,The Angry Cry Of The Angry Pie,0.734609174474449,Kid Gloves,0.6430368214907599,Dying Embers,0.6310921905162336,The Angry Cry Of The Angry Pie,0.742411191472892,Kid Gloves,0.6538073748739257,Dying Embers,0.6423728089374924
395,TRJTTMZ128F930924B,SOLDVYF12AB017D892,AR03BDP1187FB5B324,Britney Spears,Can't Make You Love Me,pop,Interlude 5,12190.0,I'm A Winner (Amended Album Version),11738.0,B-Boy Bouillabaisse: A.W.O.L. (2009 Digital Remaster),9832.0,Interlude 5,14.096699999999984,I'm A Winner (Amended Album Version),13.92695000000002,I Want You,11.839474999999995,Club Megamix,0.8321898356721628,Where Will I Be Now,0.8055180964465294,Breakin Me,0.7964666431859956,Club Megamix,0.8388693588307584,Where Will I Be Now,0.8130500883644655,Breakin Me,0.8047746727559942
396,TRKGGHK128F42999EF,SOQBVLW12A8C13B29C,AR03BDP1187FB5B324,Britney Spears,Girl In The Mirror,pop,Interlude 5,4724.0,B-Boy Bouillabaisse: A.W.O.L. (2009 Digital Remaster),4639.0,I'm A Winner (Amended Album Version),3963.0,Interlude 5,5.364499999999995,B-Boy Bouillabaisse: A.W.O.L. (2009 Digital Remaster),5.346742187500002,I'm A Winner (Amended Album Version),4.600515625000015,El Paso,0.7173502005370312,Emeraldine,0.6886460772426846,Snoopafella (Edited),0.6872634522727085,El Paso,0.7289598635638569,Snoopafella (Edited),0.7003520632880552,Emeraldine,0.6963056758277201
397,TRLTYLK128F92FE6FF,SOWVIEO12AB0182D10,AR03BDP1187FB5B324,Britney Spears,Radar,pop,Interlude 5,13754.0,I'm A Winner (Amended Album Version),12861.0,B-Boy Bouillabaisse: A.W.O.L. (2009 Digital Remaster),11876.0,Interlude 5,16.127600000000008,I'm A Winner (Amended Album Version),15.38030312499998,B-Boy Bouillabaisse: A.W.O.L. (2009 Digital Remaster),13.954448437500005,Get It How You Live  (Explicit Chopped & Screwed Version),0.7695696264274693,Lover Tonite,0.7484952818109895,Preacher On A Sunday Morning,0.7334761458409198,Get It How You Live  (Explicit Chopped & Screwed Version),0.7744642893343668,Lover Tonite,0.7542495904793188,Preacher On A Sunday Morning,0.7390553798575576
398,TRNEGIP128F4296261,SOGQSNV12A8C139B54,AR03BDP1187FB5B324,Britney Spears,When Your Eyes Say It,pop,Interlude 5,9339.0,I'm A Winner (Amended Album Version),7408.0,B-Boy Bouillabaisse: A.W.O.L. (2009 Digital Remaster),6578.0,Interlude 5,10.857249999999988,I'm A Winner (Amended Album Version),8.726390624999992,Ice Is Workin' It,7.725187499999981,Kickin' It With Your Girlfriend,0.7408443993532302,Yours (Live),0.7127635984070155,Lovebite,0.7036895767319894,Kickin' It With Your Girlfriend,0.749883342787364,Yours (Live),0.7225252008099253,Lovebite,0.7142749021053271
399,TRUWOUE128F14867BF,SOAEEWF12A6D4FAD71,AR6LZB61187B9AF431,Depeche Mode,Precious (Live In Milan),pop,Interlude 5,2123.0,B-Boy Bouillabaisse: A.W.O.L. (2009 Digital Remaster),1578.0,I'm A Winner (Amended Album Version),1533.0,Interlude 5,2.3340500000000004,I'm A Winner (Amended Album Version),1.7073156250000028,B-Boy Bouillabaisse: A.W.O.L. (2009 Digital Remaster),1.7051421875000008,NoOne,0.5509927318464861,Soft Things,0.49698730624730475,You Never Knew,0.4928776277854118,NoOne,0.5702667037524347,You Never Knew,0.5255076659009053,Mississippi,0.5217648492943788
400,TRFJKWU12903CC37B1,SOLXVSH12AB018BE14,AR5K3CW1187FB45B46,Crystal Castles,Insectica,punk,I'm A Winner (Amended Album Version),1492.0,Interlude 5,1490.0,My Darling,1447.0,I'm A Winner (Amended Album Version),1.7447500000000002,My Darling,1.6961250000000019,Interlude 5,1.6784999999999983,Displaced,0.7055497163291731,When It Comes To Me,0.6636685644333832,Breakin Me,0.6607105949221511,Displaced,0.7145395062704731,Breakin Me,0.6739130434782609,When It Comes To Me,0.673855179021523
401,TRVEUUV128F428AB29,SOEFPNV12A8C13A346,ARACDPV1187FB58DF4,Motion City Soundtrack,Cambridge (Album Version),punk,Interlude 5,1348.0,B-Boy Bouillabaisse: A.W.O.L. (2009 Digital Remaster),1270.0,Otha Fish,1039.0,Interlude 5,1.4343000000000006,B-Boy Bouillabaisse: A.W.O.L. (2009 Digital Remaster),1.3778453124999999,Otha Fish,1.1684609374999988,Over My Head (Cable Car),0.573646043495661,Rhinestone Eyes,0.5125275773256088,Opiate Summer,0.5063887005084203,Over My Head (Cable Car),0.5945963053240351,Rhinestone Eyes,0.5410841543810523,I Am Stretched On Your Grave (Live Remastered),0.5305787019362456
402,TRMZJSE12903D00E60,SOZGAOO12AB017EBA2,ARACDPV1187FB58DF4,Motion City Soundtrack,Disappear,punk,I'm A Winner (Amended Album Version),5905.0,Interlude 5,5816.0,I Want You,4893.0,I'm A Winner (Amended Album Version),7.064090624999992,Interlude 5,6.784700000000006,I Want You,5.937889062499993,Revenge,0.7818060665078779,I Want It,0.7813399395836053,I Still Love You,0.7753805019041466,Revenge,0.7885603017668223,I Want It,0.7866966210344944,I Still Love You,0.7816818948578419
403,TRIGZIY128F42348C1,SOWMAZE12A58A79390,ARACDPV1187FB58DF4,Motion City Soundtrack,Fell in Love Without You (Cd),punk,Interlude 5,2793.0,B-Boy Bouillabaisse: A.W.O.L. (2009 Digital Remaster),2047.0,Otha Fish,2012.0,Interlude 5,3.120949999999998,Otha Fish,2.3225546875000003,B-Boy Bouillabaisse: A.W.O.L. (2009 Digital Remaster),2.249076562499999,Lessons In Love,0.6515205923173878,Dead Spaces,0.625685029408375,In The Blue Of The Evening,0.6241501447671639,Lessons In Love,0.6634932958895056,Dead Spaces,0.6399773388089581,In The Blue Of The Evening,0.6359558643793364
404,TRZGUYI128F42368DF,SOGAERS12A58A7F67D,ARACDPV1187FB58DF4,Motion City Soundtrack,Point Of Extinction (Cd),punk,Interlude 5,5177.0,I'm A Winner (Amended Album Version),4914.0,B-Boy Bouillabaisse: A.W.O.L. (2009 Digital Remaster),4544.0,Interlude 5,5.850249999999999,I'm A Winner (Amended Album Version),5.7366562500000065,B-Boy Bouillabaisse: A.W.O.L. (2009 Digital Remaster),5.160671874999997,Hook,0.7098270389733563,Rabbit Run,0.7092421207728266,I Never Complain,0.694649508155958,Rabbit Run,0.7238252218777514,Hook,0.7234576966416139,Puck Two,0.707599610617793
405,TRJQRJO12903D00E65,SOBMDGH12AC3DF9D80,ARACDPV1187FB58DF4,Motion City Soundtrack,Stand Too Close,punk,Interlude 5,3802.0,I'm A Winner (Amended Album Version),3555.0,B-Boy Bouillabaisse: A.W.O.L. (2009 Digital Remaster),2908.0,Interlude 5,4.290200000000005,I'm A Winner (Amended Album Version),4.1416218750000064,I Want You,3.2875921875000045,If I,0.7117138060483779,Tool,0.6457813381069004,The Biggest Part Of Me,0.6445602731581977,If I,0.72150479919644,Tool,0.6610325849404158,Just To Prove My Love For You,0.6605067018466592
406,TRQMNKZ12903D00E5B,SOSEINE12AC3DF608E,ARACDPV1187FB58DF4,Motion City Soundtrack,Worker Bee,punk,B-Boy Bouillabaisse: A.W.O.L. (2009 Digital Remaster),1452.0,8 Mile,1366.0,Interlude 5,1352.0,B-Boy Bouillabaisse: A.W.O.L. (2009 Digital Remaster),1.6130390624999995,8 Mile,1.5550859375,I Mean (I Don't Mean It),1.5265390624999973,Book Of Life,0.5738156861157898,I Got It Bad (and That Ain't Good),0.5641008933145308,Rotten Apple Pie,0.5632132667910993,Book Of Life,0.591750157130537,Rotten Apple Pie,0.5854537258521889,Pack The Pipe,0.5837569013174864
407,TRMZSJY128F4255BE9,SOGKVVX12A81C224D1,ARNBMT71187B993523,Interpol,Mind Over Time,punk,Interlude 5,1378.0,B-Boy Bouillabaisse: A.W.O.L. (2009 Digital Remaster),1213.0,Over It (Acoustic),1111.0,Interlude 5,1.4694999999999956,B-Boy Bouillabaisse: A.W.O.L. (2009 Digital Remaster),1.3046718749999997,Over It (Acoustic),1.3029843750000039,Logan Time,0.5251694507348528,Mindrot,0.5174792115587323,Happy Times,0.4999396416588293,Logan Time,0.5324817082241688,Mindrot,0.5261629690193306,Happy Times,0.5112786019323207
408,TRVQHEV128F4259AB2,SOYQVWF12D0219A2C4,AR13CXU1187B9AD30A,The Clash,I Fought The Law,punk,Interlude 5,4325.0,B-Boy Bouillabaisse: A.W.O.L. (2009 Digital Remaster),4261.0,8 Mile,3736.0,Interlude 5,5.169349999999998,B-Boy Bouillabaisse: A.W.O.L. (2009 Digital Remaster),5.128135937500003,8 Mile,4.520489062500006,Runaway,0.852247305447831,The Car Song,0.8161598467740905,Needles And Pins (Remastered Album Version ),0.8083592999904627,Runaway,0.8509200911589332,The Car Song,0.8132895579234755,Needles And Pins (Remastered Album Version ),0.8080586112382928
409,TRVMLEW128F425A82D,SOFEOUD12D021B1FC4,AR13CXU1187B9AD30A,The Clash,The Magnificent Seven,punk,Interlude 5,7461.0,I'm A Winner (Amended Album Version),5484.0,Man In The Mirror,4925.0,Interlude 5,8.493649999999997,I'm A Winner (Amended Album Version),6.310868750000005,I Want You,5.601496875000004,It's Only Your Life,0.7502114586580458,Killing Time,0.7430032656307043,The Hop,0.7399541216536965,It's Only Your Life,0.7595553601981182,The Hop,0.7551371391488695,Killing Time,0.7530481842462741
410,TRWVZBZ128F1462E08,SOKLVHU12A6D4F4778,AR048JZ1187B9AEB85,Yellowcard,Believe,punk,Interlude 5,4526.0,B-Boy Bouillabaisse: A.W.O.L. (2009 Digital Remaster),3248.0,I'm A Winner (Amended Album Version),2679.0,Interlude 5,4.903100000000001,B-Boy Bouillabaisse: A.W.O.L. (2009 Digital Remaster),3.429112499999997,Alright,3.0765,Alright,0.6013791461857495,Everything Is Everything,0.5270296594780628,It's Not OK [Live From London],0.5061057784346032,Alright,0.6159661448303315,Everything Is Everything,0.5483085128288824,It's Not OK [Live From London],0.5266699434660874
411,TRQYGUV128F1462E01,SOTEFLI12A6D4F4771,AR048JZ1187B9AEB85,Yellowcard,Empty Apartment,punk,Interlude 5,5963.0,I'm A Winner (Amended Album Version),4647.0,Hold Me Down (Album Version),3760.0,Interlude 5,6.929350000000003,I'm A Winner (Amended Album Version),5.4660375,Hold Me Down (Album Version),4.457037499999995,All About U,0.7930815008868383,It's Only Your Life,0.7555546316559796,What's Your Problem,0.7525587827266561,All About U,0.802501845009226,It's Only Your Life,0.7643475916700233,What's Your Problem,0.7622586802967409
412,TRBKLDM128F427D0DA,SOMGXHN12A58A7929F,ARZWK2R1187B98F09F,Rise Against,But Tonight We Dance,punk,Interlude 5,4386.0,B-Boy Bouillabaisse: A.W.O.L. (2009 Digital Remaster),3217.0,I'm A Winner (Amended Album Version),2976.0,Interlude 5,5.004100000000001,B-Boy Bouillabaisse: A.W.O.L. (2009 Digital Remaster),3.6211750000000005,I'm A Winner (Amended Album Version),3.4073500000000068,Hidden,0.6593196150094328,Happymess,0.6441307277286521,Puck Two,0.6400259523592,Hidden,0.6741762677871569,Happymess,0.6625272403282761,Puck Two,0.6591083402857786
413,TRKSDBX128F9345DC9,SOZQVQL12AB01860A8,ARZWK2R1187B98F09F,Rise Against,Faint Resemblance,punk,Interlude 5,3517.0,B-Boy Bouillabaisse: A.W.O.L. (2009 Digital Remaster),2586.0,I Want You,2339.0,Interlude 5,4.01905,B-Boy Bouillabaisse: A.W.O.L. (2009 Digital Remaster),2.917056249999999,I Want You,2.785118750000003,On the Outside,0.6664977046527597,Are You Out There,0.6548289483086792,I Love You,0.6462399386898026,On the Outside,0.6827870937948103,Are You Out There,0.6713566002289092,I Love You,0.6655135748747238
414,TRMGOLR128F933A7DB,SOYDERO12A6D4F72BC,ARZWK2R1187B98F09F,Rise Against,Survive,punk,Interlude 5,4185.0,Undead,2796.0,We Gonna Rock,2718.0,Interlude 5,4.5573500000000005,We Gonna Rock,3.258325000000001,Undead,3.177735937499998,Static Age,0.6889561780477291,Destination: Death or Better Days,0.6866576694446255,We Are Detective,0.679044534194976,Destination: Death or Better Days,0.6988727693714599,Static Age,0.694586823866838,We Are Detective,0.6896343266765022
415,TRFNVPY128F92D2626,SOUKLPY12A8C1451A8,ARZWK2R1187B98F09F,Rise Against,The Dirt Whispered,punk,B-Boy Bouillabaisse: A.W.O.L. (2009 Digital Remaster),3252.0,Interlude 5,3062.0,8 Mile,2899.0,B-Boy Bouillabaisse: A.W.O.L. (2009 Digital Remaster),3.663001562499992,Interlude 5,3.3468000000000013,8 Mile,3.3203734375000096,Book Of Life,0.7291292995498296,Preachin' To The Choir,0.7274307230129831,I'm Still Dancin' With You,0.7166599105005218,Book Of Life,0.7417775692200579,Preachin' To The Choir,0.7411651089584385,I'm Still Dancin' With You,0.7311551614511401
416,TRPSYVF128F428A446,SOQAAVL12A8C13C158,ARP28RX1187B9AF6C4,The Offspring,Get It Right (Album Version),punk,Interlude 5,3935.0,B-Boy Bouillabaisse: A.W.O.L. (2009 Digital Remaster),3449.0,I'm A Winner (Amended Album Version),3367.0,Interlude 5,4.4449499999999995,B-Boy Bouillabaisse: A.W.O.L. (2009 Digital Remaster),3.915021874999993,I'm A Winner (Amended Album Version),3.8991062499999902,Stoneface,0.6797783982232338,I'll Never Love Again,0.6754940000982854,Code Of The Streets (Explicit),0.6648292196587238,Stoneface,0.690200242094388,I'll Never Love Again,0.6840906921800699,Code Of The Streets (Explicit),0.6817800417174624
417,TROGTUS128F932D6CB,SOSVNOS12AB01831D7,ARP28RX1187B9AF6C4,The Offspring,Want You Bad,punk,Interlude 5,4813.0,I'm A Winner (Amended Album Version),4510.0,I Want You,3978.0,Interlude 5,5.632149999999997,I'm A Winner (Amended Album Version),5.386478124999997,I Want You,4.831332812499997,So What'Cha Want (Butt Naked Version) (Explicit) (2009 Digital Remaster),0.7923761857122203,Revenge,0.7914956272938068,I Try,0.7896786552576078,So What'Cha Want (Butt Naked Version) (Explicit) (2009 Digital Remaster),0.7991199678096599,Revenge,0.7979245614795774,I Try,0.7954905739980809
418,TRZVPFY128F92E19DF,SOPXOZV12AAF3B462D,ARP28RX1187B9AF6C4,The Offspring,Staring At The Sun,punk,Interlude 5,6817.0,I'm A Winner (Amended Album Version),6499.0,B-Boy Bouillabaisse: A.W.O.L. (2009 Digital Remaster),5836.0,Interlude 5,7.743849999999991,I'm A Winner (Amended Album Version),7.615693749999995,My Darling,6.710409375000008,Fever Moon,0.7395774479076871,Revenge,0.7310384865398267,Don't Worry,0.6993608344713026,Fever Moon,0.7501832560096057,Revenge,0.7407940579777026,Don't Worry,0.7112920499480058
419,TRGAEVY128F428BEF6,SOWLEBB12A8C13972F,AR46CAD1187FB4D84B,Bad Religion,Operation Rescue,punk,Interlude 5,2094.0,B-Boy Bouillabaisse: A.W.O.L. (2009 Digital Remaster),1450.0,My Darling,1214.0,Interlude 5,2.284000000000001,B-Boy Bouillabaisse: A.W.O.L. (2009 Digital Remaster),1.5336015625000003,My Darling,1.313367187500002,Plain Clothes,0.57669467293518,Brood Of Hatred (Album Version),0.5752083467334745,Planting Seeds,0.5530248312312934,Plain Clothes,0.5967933663219459,Brood Of Hatred (Album Version),0.5924374104983581,Planting Seeds,0.5783789616986831
420,TRPTWJT128F422F239,SOAOSYE12A6D4FB832,AR10USD1187B99F3F1,Silverstein,When Broken Is Easily Fixed (Album Version),punk,Interlude 5,3968.0,Hold Me Down (Album Version),3347.0,That's What You Told Me,3061.0,Interlude 5,4.5574999999999894,Hold Me Down (Album Version),3.997265625000006,That's What You Told Me,3.6720312499999945,He Loves Me (Lyzel In E Flat),0.7243852888582915,Comfort,0.717348424704836,Crazier,0.6979844228279343,He Loves Me (Lyzel In E Flat),0.728433473710059,Comfort,0.7262262332197584,Crazier,0.709096476192283
421,TRPYGVQ128E078EFE9,SOEDBQL12A670213B3,ARWA6NT1187FB3F15C,The Cure,Want,punk,Interlude 5,5579.0,I'm A Winner (Amended Album Version),4571.0,I Want You,4071.0,Interlude 5,6.559750000000003,I'm A Winner (Amended Album Version),5.443187499999996,I Want You,4.936593749999988,So What'Cha Want (Butt Naked Version) (Explicit) (2009 Digital Remaster),0.6963210362069803,Pervert,0.6875904805395818,All Fired Up_ No Place To Go,0.6822005754465855,So What'Cha Want (Butt Naked Version) (Explicit) (2009 Digital Remaster),0.7036822071249154,Pervert,0.6949354270021553,All Fired Up_ No Place To Go,0.6897099032142422
422,TRJNMGP128F92E0427,SOGXZZI12AAF3B2704,AR8UICP11C8A4154FD,Hey Monday,Josey,punk,Interlude 5,3317.0,B-Boy Bouillabaisse: A.W.O.L. (2009 Digital Remaster),2241.0,Touch It / Technologic,2104.0,Interlude 5,3.667850000000001,Touch It / Technologic,2.441175000000004,B-Boy Bouillabaisse: A.W.O.L. (2009 Digital Remaster),2.401175000000003,Carnt Be Trusted,0.6742306252578413,The Way It Is,0.6285831885418387,Earthless,0.6148410342354329,Carnt Be Trusted,0.689886393722987,The Way It Is,0.6448952609528046,Earthless,0.6299635498994527
423,TRVWMAR128F425A2DA,SOMFMFC12A8AE45B47,AR13CXU1187B9AD30A,The Clash,1-2 Crush On You,punk,I'm A Winner (Amended Album Version),7262.0,Interlude 5,7112.0,I Want You,6549.0,I'm A Winner (Amended Album Version),8.698712500000012,Interlude 5,8.310399999999998,I Want You,7.973231249999989,Auntie (Ma-Ma-Ma Belle),0.8140767045237227,Holdin' On [Missin' U] (Album Version),0.7801241176967921,System,0.7772882131287153,Auntie (Ma-Ma-Ma Belle),0.8184781019138007,Holdin' On [Missin' U] (Album Version),0.7856285670674079,System,0.7833750247726515
424,TRCKZBM128F425A2DD,SOJPDPR12A8AE45B50,AR13CXU1187B9AD30A,The Clash,Brand New Cadillac,punk,Interlude 5,1562.0,She Ain't Afraid,1429.0,Baby Come Back,1412.0,Interlude 5,1.6787999999999992,Baby Come Back,1.6729609375000032,She Ain't Afraid,1.6269015625000005,She's A Runner (24-Bit Digitally Remastered 02),0.5783845825398573,Over You Blues,0.5554113248611335,That's My Baby,0.527152899167438,She's A Runner (24-Bit Digitally Remastered 02),0.5914153703399583,Over You Blues,0.5664108791144276,That's My Baby,0.5405233696340517
425,TRCFCHA128F4259A75,SORYRRU12A8AE45B60,AR13CXU1187B9AD30A,The Clash,Cool Confusion,punk,Interlude 5,2022.0,B-Boy Bouillabaisse: A.W.O.L. (2009 Digital Remaster),1901.0,Otha Fish,1723.0,Interlude 5,2.124999999999991,B-Boy Bouillabaisse: A.W.O.L. (2009 Digital Remaster),2.039648437499998,Otha Fish,1.9445703125000051,Stranger In Paradise,0.5983002946014038,In Deh,0.5782416006054936,Midnight Moonlight,0.5682863611064937,Stranger In Paradise,0.6146838438611498,The What,0.6011684529081096,In Deh,0.5947372708263751
426,TRYSJKQ128F4259A73,SOKVAFU12A8AE46882,AR13CXU1187B9AD30A,The Clash,First Night Back In London,punk,Interlude 5,1438.0,B-Boy Bouillabaisse: A.W.O.L. (2009 Digital Remaster),1407.0,I'm A Winner (Amended Album Version),1226.0,B-Boy Bouillabaisse: A.W.O.L. (2009 Digital Remaster),1.5567890624999992,Interlude 5,1.5559999999999994,I'm A Winner (Amended Album Version),1.3746718750000024,Baby Phife's Return,0.6312523736707458,El Paso,0.6295263127494262,B-Boy Bouillabaisse: A.W.O.L. (2009 Digital Remaster),0.6210111243512165,Baby Phife's Return,0.658400987137392,El Paso,0.6533716809077528,B-Boy Bouillabaisse: A.W.O.L. (2009 Digital Remaster),0.6491256390286232
427,TRAQKVC128F425E65C,SOUTRYP12A8AE46BC6,AR13CXU1187B9AD30A,The Clash,Inoculated City,punk,Interlude 5,1291.0,One of Us,937.0,B-Boy Bouillabaisse: A.W.O.L. (2009 Digital Remaster),894.0,Interlude 5,1.3975499999999992,One of Us,1.0405312500000001,B-Boy Bouillabaisse: A.W.O.L. (2009 Digital Remaster),0.9366968750000008,The 4th Branch,0.5811706635845548,Adam_ Where Are You?,0.5555592093800175,Masquerade,0.5524027015457202,The 4th Branch,0.6038773798613895,Masquerade,0.5774355286412254,Adam_ Where Are You?,0.5774148486359397
428,TRUASIU128F425A1D7,SOKPHTL12A8AE47058,AR13CXU1187B9AD30A,The Clash,Lost In The Supermarket,punk,B-Boy Bouillabaisse: A.W.O.L. (2009 Digital Remaster),6301.0,8 Mile,6162.0,Everytime I...,5834.0,B-Boy Bouillabaisse: A.W.O.L. (2009 Digital Remaster),7.395390624999955,8 Mile,7.339609375000049,Everytime I...,7.11671875,Raven In The Storm,0.7749839111112752,The Moon,0.7591238984445268,Can't Take This (Album Version),0.7583462770525866,Raven In The Storm,0.779075409628105,The Moon,0.763768800811405,Can't Take This (Album Version),0.7633558973227766
429,TROLGMC128F4259BB8,SOMAATM12A8AE45E6A,AR13CXU1187B9AD30A,The Clash,Overpowered By Funk,punk,Interlude 5,3126.0,B-Boy Bouillabaisse: A.W.O.L. (2009 Digital Remaster),2672.0,I'm A Winner (Amended Album Version),2560.0,Interlude 5,3.470500000000001,B-Boy Bouillabaisse: A.W.O.L. (2009 Digital Remaster),2.9745468749999997,I'm A Winner (Amended Album Version),2.9144062499999954,One Nation Under A Groove,0.5893803592235489,Mr. Big,0.588195245111298,Club Megamix,0.586391094963969,One Nation Under A Groove,0.6101384291647136,Club Megamix,0.6090711087036049,Mr. Big,0.6085229691820605
430,TRMQMTC128F428A516,SOSTMID12A8C13A27B,AR46CAD1187FB4D84B,Bad Religion,Automatic Man (Album Version),punk,Interlude 5,1916.0,B-Boy Bouillabaisse: A.W.O.L. (2009 Digital Remaster),1374.0,Man In The Mirror,1296.0,Interlude 5,2.1351,Velvet Pants,1.5390921874999974,B-Boy Bouillabaisse: A.W.O.L. (2009 Digital Remaster),1.5001515624999984,Who Is He? (And What Is He To You?),0.7348932779218906,Old Hippie,0.7297087633792964,Possessed To Skate,0.7180478349383463,Who Is He? (And What Is He To You?),0.7426565469688222,Old Hippie,0.7389383403275933,Possessed To Skate,0.7276437794230677
431,TRQENBA128F426093C,SOQLMHB12A8C1384BF,AR46CAD1187FB4D84B,Bad Religion,Chimaera (Album Version),punk,Interlude 5,5138.0,I'm A Winner (Amended Album Version),3017.0,My Darling,2935.0,Interlude 5,6.045300000000002,I'm A Winner (Amended Album Version),3.5247374999999987,My Darling,3.437868749999998,She's The Source,0.8014700482395745,What You Became,0.7926228091290272,Roots,0.7810602607288467,She's The Source,0.8070223082023004,What You Became,0.7980182213718866,Roots,0.7872396565780551
432,TRJCXHB128F428AC5B,SOLDKOL12A8C1392D1,AR46CAD1187FB4D84B,Bad Religion,Damned to Be Free (Album Version),punk,Interlude 5,1601.0,B-Boy Bouillabaisse: A.W.O.L. (2009 Digital Remaster),1506.0,Ice Is Workin' It,1458.0,Interlude 5,1.7160499999999963,Ice Is Workin' It,1.6876499999999914,B-Boy Bouillabaisse: A.W.O.L. (2009 Digital Remaster),1.6439937500000021,Ridiculous,0.640294977906487,Fixed,0.5887571466125986,Lovely Thing,0.5857897232034452,Ridiculous,0.6641014558792049,Fixed,0.6168363179918088,Lovely Thing,0.6066969872935191
433,TRHWAPL128F428BEEE,SOSHLOP12A8C13971C,AR46CAD1187FB4D84B,Bad Religion,Get Off,punk,Interlude 5,3021.0,B-Boy Bouillabaisse: A.W.O.L. (2009 Digital Remaster),2859.0,8 Mile,2636.0,Interlude 5,3.488750000000004,B-Boy Bouillabaisse: A.W.O.L. (2009 Digital Remaster),3.333320312499981,8 Mile,3.1135546875000206,Book Of Life,0.8424436271366434,Runaway,0.8052530656625042,Someday I Suppose,0.8011638761235094,Book Of Life,0.8479692210360039,Runaway,0.811862109141525,Someday I Suppose,0.807750846776038
434,TRHYIAH128F14825EC,SOLIECS12A6310F220,AROBHK51187B9AD82B,Funeral For A Friend,Juneau,punk,B-Boy Bouillabaisse: A.W.O.L. (2009 Digital Remaster),3078.0,Interlude 5,2904.0,New Town,2783.0,B-Boy Bouillabaisse: A.W.O.L. (2009 Digital Remaster),3.5262859374999915,New Town,3.3193171874999905,Interlude 5,3.245899999999997,Raven In The Storm,0.6868928992379549,Switchblade,0.6840839331618439,Super Reality,0.6503141095247841,Switchblade,0.6938732714808346,Raven In The Storm,0.6934775721850356,Super Reality,0.6595237072114135
435,TRWMODL128F92E7E2A,SOLOBYS12AB017B614,ARUUP451187B9AF56E,Wire,Another The letter,punk,Otha Fish,756.0,Man In The Mirror,664.0,Interlude 5,629.0,Otha Fish,0.8637187499999989,Man In The Mirror,0.695912500000001,Interlude 5,0.6298500000000008,Prologue,0.501971594908015,Israel,0.4722211219286208,In Deh,0.4709452257138437,Prologue,0.5187057995836745,Israel,0.49053517921735057,Requiem for a Dive,0.49046981633151027
436,TRABGYE128E078278A,SODQTSE12A6310D90B,ARUUP451187B9AF56E,Wire,Strange,punk,Go Cat Go,982.0,B-Boy Bouillabaisse: A.W.O.L. (2009 Digital Remaster),882.0,Interlude 5,831.0,Go Cat Go,1.171700000000002,Here We Go,0.965299999999999,Otha Fish,0.9190000000000008,Trilogy,0.4478460942265066,Arms Around Me (BBC 6Music Session),0.4218289357093433,Bought & Sold,0.41537491408642924,Trilogy,0.4647603253523263,Arms Around Me (BBC 6Music Session),0.43923618246435164,Bought & Sold,0.4331315117697229
437,TRBAQPR128F92F4AB0,SODLLJJ12A8C141D54,ARDT4K91187FB53602,The Wonder Years,Dude_ What Is a Land Pirate?,punk,Interlude 5,4562.0,B-Boy Bouillabaisse: A.W.O.L. (2009 Digital Remaster),3111.0,I Want You,2973.0,Interlude 5,5.228699999999999,I Want You,3.542115624999998,B-Boy Bouillabaisse: A.W.O.L. (2009 Digital Remaster),3.492521874999996,Ghosts Of You,0.7229487440801564,Undead,0.721251084732104,Slowes' Comb/The May 4th Movement starring Doodlebug,0.7042266072233689,Ghosts Of You,0.7369038830998202,Undead,0.7359877238937358,Slowes' Comb/The May 4th Movement starring Doodlebug,0.7194463918810536
438,TRVOTRF128F148AE44,SOYCTSV12A6D4FB43C,ARMKNC21187FB4696B,Dashboard Confessional,Again I Go Unnoticed,punk,Interlude 5,2719.0,B-Boy Bouillabaisse: A.W.O.L. (2009 Digital Remaster),2153.0,My Darling,1924.0,Interlude 5,2.9502500000000023,B-Boy Bouillabaisse: A.W.O.L. (2009 Digital Remaster),2.3161796874999987,New Town,2.142585937499998,The Awakening,0.573959955232988,Other Side of Day,0.5711380002276887,MAPS OF REALITY,0.5653855607305287,Other Side of Day,0.5939071978394765,The Awakening,0.5927209844460312,Lord Of The Damned,0.5881893376910972
439,TRRERUT128F1477144,SOWSXYV12A58A7CCC3,ARMKNC21187FB4696B,Dashboard Confessional,Carry This Picture,punk,Interlude 5,2326.0,B-Boy Bouillabaisse: A.W.O.L. (2009 Digital Remaster),2230.0,8 Mile,1875.0,Interlude 5,2.5670999999999986,B-Boy Bouillabaisse: A.W.O.L. (2009 Digital Remaster),2.5028312499999976,8 Mile,2.128918749999998,I Believe,0.6699581034755734,The Car Song,0.6568762642321851,Soul Into Hades,0.6565024415424626,I Believe,0.6850096942744679,The Car Song,0.6729162091835548,Soul Into Hades,0.6728451985810541
440,TRHGTHE128F428B4C3,SOVJEHL12A8C13B495,ARPDVPJ1187B9ADBE9,Usher,U R The One,r&b/soul,Interlude 5,6934.0,I'm A Winner (Amended Album Version),6320.0,B-Boy Bouillabaisse: A.W.O.L. (2009 Digital Remaster),5203.0,Interlude 5,7.821099999999999,I'm A Winner (Amended Album Version),7.346849999999986,I Want You,5.966424999999986,Run The Show,0.6052950963422986,Tell Me (Acoustic),0.5888600530125586,Y.O.U.,0.5831234773691143,Run The Show,0.623282822521767,Tell Me (Acoustic),0.6084699092018043,Breakin Me,0.6025935206912072
441,TREIEOO128F42B0099,SOJPTRM12A8C14003B,ARXOTQH1187FB57084,Chris Brown,Ain't No Way (You Won't Love Me),r&b/soul,Interlude 5,13073.0,I'm A Winner (Amended Album Version),11783.0,Hold Me Down (Album Version),10158.0,Interlude 5,15.278649999999994,I'm A Winner (Amended Album Version),14.034306249999979,Hold Me Down (Album Version),12.205181250000024,Stumble,0.8264005546707685,You Don't Know Me,0.8226916249738019,Play With Fire,0.8166435280352656,Stumble,0.8328130724606821,You Don't Know Me,0.8288904529638831,Play With Fire,0.8237734472214339
442,TRRZSBO128F428BE44,SOGEKBX12A8C13ACE1,ARPDVPJ1187B9ADBE9,Usher,Nice & Slow,r&b/soul,Interlude 5,9962.0,I'm A Winner (Amended Album Version),7977.0,I Want You,7691.0,Interlude 5,11.481900000000012,I'm A Winner (Amended Album Version),9.336931250000006,I Want You,9.25702812499999,I Wanna Know,0.7956996874142265,Look What You've Done For Me,0.7849504603391757,Rescue Me,0.7832275278517462,I Wanna Know,0.8016240024738276,Look What You've Done For Me,0.7946939530907705,Only When ur Lonely,0.7928351906125909
443,TRMZSRG128F428BE3F,SOPEKWP12A8C138692,ARPDVPJ1187B9ADBE9,Usher,Roni,r&b/soul,Interlude 5,7646.0,I'm A Winner (Amended Album Version),6034.0,B-Boy Bouillabaisse: A.W.O.L. (2009 Digital Remaster),5794.0,Interlude 5,8.499499999999998,I'm A Winner (Amended Album Version),6.851062500000003,B-Boy Bouillabaisse: A.W.O.L. (2009 Digital Remaster),6.357718749999996,She Passed By My Window,0.6444843344644087,My One And Only Love,0.6414283628336266,She's In Love,0.6069380712848127,She Passed By My Window,0.6558389928781108,My One And Only Love,0.6554045250103253,She's In Love,0.6211093005385305
444,TRENECR128F92DAC48,SOOPTMD12A8AE46BFE,ARXOTQH1187FB57084,Chris Brown,Damage,r&b/soul,Interlude 5,9634.0,I'm A Winner (Amended Album Version),7770.0,B-Boy Bouillabaisse: A.W.O.L. (2009 Digital Remaster),7549.0,Interlude 5,11.085699999999992,I'm A Winner (Amended Album Version),9.087199999999989,B-Boy Bouillabaisse: A.W.O.L. (2009 Digital Remaster),8.636100000000003,Kickin' It With Your Girlfriend,0.7619136381720072,Everytime I...,0.7608741205530677,I Think I Love You,0.7561268850930976,Kickin' It With Your Girlfriend,0.7726274757426965,I Will Survive,0.7655448766595113,Everytime I...,0.764487062958129
445,TRIAONH128F9340E62,SOCTATF12A58A77508,ARXOTQH1187FB57084,Chris Brown,Gotta Be Ur Man,r&b/soul,Interlude 5,10876.0,I'm A Winner (Amended Album Version),10688.0,B-Boy Bouillabaisse: A.W.O.L. (2009 Digital Remaster),9690.0,I'm A Winner (Amended Album Version),12.643009375000029,Interlude 5,12.49789999999999,I Want You,11.488035937499994,I Apologize,0.6660116624345973,Happy Song (Tonite),0.6454507986660436,Getting Over You,0.6318552647829294,I Apologize,0.6752818566292977,Happy Song (Tonite),0.6554619300357529,Getting Over You,0.6420155128969275
446,TRFBNCQ128F9302AD9,SORWAEG12AB0181063,ARCGJ6U1187FB4D01F,Akon,Birthmark,r&b/soul,Interlude 5,6947.0,My Darling,6664.0,Cancel (Album Version),6474.0,Acid 8000,7.7487578125,Cancel (Album Version),7.744148437500001,My Darling,7.7035234375,When Did Your Heart Go Missing?,0.6510524993666064,Where Is Your Heart At?,0.6400030278996286,Heart Attack,0.6261639036648715,When Did Your Heart Go Missing?,0.6631079631531586,Where Is Your Heart At?,0.6512464047732749,Heart Attack,0.6366280096464723
447,TRPZAPZ128F9341D3E,SOUFNEL12D021B2AEB,ARLMXEA1187B9A7D04,R. Kelly,Don't You Say No,r&b/soul,Interlude 5,12606.0,I'm A Winner (Amended Album Version),10587.0,I Want You,10461.0,Interlude 5,14.628199999999993,I Want You,12.661201562500004,I'm A Winner (Amended Album Version),12.495715624999997,Don't Say Goodbye,0.7522952099272362,If You Can't Smile And Say Yes,0.7420650301266769,Don't Bother Me (Bad Brains),0.7378691753394986,Don't Say Goodbye,0.7586327631720818,If You Can't Smile And Say Yes,0.7486364422954158,Don't Bother Me (Bad Brains),0.7440107658085171
448,TRGHYGG12903CAC100,SORLWRB12D02199388,ARLMXEA1187B9A7D04,R. Kelly,Kickin' It With Your Girlfriend,r&b/soul,Interlude 5,14094.0,B-Boy Bouillabaisse: A.W.O.L. (2009 Digital Remaster),11069.0,I'm A Winner (Amended Album Version),10183.0,Interlude 5,16.3295,B-Boy Bouillabaisse: A.W.O.L. (2009 Digital Remaster),12.759124999999994,I'm A Winner (Amended Album Version),11.887000000000011,I Didn't Know That You Cared,0.8054190582338864,Guitar Playin',0.8045662213919798,Hook,0.8012645625876537,Guitar Playin',0.8145099116925839,I Didn't Know That You Cared,0.812616247476163,Hook,0.81056274154386
449,TRNEYNN128F92C21F7,SOZEFCO12D02193313,ARLMXEA1187B9A7D04,R. Kelly,Rise Up,r&b/soul,Interlude 5,10890.0,I'm A Winner (Amended Album Version),7320.0,My Darling,6627.0,Interlude 5,12.464800000000011,I'm A Winner (Amended Album Version),8.399940624999994,My Darling,7.581251562500005,Rise,0.6339983306142641,S.U.C.,0.591337959695677,Hey You,0.5895153146253371,Rise,0.6433912692526554,S.U.C.,0.6102263991013114,Undead,0.6080880249973781
450,TRRSRXG128E07888AF,SOTFWWF12A67020F44,ARKSZW81187B9B695D,Mariah Carey,Joy Ride,r&b/soul,Interlude 5,5978.0,B-Boy Bouillabaisse: A.W.O.L. (2009 Digital Remaster),3913.0,I Want You,3615.0,Interlude 5,6.621499999999997,I Want You,4.205984374999998,B-Boy Bouillabaisse: A.W.O.L. (2009 Digital Remaster),4.179578125000002,Magical,0.6240508179681303,We've Got Ourselves In Love ,0.5720641754026778,Lovers In Captivity,0.5645432967544309,Magical,0.6387220652219261,We've Got Ourselves In Love ,0.5877012958842254,Lovers In Captivity,0.5866690473739425
451,TRONPIZ128F1454219,SOKLOOH12A6D4F6EED,ARKSZW81187B9B695D,Mariah Carey,Sprung,r&b/soul,Interlude 5,7470.0,I'm A Winner (Amended Album Version),6233.0,I Want You,5537.0,Interlude 5,8.711899999999996,I'm A Winner (Amended Album Version),7.382400000000009,I Want You,6.69132499999999,Rescue Me,0.7608324508522979,Alguien Real (Baby_ I'm In Love),0.7333586244217495,All Of Me,0.7178373169875989,Rescue Me,0.7695548776058522,Alguien Real (Baby_ I'm In Love),0.7429012771406109,Supply & Demand,0.7272235120130154
452,TRJKYAO128F427420D,SOSEWHU12A8AE484E5,ARKSZW81187B9B695D,Luther Vandross,Never Too Much,r&b/soul,Interlude 5,5725.0,B-Boy Bouillabaisse: A.W.O.L. (2009 Digital Remaster),4898.0,I'm A Winner (Amended Album Version),4695.0,Interlude 5,6.463950000000004,B-Boy Bouillabaisse: A.W.O.L. (2009 Digital Remaster),5.543545312499998,I'm A Winner (Amended Album Version),5.416309375000002,She's Funny That Way,0.7032174376959993,Heavenly,0.6563588954880701,I Ain't Never,0.6515009824513537,She's Funny That Way,0.7143768184647186,Heavenly,0.670283038538176,I Ain't Never,0.6629547835554959
453,TRYGRKO128F9343244,SOMBFBA12A8C13D236,ARLMXEA1187B9A7D04,R. Kelly,Chocolate Factory,r&b/soul,Interlude 5,3809.0,B-Boy Bouillabaisse: A.W.O.L. (2009 Digital Remaster),3532.0,My Darling,2817.0,Interlude 5,4.1034500000000005,B-Boy Bouillabaisse: A.W.O.L. (2009 Digital Remaster),3.864896874999997,My Darling,3.1186156249999994,A Day To Myself,0.6204585287408649,Second Nature,0.5890147315015507,The Lily Of The West,0.5793977069078272,A Day To Myself,0.6412161312134071,Second Nature,0.6090663306209653,Sweet,0.6026763524231216
454,TROIJDA128F9341E70,SOCUXGX12A8C13B78C,ARLMXEA1187B9A7D04,R. Kelly,I Mean (I Don't Mean It),r&b/soul,I Want You,15433.0,Interlude 5,15352.0,I'm A Winner (Amended Album Version),14738.0,I Want You,18.76462031250004,Interlude 5,17.757099999999983,I'm A Winner (Amended Album Version),17.486053125,Random I Am (Album Version),0.8111011647829067,I Don't Want To Talk About It,0.8013249120972732,Shoo Be Doo,0.7968875277543436,Random I Am (Album Version),0.8159029279039322,I Don't Want To Talk About It,0.8070928945766809,Shoo Be Doo,0.8027817649452463
455,TRXTJGV12903CAC0F8,SOJYYAN12A58A790B1,ARLMXEA1187B9A7D04,R. Kelly,In The Kitchen,r&b/soul,Interlude 5,6246.0,I'm A Winner (Amended Album Version),5069.0,B-Boy Bouillabaisse: A.W.O.L. (2009 Digital Remaster),4548.0,Interlude 5,7.149699999999999,I'm A Winner (Amended Album Version),5.906356250000005,B-Boy Bouillabaisse: A.W.O.L. (2009 Digital Remaster),5.134896874999997,Crowded Avenue,0.7004818479809739,Them Jeans,0.6625085872091876,Time And Space,0.6615650972414141,Crowded Avenue,0.7127793183019134,Them Jeans,0.6798007357955193,Time And Space,0.676231874450324
456,TRTWRQD12903CA9E3B,SOCDGAR12AB018CE44,AR52EZT1187B9900BF,Alicia Keys,Distance And Time,r&b/soul,Interlude 5,7585.0,I'm A Winner (Amended Album Version),6058.0,I Want You,5574.0,Interlude 5,8.78435,I'm A Winner (Amended Album Version),7.117053125000004,I Want You,6.711370312499998,Promise Me,0.7490276349915107,My Forfeit,0.7466283244194584,Get Sick Soon,0.7359497950074568,Promise Me,0.7570662057946991,My Forfeit,0.7529463437055041,Get Sick Soon,0.7442999089215008
457,TRWPMRK12903CCDA98,SOWGUXF12AB0185700,AR52EZT1187B9900BF,Alicia Keys,Lover Man,r&b/soul,Interlude 5,3217.0,B-Boy Bouillabaisse: A.W.O.L. (2009 Digital Remaster),2711.0,Man In The Mirror,2666.0,Interlude 5,3.5175499999999986,B-Boy Bouillabaisse: A.W.O.L. (2009 Digital Remaster),2.967517187500002,Man In The Mirror,2.900659375000002,Can't Do Without You,0.6017517605220203,Miss Moon,0.5719131442477114,Hair,0.5710016377612552,Can't Do Without You,0.6243711147554825,Hair,0.6008355745387922,She's On Drugs,0.5942881807609091
458,TRMTTBA128F429A7EC,SOSYUFF12A8C13C104,AR52EZT1187B9900BF,Alicia Keys,Nobody Not Really (Interlude),r&b/soul,B-Boy Bouillabaisse: A.W.O.L. (2009 Digital Remaster),1334.0,8 Mile,1294.0,Splurge,1197.0,B-Boy Bouillabaisse: A.W.O.L. (2009 Digital Remaster),1.4924671874999973,8 Mile,1.4854078125000034,Splurge,1.3920265624999992,Down The Dirt Road Blues,0.6312766868257772,Confessional,0.6208224040895441,I Understand,0.6159081682266543,Down The Dirt Road Blues,0.6474070486194551,Confessional,0.6363525156940442,Pain,0.6339575874126033
459,TRWCVWH128F4284EE5,SOIYWLQ12AF729E318,AR52EZT1187B9900BF,Alicia Keys,Piano & I,r&b/soul,Interlude 5,2512.0,I Want You,1823.0,I'm A Winner (Amended Album Version),1817.0,Interlude 5,2.8755000000000006,I Want You,2.181539062499999,I'm A Winner (Amended Album Version),2.098390625000001,Without You,0.7004250792640802,Heartattack,0.6862140417806583,I Am The Cosmos,0.6823445677126568,Without You,0.7143777594370054,Heartattack,0.7003016797456236,Honest Expression,0.6938942827239063
460,TRQQLZD128F425E9BC,SOYSABZ12A58A7CAE3,AR52EZT1187B9900BF,Alicia Keys,Tell You Something (Nana's Reprise),r&b/soul,I Mean (I Don't Mean It),10886.0,Interlude 5,10599.0,I'm A Winner (Amended Album Version),10137.0,I Mean (I Don't Mean It),13.048746874999985,I Want You,11.996040625000017,Interlude 5,11.928550000000005,Ball Peen Hammer,0.7507985656833598,Tuesday Night,0.7474520358606135,Love Affair,0.7182802460316968,Ball Peen Hammer,0.7577329900309941,Tuesday Night,0.7529684585909909,Love Affair,0.728642464567285
461,TREAJBV12903CCDA96,SOVRMZU12AB017FE90,AR52EZT1187B9900BF,Alicia Keys,Try Sleeping With A Broken Heart,r&b/soul,Interlude 5,6576.0,I'm A Winner (Amended Album Version),6558.0,Hold Me Down (Album Version),5179.0,I'm A Winner (Amended Album Version),7.757084375000005,Interlude 5,7.546099999999996,Hold Me Down (Album Version),6.161521875000013,Never Gonna Give You Up,0.7361024823542618,Fast As I Can,0.7283450461951215,Go On Ahead,0.7230047045140291,Never Gonna Give You Up,0.7471438392071987,Fast As I Can,0.7386625116069997,Go On Ahead,0.7337378235957301
462,TRDFWVZ128F4284EF0,SODFKEG12AF72A4E66,AR52EZT1187B9900BF,Alicia Keys,Why Do I Feel So Sad,r&b/soul,Interlude 5,4790.0,B-Boy Bouillabaisse: A.W.O.L. (2009 Digital Remaster),3914.0,I Mean (I Don't Mean It),3563.0,Interlude 5,5.378000000000003,B-Boy Bouillabaisse: A.W.O.L. (2009 Digital Remaster),4.3827890625,I Want You,4.224742187499989,Try Our Love Again,0.6298417705784742,Freezin In The Cold,0.6269207802431382,Lost Horizon,0.6231852304928336,Try Our Love Again,0.6445239751840335,Freezin In The Cold,0.6420790364874662,Lost Horizon,0.6381369851541883
463,TRFRUCJ128F4284EF2,SOKILIB12D021B411C,AR52EZT1187B9900BF,Alicia Keys,Lovin U,r&b/soul,Interlude 5,5212.0,I'm A Winner (Amended Album Version),4441.0,I Want You,3631.0,Interlude 5,6.091799999999999,I'm A Winner (Amended Album Version),5.274675000000001,I Want You,4.383212499999995,Rhythm Is Love,0.7179394169433752,Easy,0.6976826480524515,Dead Love,0.6973701640573696,Rhythm Is Love,0.7254014990236552,Easy,0.705784941127987,Dead Love,0.7042652437384412
464,TRXONIT128F9355F39,SOMSIJG12AF72AD5CE,ARQFENL121318C58A6,Jeremih,My Ride,r&b/soul,B-Boy Bouillabaisse: A.W.O.L. (2009 Digital Remaster),9603.0,Interlude 5,8911.0,Mellow My Man,8571.0,B-Boy Bouillabaisse: A.W.O.L. (2009 Digital Remaster),10.980481249999986,Mellow My Man,10.167618749999972,Radar,10.078881249999979,Strictly 4 My N.I.G.G.A.Z.,0.7341236733774,In My Heart,0.7277660288484709,Bump,0.7001852146215056,Strictly 4 My N.I.G.G.A.Z.,0.7439650839750799,In My Heart,0.7329966718162472,Bump,0.71157910341231
465,TRURHNH128F9355F33,SONEKBK12AB017C335,ARQFENL121318C58A6,Jeremih,Starting All Over,r&b/soul,Interlude 5,4309.0,8 Mile,3490.0,B-Boy Bouillabaisse: A.W.O.L. (2009 Digital Remaster),3463.0,Interlude 5,4.746849999999998,8 Mile,3.9589656250000025,B-Boy Bouillabaisse: A.W.O.L. (2009 Digital Remaster),3.794034374999998,8 Mile,0.6271918266894356,I Don't Need This,0.592642030261738,Hook,0.588548497186745,8 Mile,0.6495884013992241,I Don't Need This,0.611775290321498,Hook,0.6103125256089723
466,TRBVOUE128F92F4B3E,SOLYDSR12D021902F1,ARIL5841187FB5C061,Duffy,Oh Boy,r&b/soul,B-Boy Bouillabaisse: A.W.O.L. (2009 Digital Remaster),2633.0,Interlude 5,2569.0,I'm A Winner (Amended Album Version),2391.0,B-Boy Bouillabaisse: A.W.O.L. (2009 Digital Remaster),3.006581250000004,Interlude 5,2.870849999999999,I'm A Winner (Amended Album Version),2.7662875000000016,Best Friend,0.6963203494162412,Drivin' Nails In My Coffin,0.6375393514887726,Dust My Broom,0.6366238587498815,Best Friend,0.7071243832816302,Dust My Broom,0.6477884457189971,Dust My Broom,0.6477884457189971
467,TRTAKII128F92E4449,SOKHIOI12A8C141E73,AR9B7FG1187B9A5C96,Jay Sean,Maybe,r&b/soul,Interlude 5,6853.0,I'm A Winner (Amended Album Version),5753.0,B-Boy Bouillabaisse: A.W.O.L. (2009 Digital Remaster),5463.0,Interlude 5,7.862449999999999,I'm A Winner (Amended Album Version),6.731293749999996,B-Boy Bouillabaisse: A.W.O.L. (2009 Digital Remaster),6.240178124999993,So What'Cha Want (Butt Naked Version) (Explicit) (2009 Digital Remaster),0.7100214544337934,On the Outside,0.7039429337813309,Guilty,0.7029649713313015,So What'Cha Want (Butt Naked Version) (Explicit) (2009 Digital Remaster),0.7227825087115289,On the Outside,0.7184094559523317,Club Megamix,0.716773835196622
468,TRSHMDQ128F422C1D6,SOZBCSN12A8AE46F93,AR9B7FG1187B9A5C96,Jay Sean,Stuck In the Middle,r&b/soul,Interlude 5,12543.0,I'm A Winner (Amended Album Version),9064.0,B-Boy Bouillabaisse: A.W.O.L. (2009 Digital Remaster),7895.0,Interlude 5,14.611549999999996,I'm A Winner (Amended Album Version),10.632550000000004,B-Boy Bouillabaisse: A.W.O.L. (2009 Digital Remaster),8.976274999999994,Never Love You,0.7847426054645213,Interlude 5,0.7693226301742001,Dream,0.7458603994855638,Never Love You,0.7918194852832479,Interlude 5,0.7813905814818588,So Much Love/Underture,0.7586963367206558
469,TRENMSO128F42AF485,SOUXXLG12A8C13EB34,AR8DTD41187FB51ED9,Fantasia,Bump What Your Friends Say,r&b/soul,Interlude 5,6506.0,I'm A Winner (Amended Album Version),5421.0,My Darling,4687.0,Interlude 5,7.493100000000002,I'm A Winner (Amended Album Version),6.358381250000007,My Darling,5.467378125000003,If Only You Knew,0.7909399977424443,Never Meant To Be,0.7895894412033142,My Darling,0.785188194688998,If Only You Knew,0.8008762357886852,Never Meant To Be,0.7985221585138622,My Darling,0.7966009691032254
470,TRTSASI12903CC26E8,SOUSVDG12AB018B099,AR20CFC1187B98A25D,Ray Charles,Smack Dab In The Middle,r&b/soul,Interlude 5,2713.0,B-Boy Bouillabaisse: A.W.O.L. (2009 Digital Remaster),2404.0,I'm A Winner (Amended Album Version),1728.0,Interlude 5,3.03935,B-Boy Bouillabaisse: A.W.O.L. (2009 Digital Remaster),2.710714062499997,Otha Fish,1.9608671874999977,Man In White,0.6453548413846842,Heavily Sedated,0.6233725214677001,Safe + Sound,0.6226368219733835,Man In White,0.6620915663576615,Safe + Sound,0.6414018459548891,Heavily Sedated,0.6401788058649073
471,TRNZNSR128F429F04B,SOIFMOR12A8C13C0CD,AR20CFC1187B98A25D,Ray Charles,Don't You Know,r&b/soul,Interlude 5,3485.0,I'm A Winner (Amended Album Version),3029.0,It's A Party,2829.0,Interlude 5,3.896249999999993,I'm A Winner (Amended Album Version),3.485625000000009,It's A Party,3.325625000000015,Naked,0.6655444221016612,Love Was Here,0.6529901625776064,Baby Come Back,0.6356607600794271,Naked,0.6809337442010978,Love Was Here,0.667025812177734,Baby Come Back,0.6464082644947164
472,TRWFFHM128F92F99C4,SOJVLDB12AB017ACC4,ARZCS0M1187FB52EAB,Chrisette Michele,All I Ever Think About,r&b/soul,Interlude 5,11542.0,I'm A Winner (Amended Album Version),9801.0,I Want You,8584.0,Interlude 5,13.376399999999983,I'm A Winner (Amended Album Version),11.564321874999976,I Want You,10.343692187500007,Revenge,0.8072168604545505,I Think I Love You,0.7867425057098518,Club Megamix,0.7782621352796952,Revenge,0.8142825507596168,I Think I Love You,0.7932896443459375,Club Megamix,0.7887256894352089
473,TRDIOJU128F931BF15,SOPGSCU12D0219384E,ARRZUPG11F43A69EF7,Jackson 5,(You Were Made) Especially For Me,r&b/soul,Interlude 5,4829.0,I'm A Winner (Amended Album Version),4158.0,Hold Me Down (Album Version),4154.0,Interlude 5,5.527950000000003,Hold Me Down (Album Version),4.956996874999994,I'm A Winner (Amended Album Version),4.8653093750000025,Not Your Baby,0.7087265340880093,Don't Bother Me (Bad Brains),0.6912720310629528,Give Me What I Want (LP Version),0.6864304361861875,Not Your Baby,0.7181279436425172,Don't Bother Me (Bad Brains),0.6992731139591825,Give Me What I Want (LP Version),0.6950701136452101
474,TRGYQBU128F9342C87,SONQNNF12D021B4C46,ARRZUPG11F43A69EF7,Jackson 5,I Was Made To Love Her,r&b/soul,Interlude 5,4024.0,B-Boy Bouillabaisse: A.W.O.L. (2009 Digital Remaster),3548.0,8 Mile,3165.0,Interlude 5,4.5009999999999994,B-Boy Bouillabaisse: A.W.O.L. (2009 Digital Remaster),3.9926093750000002,8 Mile,3.6223906249999964,Electric Lady,0.6717570958821675,Cryin',0.6656897044213849,Heartbeat,0.643840497030329,Electric Lady,0.6857146191861955,Cryin',0.676659820504948,Heartbeat,0.6536816666540793
475,TRVBSAC128F42B6438,SOAPRQO12AF72A2410,ARRZUPG11F43A69EF7,Jackson 5,Bridge Over Troubled Water,r&b/soul,I'm A Winner (Amended Album Version),2693.0,Interlude 5,2692.0,B-Boy Bouillabaisse: A.W.O.L. (2009 Digital Remaster),2554.0,I'm A Winner (Amended Album Version),3.1122218749999973,Interlude 5,2.9762999999999975,B-Boy Bouillabaisse: A.W.O.L. (2009 Digital Remaster),2.8674390624999977,To The Limit,0.6467640477207828,It's All Up To You,0.6311256320471398,Hunter killer,0.6301345510454436,To The Limit,0.6548276156745451,It's All Up To You,0.6423193478847731,Hunter killer,0.6392556245833328
476,TRHTGXF128F931BEE7,SOVJMLE12AB01848BF,ARRZUPG11F43A69EF7,Jackson 5,Goin' Back To Indiana,r&b/soul,8 Mile,4576.0,B-Boy Bouillabaisse: A.W.O.L. (2009 Digital Remaster),4515.0,Everytime I...,4045.0,8 Mile,5.40936562500001,B-Boy Bouillabaisse: A.W.O.L. (2009 Digital Remaster),5.232134375,Everytime I...,4.905781249999984,hoodie ninja,0.7750243661098043,Who I Am,0.7656252890766637,Bushman,0.7575449250550075,hoodie ninja,0.7810025785788369,Who I Am,0.7713903629431287,8 Mile,0.7644326134807478
477,TRULIIL128F4228AC8,SOHQSLE12A6D4FD852,ARRZUPG11F43A69EF7,Jackson 5,Lookin' Through The Windows,r&b/soul,Interlude 5,2486.0,New Town,2307.0,I'm A Winner (Amended Album Version),2080.0,New Town,2.698540625,Interlude 5,2.6612999999999984,I'm A Winner (Amended Album Version),2.308393750000001,Insectica,0.4430588243465723,Dark Therapy,0.4145360073717971,Enemy,0.3956536702155451,Insectica,0.4603640936819273,Dark Therapy,0.43315564504816534,Unexplained,0.41901174829693966
478,TRTKNDU128EF3517DF,SOHAESY12A6D223C62,ARRZUPG11F43A69EF7,Jackson 5,You've Changed,r&b/soul,Interlude 5,5733.0,I'm A Winner (Amended Album Version),4991.0,Man In The Mirror,4910.0,Interlude 5,6.59815,I'm A Winner (Amended Album Version),5.867478124999996,Man In The Mirror,5.6504468749999965,Nasty Grind,0.7301559332730091,Skinhead Moonstomp,0.727868267477284,Wrong Way,0.7254857758062376,Nasty Grind,0.735168118198182,Skinhead Moonstomp,0.7321400374526812,Wrong Way,0.7284752318023344
479,TRQBNNZ128F92D4F35,SONSXHN12A58A7B790,ARNQKXK1187B99EFDA,Jazmine Sullivan,Switch!,r&b/soul,Interlude 5,7500.0,B-Boy Bouillabaisse: A.W.O.L. (2009 Digital Remaster),6752.0,I'm A Winner (Amended Album Version),6002.0,Interlude 5,8.528600000000004,B-Boy Bouillabaisse: A.W.O.L. (2009 Digital Remaster),7.732174999999984,Everytime I...,7.0637499999999775,Pervert,0.7445085400426261,Everytime I...,0.7288863583045795,Book Of Life,0.7280807051064355,Pervert,0.7533107702265562,Book Of Life,0.739390136438965,Everytime I...,0.7336267272708022
480,TRTYGWW128E0794FA2,SOXJKGU12A67ADA1C9,ARIPLUN1187B99B9F9,The Police,One World (Not Three),reggae,One of Us,4884.0,One Tribe,4671.0,Interlude 5,2866.0,One of Us,5.740656249999995,One Tribe,5.604587499999985,Interlude 5,2.9798999999999993,Revolution,0.6108044472547054,Imagine,0.5741600916846815,One Tribe,0.5372311211566707,Revolution,0.6192408513348493,Imagine,0.5850610981640372,One Tribe,0.5472927257242414
481,TRKHTKI128F92EA339,SOSDIHQ12A8C13C23F,AR6J3X81187FB59A7B,Matisyahu,Close My Eyes,reggae,Interlude 5,12297.0,B-Boy Bouillabaisse: A.W.O.L. (2009 Digital Remaster),9562.0,I'm A Winner (Amended Album Version),8267.0,Interlude 5,13.929150000000007,B-Boy Bouillabaisse: A.W.O.L. (2009 Digital Remaster),10.746504687499996,I'm A Winner (Amended Album Version),9.391290624999996,Just What Can Happen,0.7626606216695385,Days Like These,0.746269731561017,Switchblade,0.7442695498665839,Just What Can Happen,0.7743506735143175,Days Like These,0.7647720683248902,Switchblade,0.7573573764806034
482,TRACTLX128F42A51F6,SOWXKLQ12A8C13C221,AR6J3X81187FB59A7B,Matisyahu,Exaltation,reggae,Interlude 5,2779.0,B-Boy Bouillabaisse: A.W.O.L. (2009 Digital Remaster),2489.0,Otha Fish,1976.0,Interlude 5,3.0114500000000044,B-Boy Bouillabaisse: A.W.O.L. (2009 Digital Remaster),2.7246390624999974,Otha Fish,2.229742187499999,Immortal Chant,0.6344707093133247,There Will Be Blood Tonight,0.616560699677292,The Girl That I Marry,0.6165599882306866,Immortal Chant,0.6482811147271351,There Will Be Blood Tonight,0.6315517213772517,The Girl That I Marry,0.6257602441707965
483,TRHQAPS128F42A51F4,SOSWVVV12A8C13C21C,AR6J3X81187FB59A7B,Matisyahu,Fire and Heights,reggae,Interlude 5,11299.0,B-Boy Bouillabaisse: A.W.O.L. (2009 Digital Remaster),8616.0,I'm A Winner (Amended Album Version),8327.0,Interlude 5,13.03355,B-Boy Bouillabaisse: A.W.O.L. (2009 Digital Remaster),9.858290625000004,I'm A Winner (Amended Album Version),9.696268749999998,Clickety Clack,0.8252824659095475,Preacher On A Sunday Morning,0.8109619509442398,Snoopafella (Edited),0.794258461771808,Clickety Clack,0.8349061150317288,Preacher On A Sunday Morning,0.8211194488995367,Snoopafella (Edited),0.8061986240280945
484,TRWMHCZ128F42AE295,SOPJZCC12A8C13FF7B,AR6J3X81187FB59A7B,Matisyahu,Jerusalem,reggae,Interlude 5,7300.0,I'm A Winner (Amended Album Version),6014.0,B-Boy Bouillabaisse: A.W.O.L. (2009 Digital Remaster),5989.0,Interlude 5,8.276300000000003,I'm A Winner (Amended Album Version),6.962846874999992,B-Boy Bouillabaisse: A.W.O.L. (2009 Digital Remaster),6.7765015625,When Cheating Had Feeling,0.6629533509265312,Rap Promoter,0.6402859396586683,Not Your Baby,0.6341342472398768,When Cheating Had Feeling,0.6779036498379287,Rap Promoter,0.6582037292552875,Not Your Baby,0.6498772107150411
485,TRMMTKA128F42A51E7,SOSCMSY12A8C13C1E9,AR6J3X81187FB59A7B,Matisyahu,Warrior,reggae,Interlude 5,3969.0,B-Boy Bouillabaisse: A.W.O.L. (2009 Digital Remaster),2558.0,I'm A Winner (Amended Album Version),2487.0,Interlude 5,4.4460500000000005,I'm A Winner (Amended Album Version),2.7720500000000015,B-Boy Bouillabaisse: A.W.O.L. (2009 Digital Remaster),2.76665,Colony,0.6579159037940142,Clickety Clack,0.657037069104976,Now That the Buffalo's Gone,0.6500575147393487,Colony,0.6788518822081462,Clickety Clack,0.6777147490239745,Now That the Buffalo's Gone,0.6705528630030871
486,TRPPHPV128F92F0750,SOMITIJ12AB017CAFA,ARW8F4B1187FB45EB4,Sublime,Don't Push,reggae,Interlude 5,8052.0,B-Boy Bouillabaisse: A.W.O.L. (2009 Digital Remaster),6833.0,I'm A Winner (Amended Album Version),6016.0,Interlude 5,9.020799999999998,B-Boy Bouillabaisse: A.W.O.L. (2009 Digital Remaster),7.668009375000015,I'm A Winner (Amended Album Version),6.837581250000007,Guitar Playin',0.7786121901172209,Time,0.7749485480152097,Bad Mutha,0.7744176451430614,Guitar Playin',0.7944454779654736,Time,0.7896355095968679,Bad Mutha,0.7892664591418733
487,TRZDKCU128F1456899,SOVEQJB12D0219AE54,ARW8F4B1187FB45EB4,Sublime,Pawn Shop,reggae,Interlude 5,2012.0,Ice Is Workin' It,1897.0,B-Boy Bouillabaisse: A.W.O.L. (2009 Digital Remaster),1739.0,Ice Is Workin' It,2.201599999999999,Interlude 5,2.156199999999997,She Luv It,2.002099999999998,Upside Down From Here,0.5448581044379187,Underwater,0.5327972569360975,Something Written,0.4611179525350142,Upside Down From Here,0.5581581428906076,Underwater,0.5420594861518362,Something Written,0.4747024126725687
488,TRQCFKA128F148A0D5,SOUEAIV12A6D4F9FC2,ARRYZN01187FB45757,Michael Franti & Spearhead,See you in the Light,reggae,Interlude 5,6730.0,B-Boy Bouillabaisse: A.W.O.L. (2009 Digital Remaster),6249.0,I'm A Winner (Amended Album Version),6026.0,Interlude 5,7.798399999999998,B-Boy Bouillabaisse: A.W.O.L. (2009 Digital Remaster),7.297692187500008,I'm A Winner (Amended Album Version),7.1311656250000075,I Live In A Suitcase,0.7066446569657694,Heavily Sedated,0.6877195336002099,The Irony Of It All (Album Version),0.6876789193724963,I Live In A Suitcase,0.7136166981196651,Heavily Sedated,0.6973063563915288,The Irony Of It All (Album Version),0.6966218494342558
489,TRPPATZ128F428BA6E,SOFOGTV12A6D4F9FBE,ARRYZN01187FB45757,Michael Franti & Spearhead,Sweet Little Lies,reggae,Interlude 5,4315.0,Hold Me Down (Album Version),4271.0,That's What You Told Me,4170.0,Hold Me Down (Album Version),5.024390624999995,That's What You Told Me,4.952531249999996,Interlude 5,4.715249999999999,Salva Mea,0.597428320583317,Tell Me,0.5777759084486119,I Get Evil,0.5724062318758497,Salva Mea,0.6077593606066267,Tell Me,0.5887365300446227,I Get Evil,0.5846867866317716
490,TRMVVWQ128F422BB64,SOLMWNS12A81C209CB,AR9NG3Y1187B9895EE,McFly,The Way You Make Me Feel,reggae,Interlude 5,4823.0,I'm A Winner (Amended Album Version),4702.0,I Want You,4143.0,I'm A Winner (Amended Album Version),5.531781249999986,Interlude 5,5.499750000000001,I Want You,4.984328125,Pressure,0.8132971981695605,Club Megamix,0.7343102368987167,Time To Grow,0.7302767990995556,Pressure,0.8196535539325371,Club Megamix,0.7463166783175269,Time To Grow,0.7413644709285913
491,TRRATGY12903D138DB,SOQQEZD12AC468BFC3,ARBNXYA1187FB51C50,Daddy Yankee,Grito Mundial,reggae,Move On,2498.0,Horse With No Name,2336.0,Dale tiempo al rumor,2324.0,Move On,3.0081078125000027,Horse With No Name,2.8170750000000053,Dale tiempo al rumor,2.7631984375000025,El Arado,0.6668025105626898,Milonga Del Solitario,0.6558810060201986,League Chicanos,0.6351815693432046,El Arado,0.6730167366088002,Milonga Del Solitario,0.6647227490770447,League Chicanos,0.6418097705432854
492,TRPSKLI128F425E42C,SOAUWMK12A8C136F49,ARD66TF1187B9A1670,tobyMac,Get This Party Started: Ghost Remix,reggae,It's A Party,3509.0,Interlude 5,3469.0,B-Boy Bouillabaisse: A.W.O.L. (2009 Digital Remaster),3403.0,It's A Party,4.084003125000002,B-Boy Bouillabaisse: A.W.O.L. (2009 Digital Remaster),3.701723437500002,Interlude 5,3.6761500000000047,Catastrophe,0.5707707828598638,It's A Party,0.5053555342991695,Midnight Man,0.5032551920224105,Catastrophe,0.5902008669866663,Midnight Man,0.5266624795541381,It's A Party,0.5227263087660752
493,TRWQMVZ128E078F1F7,SOBPURX12D021B0F0F,ARAZCWP129462A97F1,Bob Marley & The Wailers,Africa Unite,reggae,Interlude 5,2306.0,Touch It / Technologic,1770.0,Ice Is Workin' It,1766.0,Interlude 5,2.5742999999999974,Touch It / Technologic,2.0908531250000015,Ice Is Workin' It,2.0617750000000097,Heavy Metal Universe (live),0.6541634586902606,Black Milk,0.6384617200199031,New Generation,0.6175824533439472,Heavy Metal Universe (live),0.6664420183371625,Black Milk,0.6506219199675038,The 4th Branch,0.6322380497843354
494,TRHDTPQ128F147733A,SOLWOXW12D021B2450,ARAZCWP129462A97F1,Bob Marley & The Wailers,Could You Be Loved,reggae,Interlude 5,8724.0,I'm A Winner (Amended Album Version),6834.0,Man In The Mirror,5406.0,Interlude 5,10.042499999999993,I'm A Winner (Amended Album Version),7.9788281250000015,Man In The Mirror,6.018046875000003,Could It Be I'm Falling In Love,0.6264738571268593,It's Not OK [Live From London],0.6095605052392755,I Will Be Waiting,0.5767967262086691,Could It Be I'm Falling In Love,0.6356417799374943,It's Not OK [Live From London],0.6203436981239911,I Will Be Waiting,0.5877594595436703
495,TRUVZTN128F424B846,SOLIWAK12D021B0CFA,ARAZCWP129462A97F1,Bob Marley,No Water,reggae,Interlude 5,1905.0,I'm A Winner (Amended Album Version),1729.0,B-Boy Bouillabaisse: A.W.O.L. (2009 Digital Remaster),1711.0,Interlude 5,2.1259499999999987,I'm A Winner (Amended Album Version),1.9944031250000012,B-Boy Bouillabaisse: A.W.O.L. (2009 Digital Remaster),1.925248437500001,Rebels Hop,0.993231715000124,A Groovy Kind Of Love (Live),0.7034400136386286,Sweet Misery,0.6857268786540147,Rebels Hop,0.9935022053948106,A Groovy Kind Of Love (Live),0.7150501294849967,Sweet Misery,0.6979503950069523
496,TRGPDHJ128F14527D5,SOVKUMU12D0219A271,ARAZCWP129462A97F1,Bob Marley & The Wailers,One Love / People Get Ready,reggae,One Tribe,2810.0,Interlude 5,2710.0,One of Us,2318.0,One Tribe,3.3391124999999984,Interlude 5,2.941299999999994,One of Us,2.6277187500000037,One Tribe,0.5869638593102454,One Love At A Time,0.5233580834215704,From One Heart To Another,0.4814921438892514,One Tribe,0.598910012511148,One Love At A Time,0.5414275967664436,One Love,0.5001897006171544
497,TRHKHHL128F4251E2A,SOFLXLZ12D021B24CD,ARAZCWP129462A97F1,Bob Marley,Try Me,reggae,Hold Me Down (Album Version),4652.0,That's What You Told Me,4357.0,Interlude 5,3318.0,Hold Me Down (Album Version),5.644499999999988,That's What You Told Me,5.30524999999999,Interlude 5,3.779500000000003,Try Me Again,0.8052579057935686,I Need You,0.7318707881167803,Peel Me A Grape,0.6892733119960307,Try Me Again,0.8066094439377955,I Need You,0.7314952430700974,Peel Me A Grape,0.6925061394834546
498,TRAMTEH128F930D496,SOKVEKX12CF530D5AF,ARAZCWP129462A97F1,Bob Marley & The Wailers,Baby We've Got A Date (Rock It Baby),reggae,Touch It / Technologic,4353.0,Ice Is Workin' It,3983.0,We Gonna Rock,3978.0,Touch It / Technologic,5.173445312500002,We Gonna Rock,4.832375000000001,Ice Is Workin' It,4.657937499999999,Where Did Our Love Go,0.5602901125027583,Getting Late,0.554981474536417,French Kissing,0.5124384069273477,Where Did Our Love Go,0.5667986375091559,Getting Late,0.5657115574628778,French Kissing,0.5241286365579738
499,TRCGRJV128F1477322,SOJPUXZ12CF5F8899E,ARAZCWP129462A97F1,Bob Marley & The Wailers,Johnny Was,reggae,Interlude 5,2088.0,B-Boy Bouillabaisse: A.W.O.L. (2009 Digital Remaster),1679.0,Man In The Mirror,1600.0,Interlude 5,2.1821999999999977,B-Boy Bouillabaisse: A.W.O.L. (2009 Digital Remaster),1.740990625000001,Man In The Mirror,1.6332312500000015,W.O.M.A.N.,0.5880641689006179,Shimmy_ Shimmy_ Ko-Ko-Bop (Single Version),0.5161077045587948,Stereo,0.5003414974449233,W.O.M.A.N.,0.5981221005231611,Shimmy_ Shimmy_ Ko-Ko-Bop (Single Version),0.5365117497382341,Stereo,0.5195669820234049
500,TRRVJJF128F9309F02,SOECMGI12CF530E4F3,ARAZCWP129462A97F1,Bob Marley,Riding High,reggae,Interlude 5,4582.0,I'm A Winner (Amended Album Version),4519.0,B-Boy Bouillabaisse: A.W.O.L. (2009 Digital Remaster),3630.0,I'm A Winner (Amended Album Version),5.2985218750000005,Interlude 5,5.1915999999999976,Radar,4.218939062500008,Northern Girls,0.6418841917752091,Holdin' On [Missin' U] (Album Version),0.635984237775867,Prodigal Son,0.6352888378914168,Northern Girls,0.6519932272217385,Prodigal Son,0.6470601251896345,Holdin' On [Missin' U] (Album Version),0.6454026287529029
501,TRDXHIR128F930E030,SOZKMVA12CF5F87636,ARAZCWP129462A97F1,Bob Marley,Soul Shakedown,reggae,Interlude 5,2678.0,Hold Me Down (Album Version),2272.0,My Darling,2077.0,Interlude 5,3.0094000000000007,Hold Me Down (Album Version),2.683353124999995,My Darling,2.389301562499998,Ringa Ding Ding,0.6006225375280065,Not Your Baby,0.5461881056890141,Pink Ego Box,0.5448261418018918,Ringa Ding Ding,0.6164113028235356,Not Your Baby,0.5643912701866034,Pink Ego Box,0.5601927958235988
502,TRDTEUX12903CB4AD7,SOQJCXI12CF5F883FC,ARAZCWP129462A97F1,Bob Marley & The Wailers,Trenchtown Rock,reggae,Interlude 5,6045.0,I'm A Winner (Amended Album Version),4927.0,I Want You,4284.0,Interlude 5,6.909949999999997,I'm A Winner (Amended Album Version),5.736371875000006,I Want You,5.117467187500006,I'm Catching Hell (Living Here Alone) (Digitally Remastered 02),0.6509760172104417,Bull Dog Blues,0.6460380299340913,You & I,0.6247655997466818,I'm Catching Hell (Living Here Alone) (Digitally Remastered 02),0.6683205443231683,Bull Dog Blues,0.6594102908830897,You & I,0.6436963108871904
503,TRVTZTY128E0781E22,SOQUOKX12A6310D863,ARNF13I1187FB562A5,Massive Attack,Eternal Feedback (Sly),reggae,Interlude 5,2040.0,8 Mile,1918.0,B-Boy Bouillabaisse: A.W.O.L. (2009 Digital Remaster),1910.0,Interlude 5,2.2670999999999983,8 Mile,2.2189578125000016,B-Boy Bouillabaisse: A.W.O.L. (2009 Digital Remaster),2.1509171874999993,She's The Sun,0.6890165037624522,Stay Too Long,0.6845272326785383,Don't Change Your Plans,0.6842322746480589,She's The Sun,0.7032499873591423,Stay Too Long,0.6988777445436104,Don't Change Your Plans,0.6971662373840478
504,TRORKSH128F9320C21,SOOLUCH12A6310E8B5,ARAZCWP129462A97F1,Bob Marley & The Wailers,Black Progress,reggae,Interlude 5,2085.0,B-Boy Bouillabaisse: A.W.O.L. (2009 Digital Remaster),1651.0,I'm A Winner (Amended Album Version),1446.0,Interlude 5,2.291149999999997,B-Boy Bouillabaisse: A.W.O.L. (2009 Digital Remaster),1.8002390624999984,I Want You,1.6329421875000025,Bags,0.6140784101656401,Slowes' Comb/The May 4th Movement starring Doodlebug,0.5185035338156913,Big Black Cadillac Blues,0.5171071863486362,Bags,0.619534727222212,Slowes' Comb/The May 4th Movement starring Doodlebug,0.5395077534562611,Big Black Cadillac Blues,0.5385160672422936
505,TRGEMSN128E07944A8,SOKCEXR12A6701C3EB,ARAZCWP129462A97F1,Bob Marley & The Wailers,Reggae On Broadway,reggae,It's A Party,5402.0,B-Boy Bouillabaisse: A.W.O.L. (2009 Digital Remaster),4712.0,Interlude 5,4479.0,It's A Party,6.5081749999999685,B-Boy Bouillabaisse: A.W.O.L. (2009 Digital Remaster),5.443762499999996,Radar,5.243412500000006,Näin minä vihellän matkallani,0.6513221040544236,Groove Is On,0.6454777638179547,Love You Till Friday,0.6084977110164363,Groove Is On,0.6518492981410509,Näin minä vihellän matkallani,0.651080807036413,There's A Rugged Road,0.6160108581287157
506,TRQMVYN128F4250E38,SOPYZTH12A8C135090,ARAZCWP129462A97F1,Bob Marley,Rebels Hop,reggae,Interlude 5,1908.0,I'm A Winner (Amended Album Version),1729.0,B-Boy Bouillabaisse: A.W.O.L. (2009 Digital Remaster),1718.0,Interlude 5,2.1228000000000007,I'm A Winner (Amended Album Version),1.9898937500000005,B-Boy Bouillabaisse: A.W.O.L. (2009 Digital Remaster),1.9282281250000022,No Water,0.9932317150001094,A Groovy Kind Of Love (Live),0.6983789577727333,Sweet Misery,0.6807726398067774,No Water,0.9935022053948106,A Groovy Kind Of Love (Live),0.7104038806111893,Sweet Misery,0.6934152566955865
507,TRDJCNG128F9339544,SOKMGXA12A8C1447B6,ARAZCWP129462A97F1,Bob Marley,Stop The Train,reggae,Over It (Acoustic),3033.0,8 Mile,3023.0,B-Boy Bouillabaisse: A.W.O.L. (2009 Digital Remaster),2830.0,Over It (Acoustic),3.662601562500003,8 Mile,3.539242187500004,B-Boy Bouillabaisse: A.W.O.L. (2009 Digital Remaster),3.2201328125000073,Hunter,0.7001736511253702,Slave,0.6830995939417775,Key To The Highway,0.682663107753949,Hunter,0.7053637150042182,Key To The Highway,0.6918250411879877,Slave,0.6886253612165252
508,TRVSWGN12903CB4A44,SOIVBAC12AB0186BFF,ARAZCWP129462A97F1,Bob Marley & The Wailers,This Train,reggae,Mellow My Man,922.0,My Life,772.0,Interlude 5,704.0,Mellow My Man,1.0816671874999981,My Life,0.9190718749999985,Strictly 4 My N.I.G.G.A.Z.,0.7318593750000008,Psychopath,0.47866972395720014,C.O.A.,0.46619372347180865,Ridin Home,0.4647927350523459,Psychopath,0.48546523634969974,Ridin Home,0.4729423261260961,C.O.A.,0.4724215712163083
509,TRNJPBY128F92F621A,SOZQGAL12AB01856DB,ARLSC551187B99C55C,N-Dubz,Defeat You,reggae,I'm A Winner (Amended Album Version),6490.0,B-Boy Bouillabaisse: A.W.O.L. (2009 Digital Remaster),5913.0,I Want You,5877.0,I'm A Winner (Amended Album Version),7.629996874999997,I Want You,7.074904687500001,Everytime I...,6.8567968750000325,Everytime I...,0.7242473250487129,Mury,0.718154057044433,Heroine,0.7051030477731485,Everytime I...,0.729452448407703,Mury,0.7167654147531861,Heroine,0.7140989729480632
510,TRINMBD128F92F6211,SOBUZCT12AB0181786,ARLSC551187B99C55C,N-Dubz,Don't Get Nine,reggae,Interlude 5,13592.0,I'm A Winner (Amended Album Version),12944.0,B-Boy Bouillabaisse: A.W.O.L. (2009 Digital Remaster),10955.0,Interlude 5,15.58010000000001,I'm A Winner (Amended Album Version),15.258584375000003,I Want You,12.873073437499995,Don't Let It Get To You (Album Version),0.7496244722214015,Dont Cry,0.7258242354494207,Graduation Day,0.7124664958601559,Don't Let It Get To You (Album Version),0.7561976194626711,Dont Cry,0.7335861472286953,Graduation Day,0.724341901952453
511,TRRKBRB128EF35E2DA,SOPZQDB12A6D4F5D62,ARLSC551187B99C55C,N-Dubz,Feva Las Vegas,reggae,Interlude 5,7573.0,B-Boy Bouillabaisse: A.W.O.L. (2009 Digital Remaster),6842.0,8 Mile,6239.0,Interlude 5,8.196650000000005,B-Boy Bouillabaisse: A.W.O.L. (2009 Digital Remaster),7.490762499999997,8 Mile,6.997487499999994,Concerto,0.6261593382475508,Soopaman Luva 3,0.6206495616082973,Claimin' True,0.6157933721988796,Concerto,0.6515055361527528,Soopaman Luva 3,0.6456009807566715,Claimin' True,0.6397067808543373
512,TRYPJXU128F92F621C,SOQPAPP12AB01856E3,ARLSC551187B99C55C,N-Dubz,Secrets,reggae,Interlude 5,6656.0,B-Boy Bouillabaisse: A.W.O.L. (2009 Digital Remaster),6212.0,I'm A Winner (Amended Album Version),5848.0,Interlude 5,7.347099999999997,B-Boy Bouillabaisse: A.W.O.L. (2009 Digital Remaster),6.951385937500001,I'm A Winner (Amended Album Version),6.674178125000003,Club Megamix,0.7971921479900799,Freezin In The Cold,0.7869389038693271,Book Of Life,0.7840532615903852,Club Megamix,0.8103825781285219,Freezin In The Cold,0.7988456064628982,Keep Moving,0.7965843346099727
513,TRGNBCC128F92F6218,SOYFJUA12AB01856D2,ARLSC551187B99C55C,N-Dubz,Work Work,reggae,Interlude 5,11505.0,I'm A Winner (Amended Album Version),10897.0,B-Boy Bouillabaisse: A.W.O.L. (2009 Digital Remaster),9802.0,Interlude 5,12.946049999999993,I'm A Winner (Amended Album Version),12.68329999999999,I Want You,11.336275000000022,Breakin Me,0.7502120823191661,Seven Seas,0.7500306017156659,Hook,0.7474030462516723,Breakin Me,0.7639274271923284,Hook,0.7608740278481594,Call On Me,0.7571903437041304
514,TRDNAVT128F428A246,SOSCPLZ12A8C1394B1,ARD2NDU1187B99B615,Dropkick Murphys,Good Rats (Live),reggae,Interlude 5,2195.0,Man In The Mirror,1431.0,B-Boy Bouillabaisse: A.W.O.L. (2009 Digital Remaster),1338.0,Interlude 5,2.426349999999999,Man In The Mirror,1.5166312500000005,B-Boy Bouillabaisse: A.W.O.L. (2009 Digital Remaster),1.407065625000001,That's How Country Boys Roll,0.6411415645622961,The Molly Maguires,0.6274481189109155,Sporting Day,0.6110769113532819,That's How Country Boys Roll,0.657535505639407,The Molly Maguires,0.6432944513954494,Plain Clothes,0.6290135716103537
515,TRRHCOS128F4248193,SOCUAWC12A8C1310A4,ARPK4HR1187B9A289D,Tito El Bambino,Sol_ Playa Y Arena,reggae,Dale tiempo al rumor,2235.0,Move On,2188.0,Horse With No Name,2053.0,Dale tiempo al rumor,2.6939343750000058,Move On,2.654478125000013,Horse With No Name,2.4937999999999994,La Aristocracia del Barrio,0.8407372078535325,El Arado,0.8081005909476532,La Carencia,0.8007069914688724,La Aristocracia del Barrio,0.8433432581377369,El Arado,0.8110985297468967,La Carencia,0.8038636516652001
516,TRFGOUF128F9348838,SONUORR12AB018724D,AR1WWVL1187B9B0306,UB40,I Don't Want To See You Cry,reggae,Interlude 5,3817.0,My Darling,3186.0,B-Boy Bouillabaisse: A.W.O.L. (2009 Digital Remaster),3168.0,Interlude 5,4.3296499999999964,My Darling,3.7122000000000064,I'm A Winner (Amended Album Version),3.6588999999999925,Dont Cry,0.7844586000403325,Give Me All Your Love,0.755925390420181,Not Your Baby,0.7559251374551811,Dont Cry,0.790234069658965,Give Me All Your Love,0.7687326152611303,Not Your Baby,0.7672056400262521
517,TRQLICG12903CBFAFD,SOGXHTF12A58A7C7E8,AR1WWVL1187B9B0306,UB40,Come Back Darling,reggae,Interlude 5,2963.0,I'm A Winner (Amended Album Version),2877.0,My Darling,2360.0,Interlude 5,3.395549999999996,I'm A Winner (Amended Album Version),3.3948312500000037,Hold Me Down (Album Version),2.7672062500000028,Waiting For The Day,0.6630457035563422,I Need You,0.6400796051958825,Your Love Made A U Turn,0.6002708588769855,Waiting For The Day,0.6728692587949101,I Need You,0.6513328013771283,Your Love Made A U Turn,0.612880444924604
518,TREKDZI128F146A972,SOLFMIZ12A6D4F8330,AR1WWVL1187B9B0306,UB40,Here I Am (Come And Take Me),reggae,Interlude 5,5488.0,Hold Me Down (Album Version),4568.0,That's What You Told Me,4255.0,Interlude 5,6.285000000000017,Hold Me Down (Album Version),5.443593750000015,That's What You Told Me,5.098437499999995,Girls,0.7749381286509357,Comfort,0.7547833925241773,Come Take Me Over,0.7467897125708021,Girls,0.7854551562363201,Comfort,0.7626239386627091,Come Take Me Over,0.7564987115415288
519,TRJDXEG128E07820DB,SOZPNNF12A6310D8B1,AR1WWVL1187B9B0306,UB40,Light My Fire,reggae,Interlude 5,2535.0,It's A Party,2189.0,Radar,2163.0,Interlude 5,2.793850000000002,Radar,2.585829687500003,It's A Party,2.564590624999996,Love You Till Friday,0.5781496230505548,Radar,0.5442338990806728,Don't You Know,0.5363306454262238,Love You Till Friday,0.5880806944021267,Radar,0.554978867028928,Don't You Know,0.551834497937665
520,TRKHYKB128E0789D42,SOHQEMS12A6701C57C,ARJ7KF01187B98D717,Coldplay,Til Kingdom Come,rock,Interlude 5,4973.0,I'm A Winner (Amended Album Version),3977.0,B-Boy Bouillabaisse: A.W.O.L. (2009 Digital Remaster),3941.0,Interlude 5,5.740149999999999,I'm A Winner (Amended Album Version),4.6601031250000045,B-Boy Bouillabaisse: A.W.O.L. (2009 Digital Remaster),4.528098437499989,Meditation,0.7687885790695786,Hidden,0.7633050817286158,Seven Seas,0.7476250590722759,Meditation,0.7784636791500714,Hidden,0.77258069039817,Seven Seas,0.754821056135441
521,TRDVELE128F932810A,SOIHOTW12A8C142198,AR91C8S1187B990901,Bruce Springsteen,Brothers Under The Bridges ('83),rock,Interlude 5,2450.0,B-Boy Bouillabaisse: A.W.O.L. (2009 Digital Remaster),2066.0,Otha Fish,1452.0,Interlude 5,2.6232000000000024,B-Boy Bouillabaisse: A.W.O.L. (2009 Digital Remaster),2.2151234375000035,Otha Fish,1.586695312499998,Daddy Sang Bass,0.5874314502412158,Immortal Chant,0.5768284997622584,The Battle Of New Orleans,0.569672046926905,Daddy Sang Bass,0.6116343519536278,Immortal Chant,0.5962167831877467,Last Night,0.5930172769734592
522,TRCONIY128F932A7DA,SOEFSBZ12A8C1359C4,AR91C8S1187B990901,Bruce Springsteen,The Big Payback,rock,Interlude 5,5271.0,B-Boy Bouillabaisse: A.W.O.L. (2009 Digital Remaster),4785.0,I'm A Winner (Amended Album Version),3872.0,Interlude 5,6.1103499999999995,B-Boy Bouillabaisse: A.W.O.L. (2009 Digital Remaster),5.581174999999998,8 Mile,4.533075000000007,B-Boy Bouillabaisse: A.W.O.L. (2009 Digital Remaster),0.7940886101353698,Lifestylez Ov Da Poor & Dangerous,0.7930863502053501,It's Like That,0.7895522928983689,B-Boy Bouillabaisse: A.W.O.L. (2009 Digital Remaster),0.8014098433669898,Lifestylez Ov Da Poor & Dangerous,0.8009351075131131,It's Like That,0.7979321421748253
523,TRWULBB128F42670A3,SOFVHKR12A8C1325B4,AR91C8S1187B990901,Bruce Springsteen,The Ties That Bind,rock,Interlude 5,4341.0,I'm A Winner (Amended Album Version),3105.0,My Darling,2922.0,Interlude 5,5.026050000000001,I'm A Winner (Amended Album Version),3.6197062499999957,My Darling,3.407540625,Angelina,0.7862940916696445,It's Only Your Life,0.7722330839792214,"You Are The Universe (Roger's Universal 7"" Edit)",0.7555951466084015,Angelina,0.7944302817928415,It's Only Your Life,0.7804209889691062,That Smell,0.7612256605901778
524,TROQFYY128F429DBA0,SOBNUTR12A8C140BE8,ARVG4OK1187B9B6BD3,The Killers,Sam's Town,rock,Interlude 5,4587.0,B-Boy Bouillabaisse: A.W.O.L. (2009 Digital Remaster),4306.0,8 Mile,3493.0,Interlude 5,5.197849999999996,B-Boy Bouillabaisse: A.W.O.L. (2009 Digital Remaster),4.9343390624999985,Splurge,4.086892187499996,B-Boy Bouillabaisse: A.W.O.L. (2009 Digital Remaster),0.809480699347319,Book Of Life,0.7887055838920036,Act A Fool,0.7885233865746215,B-Boy Bouillabaisse: A.W.O.L. (2009 Digital Remaster),0.8217607082764979,Act A Fool,0.8015094165955842,Book Of Life,0.7984623757492492
525,TRHFADH128F92E2BE3,SOKCLGX12A67ADD6BF,ARR3ONV1187B9A2F59,Muse,Pink Ego Box,rock,Interlude 5,2509.0,I'm A Winner (Amended Album Version),2423.0,B-Boy Bouillabaisse: A.W.O.L. (2009 Digital Remaster),2104.0,Interlude 5,2.8855499999999963,I'm A Winner (Amended Album Version),2.8649093749999928,My Darling,2.4227984374999956,Breakin Me,0.7381130538805026,Descending,0.7173080183330126,Blue Monday,0.7087874848982013,Breakin Me,0.7476291582548186,Descending,0.7271239409724597,Blue Monday,0.7173548088939216
526,TROAQBZ128F9326213,SONYKOW12AB01849C9,AR73S4G1187B9A03C2,OneRepublic,Secrets,rock,B-Boy Bouillabaisse: A.W.O.L. (2009 Digital Remaster),4649.0,Interlude 5,4646.0,8 Mile,4144.0,B-Boy Bouillabaisse: A.W.O.L. (2009 Digital Remaster),5.201520312499998,Interlude 5,5.078399999999999,8 Mile,4.719854687499998,House Full Of Riches (LP Version),0.6436484675347802,Johnson City,0.6433441104184384,Hot Sex,0.6415703323555977,Hot Sex,0.6615110333655913,Johnson City,0.6610239550759045,House Full Of Riches (LP Version),0.6587729878647447
527,TRVZCTL128E078F0BE,SOMBDFC12A67FFB370,ARDVZTE1187FB5A0A1,Bon Jovi,Come Back,rock,Interlude 5,5431.0,Do The Bartman,4639.0,My Darling,4343.0,Interlude 5,6.073449999999998,Do The Bartman,5.412915624999985,Baby Come Back,5.120710937500015,This Empty Place,0.7078124941040236,Hit The Road Jack,0.6154120263827049,Waiting For The Day,0.6081778730415748,This Empty Place,0.7176919689742273,Hit The Road Jack,0.627924595508214,Coming Back,0.6207378400836331
528,TRAERPT128F931103E,SODLKUO12A8C13CA35,ARFCUN31187B9AD578,The Rolling Stones,Time Is On My Side,rock,Interlude 5,5512.0,B-Boy Bouillabaisse: A.W.O.L. (2009 Digital Remaster),4177.0,I'm A Winner (Amended Album Version),4150.0,Interlude 5,6.255200000000001,I'm A Winner (Amended Album Version),4.772637500000007,B-Boy Bouillabaisse: A.W.O.L. (2009 Digital Remaster),4.690381250000002,Bump,0.6174952333359095,Sunny Road,0.6082963913390294,My Time,0.6046994239029897,Bump,0.6317245601863423,Sunny Road,0.6220350993992969,My Time,0.6179537643526559
529,TRQXTQT128E0781DA7,SOOPTNE12A58A7A9C2,ARFCUN31187B9AD578,The Rolling Stones,Fight (1994 Digital Remaster),rock,I'm A Winner (Amended Album Version),2633.0,B-Boy Bouillabaisse: A.W.O.L. (2009 Digital Remaster),2473.0,Interlude 5,2374.0,I'm A Winner (Amended Album Version),3.0056562499999946,B-Boy Bouillabaisse: A.W.O.L. (2009 Digital Remaster),2.7257968749999986,Don't Get Nine,2.5717656250000034,Let's Get Crazy,0.5751465587010598,Boom Boom Guetta,0.5719654414363802,Knowledge Of Self,0.5457789755293403,Let's Get Crazy,0.5869260451657785,Boom Boom Guetta,0.5821427032702406,Knowledge Of Self,0.5641824284529502
530,TRAUYZG12903CDA4E9,SOFZXTF12AB018D64B,ARDVZTE1187FB5A0A1,Bon Jovi,This Ain't A Love Song,rock,Interlude 5,7508.0,B-Boy Bouillabaisse: A.W.O.L. (2009 Digital Remaster),6756.0,I'm A Winner (Amended Album Version),6284.0,Interlude 5,8.566200000000004,B-Boy Bouillabaisse: A.W.O.L. (2009 Digital Remaster),7.760256249999995,I'm A Winner (Amended Album Version),7.319887499999993,I Think I Love You,0.8051857329093748,Waiting For The Day,0.7887029984013666,Hot Sex,0.7808211700212886,I Think I Love You,0.811090689424452,Waiting For The Day,0.7967035442383458,Hot Sex,0.7912724714500076
531,TRGESLP12903CE31C8,SORXQLX12AB018DCD0,ARDVZTE1187FB5A0A1,Bon Jovi,Superman Tonight,rock,Interlude 5,6716.0,I'm A Winner (Amended Album Version),6492.0,My Darling,4885.0,Interlude 5,7.762500000000018,I'm A Winner (Amended Album Version),7.701640625000007,I Want You,5.825039062500021,Angelina,0.7441227098427269,Revenge,0.7378428684441032,I Care,0.7168699987176285,Angelina,0.7536153983852064,Revenge,0.7473253085125915,I Care,0.7251740232902367
532,TRPAYRK128E0792986,SOINXHP12AF729AF64,ARM7EDF1187B9B3FA1,Guns N' Roses,Bad Obsession,rock,Interlude 5,4959.0,Ice Is Workin' It,4298.0,Touch It / Technologic,4243.0,Interlude 5,5.603049999999993,Ice Is Workin' It,5.0908375000000134,Touch It / Technologic,5.068626562499988,It's De-Lovely,0.6857242031990217,I Know You Got Soul,0.6686499151381723,Complicated,0.6685804719017604,It's De-Lovely,0.6938261070099185,I Know You Got Soul,0.6816632591373338,Complicated,0.6806678579502222
533,TRKMXIA128F4299423,SOEOSFP12A8C137912,ARULZ741187B9AD2EF,Elvis Presley,Anything That's Part Of You,rock,Interlude 5,2391.0,I'm A Winner (Amended Album Version),2099.0,I Want You,1814.0,Interlude 5,2.7748500000000025,I'm A Winner (Amended Album Version),2.4839593749999964,I Want You,2.1888859375000034,All Of Me,0.7463857887001771,I Try,0.7363996244341084,Even So,0.7299466100960991,All Of Me,0.7539599172690951,I Try,0.7443406805485832,Even So,0.7396256980430455
534,TRTQRHY128F4241AFD,SORQYLM12A8C132BCF,ARCVKG01187B9B3273,Flyleaf,So I Thought,rock,Interlude 5,5229.0,B-Boy Bouillabaisse: A.W.O.L. (2009 Digital Remaster),4046.0,Splurge,3444.0,Interlude 5,5.906049999999996,B-Boy Bouillabaisse: A.W.O.L. (2009 Digital Remaster),4.530478124999993,Splurge,3.9911843749999907,The Irony Of It All (Album Version),0.6785511036899006,Runaway,0.6678015224582282,Gold,0.6651327804910232,The Irony Of It All (Album Version),0.6995095732471781,Gold,0.6827983773603467,Runaway,0.6821591001210576
535,TRXIEYZ128E078891B,SOQQWFI12A67020F95,ARN5NHX1187FB4F755,The Smashing Pumpkins,You're All I've Got Tonight,rock,Interlude 5,4719.0,I'm A Winner (Amended Album Version),4640.0,I Want You,4321.0,I'm A Winner (Amended Album Version),5.5760343750000025,Interlude 5,5.556049999999998,I Want You,5.275298437499983,Flowerstand Man,0.7903152019747635,Dont Cry,0.7866418999556795,Don't Need The Sun To Shine (To Make Me Smile),0.7833835714390904,Flowerstand Man,0.7947222995250784,Dont Cry,0.7910766026911562,Don't Need The Sun To Shine (To Make Me Smile),0.7877065265735056
536,TRTGMIX128EF35E2B9,SOBEQEO12A6D4F6589,ARVN9FZ1187FB393F1,Snow Patrol,Signal Fire,rock,Interlude 5,4296.0,Hold Me Down (Album Version),3898.0,I'm A Winner (Amended Album Version),3534.0,Interlude 5,4.903100000000003,Hold Me Down (Album Version),4.656178124999987,I'm A Winner (Amended Album Version),4.112365625000006,Kid Gloves,0.7561324751613733,There You Are,0.6880967283036843,Eradicate Authority,0.6832185460613147,Kid Gloves,0.7653227497600648,There You Are,0.7006864206843921,Eradicate Authority,0.6970056264866659
537,TRHPKWO128F92E01D5,SOSRIAT12AB017A92E,ARVN9FZ1187FB393F1,Snow Patrol,The Lightning Strike,rock,Interlude 5,9419.0,B-Boy Bouillabaisse: A.W.O.L. (2009 Digital Remaster),6572.0,I'm A Winner (Amended Album Version),6061.0,Interlude 5,10.77325000000001,B-Boy Bouillabaisse: A.W.O.L. (2009 Digital Remaster),7.378304687499998,I'm A Winner (Amended Album Version),6.9223906250000065,Gold,0.793364556808369,Closer To You,0.792145001387714,ATLiens,0.7825338473631409,Closer To You,0.8061828556434271,Gold,0.804429407966123,ATLiens,0.7972870340363347
538,TRDMUWU128E078EDDB,SOSXSMM12B0B808B45,ARH3S5S1187FB4F76B,Nirvana,Dumb,rock,8 Mile,5761.0,Everytime I...,5532.0,Over It (Acoustic),5293.0,8 Mile,6.928356250000011,Everytime I...,6.782812500000035,Over It (Acoustic),6.469668750000003,Slave,0.8522499273895701,Hunter,0.8177266369576545,Liquid,0.8149460905084925,Slave,0.854320402942529,Hunter,0.8202833315542979,Liquid,0.8176680877007546
539,TRXEAZB128E078EDCE,SOCUARC12A6701E94D,ARH3S5S1187FB4F76B,Nirvana,Something In The Way,rock,B-Boy Bouillabaisse: A.W.O.L. (2009 Digital Remaster),1654.0,Otha Fish,1620.0,Interlude 5,1569.0,Otha Fish,1.8947109375000089,B-Boy Bouillabaisse: A.W.O.L. (2009 Digital Remaster),1.8578453125000012,Interlude 5,1.7105499999999947,1-2-8,0.5351227047975461,I Live In A Suitcase,0.4937410124053543,Something In The Air Between Us,0.4919137624436672,1-2-8,0.5449923084908624,Something In The Air Between Us,0.5030027606581198,I Live In A Suitcase,0.502848558997199
540,TRLKNKC128F42BC213,SOBDDMF12A8C142F73,ART3U3E1187B99B1B8,Switchfoot,Oh! Gravity.,rock,Move On,3476.0,Horse With No Name,3220.0,Touch It / Technologic,1979.0,Move On,4.2261343750000036,Horse With No Name,3.918049999999992,Touch It / Technologic,2.3048968749999976,Tu Vas Me Manquer,0.5864573265323658,This Is A Low,0.5384004064993906,Horse With No Name,0.5378811808018196,Tu Vas Me Manquer,0.5984292252518563,Dear Heart,0.5492418123628318,This Is A Low,0.5465566391201769
541,TRVQBRZ128F423EEDC,SOLTQZY12A8C13262F,AR8V1WA1187B9AD9E9,The White Stripes,Hotel Yorba,rock,Interlude 5,3474.0,B-Boy Bouillabaisse: A.W.O.L. (2009 Digital Remaster),3262.0,I'm A Winner (Amended Album Version),2985.0,Interlude 5,3.9170000000000043,B-Boy Bouillabaisse: A.W.O.L. (2009 Digital Remaster),3.7216640625000035,I'm A Winner (Amended Album Version),3.453171874999997,Preachin' To The Choir,0.7582330870357527,Rabbit Run,0.7562221914571867,It's Like That,0.7549613622930053,Preachin' To The Choir,0.7702018377557985,Rabbit Run,0.7697022889326173,Claimin' True,0.7676113742511766
542,TRBNXZS12903D0A686,SOECMVP12AB018584E,AR8V1WA1187B9AD9E9,The White Stripes,Prickly Thorn_ But Sweetly Worn (Live),rock,Cut And Run,2005.0,Yakamonéyé,2000.0,Sans Rémission,1840.0,Cut And Run,2.4399874999999986,Yakamonéyé,2.4081624999999995,Givin' Up (Clean Version),2.2588562499999942,Dame De Lotus,0.6943300423565859,Newgrange,0.6163463101539731,Cachos De Vaca,0.6132659532173864,Dame De Lotus,0.696014386308457,Newgrange,0.6197551352362225,Cachos De Vaca,0.6164114922991636
543,TRGGBKA128F428E461,SOUOWLT12B0B8090EE,AR8V1WA1187B9AD9E9,The White Stripes,St. Andrew (This Battle Is In The Air),rock,B-Boy Bouillabaisse: A.W.O.L. (2009 Digital Remaster),1264.0,I Mean (I Don't Mean It),1222.0,8 Mile,1219.0,I Mean (I Don't Mean It),1.4720140625000047,B-Boy Bouillabaisse: A.W.O.L. (2009 Digital Remaster),1.4703640624999996,8 Mile,1.4410109375000002,I Don't Know Where I'm Bound,0.7244140790479018,Flowers On The Wall,0.7160973949141407,Soobax,0.7079455354299251,I Don't Know Where I'm Bound,0.7305466957501099,Flowers On The Wall,0.7234409976117012,Soobax,0.7154168297111289
544,TRICQHX128F93269FC,SOCBJHG12AB018221C,ARHWR8B1187FB557D3,The Decemberists,I Was Meant For the Stage,rock,Interlude 5,3248.0,B-Boy Bouillabaisse: A.W.O.L. (2009 Digital Remaster),2799.0,My Darling,2409.0,Interlude 5,3.710400000000003,B-Boy Bouillabaisse: A.W.O.L. (2009 Digital Remaster),3.2063875,My Darling,2.7972624999999978,Unsung Songs,0.6778851728936686,Snoopafella (Edited),0.6746302422568419,Overcome,0.6597597266398618,Unsung Songs,0.6896120792620495,Snoopafella (Edited),0.68744313583429,Overcome,0.6718526262720028
545,TRAFWEV128F428D391,SOLUABP12AF72A2CD2,ARQRQRA12131B4B5A8,Cake,Alpha Beta Parking Lot,rock,Go Cat Go,1168.0,Here We Go,932.0,Watching ME,909.0,Go Cat Go,1.3925750000000077,Here We Go,1.101925,Watching ME,1.0764374999999997,When The Shades Go Down,0.4937935301576618,Down In The Alley,0.405940796264323,Going Down Town Tonight,0.39739920272899315,When The Shades Go Down,0.5072720027291517,Down In The Alley,0.42177577027464075,Going Down Town Tonight,0.41322160742060193
546,TRJRIBM128E0788E18,SODMWLI12AF72A4B62,ARN5NHX1187FB4F755,The Smashing Pumpkins,An Ode To No One,rock,Interlude 5,5496.0,I'm A Winner (Amended Album Version),4564.0,B-Boy Bouillabaisse: A.W.O.L. (2009 Digital Remaster),4194.0,Interlude 5,6.3915999999999995,I'm A Winner (Amended Album Version),5.392349999999991,B-Boy Bouillabaisse: A.W.O.L. (2009 Digital Remaster),4.842424999999999,Hook,0.7951978809961534,Club Megamix,0.7723695528503003,My Darling,0.7670884585037303,Hook,0.8039964189580877,Club Megamix,0.7826352889810418,My Darling,0.7773461322803495
547,TRIVTJA128F92C1E80,SOITHUR12D021B2253,AR4EQ231187B99368F,The Fray,Over My Head (Cable Car),rock,B-Boy Bouillabaisse: A.W.O.L. (2009 Digital Remaster),5072.0,Interlude 5,4981.0,8 Mile,3802.0,B-Boy Bouillabaisse: A.W.O.L. (2009 Digital Remaster),5.772585937499998,Interlude 5,5.54775,Over It (Acoustic),4.4724921875000065,Baby Phife's Return,0.6687672182264244,Over My Head,0.6666687317476206,Impact,0.6627895203521751,Baby Phife's Return,0.6872381079484433,Impact,0.6811183880332392,B-Boy Bouillabaisse: A.W.O.L. (2009 Digital Remaster),0.6807915148652416
548,TRFLRXQ128F4280CCC,SOSUBHV12AF72A4220,ARNBMT71187B993523,Interpol,No I In Threesome,rock,Interlude 5,3523.0,B-Boy Bouillabaisse: A.W.O.L. (2009 Digital Remaster),2279.0,Otha Fish,1809.0,Interlude 5,3.934549999999997,B-Boy Bouillabaisse: A.W.O.L. (2009 Digital Remaster),2.4563687499999993,Otha Fish,2.0174062500000014,Time & Space (A New Refutation Of),0.6741674511813387,Virtual Insanity,0.6125324352026259,I'm On The Mic,0.6025781309495474,Time & Space (A New Refutation Of),0.6941691458972855,Virtual Insanity,0.6360508790162288,I'm On The Mic,0.6276982836863315
549,TRYBPGK128F4255BE3,SOMZRXL12A81C224B9,ARNBMT71187B993523,Interpol,Pace Is The Trick,rock,Interlude 5,7670.0,I'm A Winner (Amended Album Version),6745.0,I Want You,6282.0,Interlude 5,9.079200000000004,I'm A Winner (Amended Album Version),8.099059374999984,I Want You,7.665685937499992,Get Sick Soon,0.8149429309249496,I Will Survive,0.8147521904392804,I Still Love You,0.8128360576799002,Get Sick Soon,0.8193274341404784,I Will Survive,0.8188116606805397,I Still Love You,0.817231008371945
550,TRGXNCJ128F425FB1C,SOMUPLQ12A8C137A19,ARD4C1I1187FB4B0C3,Pink Floyd,Embryo,rock,B-Boy Bouillabaisse: A.W.O.L. (2009 Digital Remaster),570.0,8 Mile,522.0,Mellow My Man,477.0,B-Boy Bouillabaisse: A.W.O.L. (2009 Digital Remaster),0.65095,8 Mile,0.6060499999999994,Mellow My Man,0.5633999999999997,a piece of my heart,0.633871215339543,Life Is Real,0.5800623891708393,Pain,0.5638325778010528,a piece of my heart,0.644044563029919,Life Is Real,0.5921780421560326,Pain,0.5784299846612481
551,TRFNRGN128E0791E0E,SOWIUZN12AF72A8206,AROAILX1187FB3F858,Buckcherry,Borderline,rock,Interlude 5,4443.0,I'm A Winner (Amended Album Version),3252.0,B-Boy Bouillabaisse: A.W.O.L. (2009 Digital Remaster),3012.0,Interlude 5,5.066150000000004,I'm A Winner (Amended Album Version),3.7463375,B-Boy Bouillabaisse: A.W.O.L. (2009 Digital Remaster),3.357231249999998,Bang A Gong/Funtime (Live),0.6322931374034703,Slow Dancin',0.6298289238099657,Driving With The Brakes On,0.6125180453386321,Slow Dancin',0.6478263358315635,Bang A Gong/Funtime (Live),0.6445612454740545,Driving With The Brakes On,0.6304138813128498
552,TROLTZX128E0791C1A,SOJMWLO12CF5CFD711,ARK9TRQ1187B99C095,Nine Inch Nails,March Of The Pigs,rock,Interlude 5,3227.0,Touch It / Technologic,3205.0,Ice Is Workin' It,3145.0,Touch It / Technologic,3.855553124999998,Ice Is Workin' It,3.750724999999999,Interlude 5,3.651950000000003,I Want It All,0.805293245484375,Givin' It Up,0.7126312415649338,The Workout,0.7124165491346266,I Want It All,0.8101077396977312,The Workout,0.721850688965359,Givin' It Up,0.7214450813240924
553,TRJZZCN128E07938C5,SOCKPDE12A8C142F18,ARK9TRQ1187B99C095,Nine Inch Nails,Burn,rock,Interlude 5,7001.0,I'm A Winner (Amended Album Version),6435.0,I Want You,5628.0,Interlude 5,8.118750000000022,I'm A Winner (Amended Album Version),7.6303906250000075,I Want You,6.802539062500021,Iodine,0.6843978869992677,The Awakening,0.6730086350221878,Beyond Salvation,0.6698055118746654,Iodine,0.6934422098783025,The Awakening,0.6826999556404979,The Biggest Part Of Me,0.6781740625850733
554,TRCZLLQ128E0792778,SOQQTFV12A6701C5F6,ARK9TRQ1187B99C095,Nine Inch Nails,Something I Can Never Have,rock,Interlude 5,5843.0,I'm A Winner (Amended Album Version),5555.0,I Want You,4630.0,Interlude 5,6.728750000000015,I'm A Winner (Amended Album Version),6.567968750000015,I Want You,5.576171875000013,Pervert,0.709719287932455,Rabbit Run,0.701929130077862,Overcome,0.6954959771667003,Pervert,0.7191572913316754,Rabbit Run,0.7142202978242902,Descending,0.7064460518795056
555,TRUIAKW128F428C787,SOKFHMY12A8C13EB40,AR16GSC1187B9A6291,Eagles,It's Your World Now,rock,Interlude 5,2221.0,B-Boy Bouillabaisse: A.W.O.L. (2009 Digital Remaster),1948.0,Ice Is Workin' It,1874.0,Interlude 5,2.396749999999999,Ice Is Workin' It,2.1630624999999997,B-Boy Bouillabaisse: A.W.O.L. (2009 Digital Remaster),2.117632812499998,It's Your World,0.6498008704708494,Trans DF Express,0.6334212423742762,Physical Stamina,0.6295670587096429,It's Your World,0.6596681150755037,Trans DF Express,0.6553116452402609,Physical Stamina,0.6538628246021678
556,TRCRHFK128F427FD8F,SOLBZDL12CF5F88BE5,AR5FP401187FB523C9,Bob Dylan,Something There Is About You,rock,Interlude 5,3707.0,B-Boy Bouillabaisse: A.W.O.L. (2009 Digital Remaster),2735.0,I'm A Winner (Amended Album Version),2468.0,Interlude 5,4.274949999999997,B-Boy Bouillabaisse: A.W.O.L. (2009 Digital Remaster),3.118693750000002,I'm A Winner (Amended Album Version),2.850512499999999,Closer To You,0.7436169401991422,Numbers,0.7301753979225902,Rebirth,0.7241281034684468,Closer To You,0.7577498803644956,Numbers,0.7458850623957862,Rebirth,0.7401553649414182
557,TRMOUUU128F14ADE16,SOJFEHH12A6BD546BE,ART1UFU1187FB4C9B6,Hawk Nelson,From Underneath,rock,Interlude 5,5271.0,I'm A Winner (Amended Album Version),4153.0,B-Boy Bouillabaisse: A.W.O.L. (2009 Digital Remaster),3679.0,Interlude 5,6.14485,I'm A Winner (Amended Album Version),4.901146874999994,I Want You,4.339354687499994,Revenge,0.8009023141441436,I Try,0.7904405219413371,Even So,0.7879518207730559,Revenge,0.8082816309693984,I Try,0.7967210771082904,Even So,0.796042228096731
558,TRCURQD128F427C75B,SORFOFF12A8C13B65E,ART1UFU1187FB4C9B6,Hawk Nelson,Turn It On,rock,Touch It / Technologic,5163.0,Ice Is Workin' It,4137.0,Interlude 5,3732.0,Touch It / Technologic,6.200470312500006,Ice Is Workin' It,4.867837500000006,It's A Party,4.333678125000009,Still On It,0.6198809405616629,Soon Forward,0.6097171299105187,Touch It / Technologic,0.6068337736836125,Still On It,0.628830735698054,Soon Forward,0.6196653660624779,Touch It / Technologic,0.6156384251057921
559,TRRKJGZ128F148128F,SOAQCXS12D02191FC1,ART1UFU1187FB4C9B6,Hawk Nelson,Something On My Mind,rock,Interlude 5,5348.0,B-Boy Bouillabaisse: A.W.O.L. (2009 Digital Remaster),5240.0,8 Mile,4451.0,Interlude 5,5.978899999999999,B-Boy Bouillabaisse: A.W.O.L. (2009 Digital Remaster),5.959504687500007,8 Mile,5.118120312499988,Add It Up,0.6941411320429058,Strictly 4 My N.I.G.G.A.Z.,0.692421549983493,Valentine,0.6825666352358468,Add It Up,0.7084196530693658,Strictly 4 My N.I.G.G.A.Z.,0.7072370898212105,Battery,0.6977719503390314
